codAviz,tipAviz,numeTipAviz,lat,lng,idDepozit,nrIdentificare,nrApv,provenienta,hasFinishedTransport,emitent_denumire,emitent_cui,transportator_denumire,transportator_cui,transportator_tip,beneficiar_tip,destinatar_tip,valabilitate_emitere,valabilitate_finalizare,volum_total,tipMarfa,angajat,remorca,identificatorContainer,num_poze,timestamp_scraped
AP26001501004301072304141329,1,Locul Recoltării,46.630964,25.508815,876463,HR42KER,2500150107710,2500150107710 - 01344 COMPOSESORATUL SUSENI,False,OCOLUL SILVIC PARTICULAR GHEORGHENI,13921236,Iker S.R.L.,12996761,SUMAL,JURIDICA,JURIDICA,1776162597118,1776227397118,43.0257,,,,,0,2026-04-14T17:34:10.832514
AP26005791002700702404141329,1,Locul Recoltării,45.951854,25.659813,865675,CT27GNT,2500142802560,2500142802560 - 1290-Sotetarok oldala,False,NEGREA TRANSCOM SRL,9737090,Gabi Nicol Trans S.R.L.,23041549,SUMAL,JURIDICA,JURIDICA,1776162586560,1776335386560,27.44923,,,,,0,2026-04-14T17:34:15.126727
DC26001564000102573604141329,2,Depozit,44.576844,27.388662,6250,IL14ADG,,Depozit Obor Slobozia,False,SC ROSINIC PROD SRL,19003466,TRANS ADY TRANSPORT S.R.L.,42415348,SUMAL,FIZICA,FIZICA,1776162583410,1776184183410,1.6844,,,,,0,2026-04-14T17:34:16.264447
DC26007825000407817504141329,2,Depozit,44.369235,28.450518,14437,CT16ZCS,,Zah Cosmy Sergiu M. Kogălniceanu ,False,Zah Cosmy Sergiu S.R.L.,34180046,Zah Cosmy Sergiu S.R.L.,34180046,SUMAL,JURIDICA,JURIDICA,1776162577473,1776198577473,4.0,,,,,0,2026-04-14T17:34:17.680972
DA26002189001002172904141329,2,Depozit,46.352693,25.286644,6036,HR03YPA,,DEPOZIT ULCANI,False,SC IPA COMPANY SRL,8049760,SC IPA COMPANY SRL,8049760,SUMAL,JURIDICA,JURIDICA,1776162576691,1776184176691,10.0525,,,,,0,2026-04-14T17:34:18.773914
DA26007856000102076904141329,2,Depozit,44.557723,27.894236,117,IL135FACAENI,,Fabrica de ladite,False,Silva Forest S.R.L.,14900924,Silva Forest S.R.L.,14900924,SUMAL,JURIDICA,JURIDICA,1776162570597,1776173370597,1.5,,,,,0,2026-04-14T17:34:20.452116
AP26000356000508892504141329,1,Locul Recoltării,44.846917,25.283233,866957,DB59KTL,2500035605850,2500035605850 - 593 AC II BECEA_3,False,OCOLUL SILVIC VALEA MARE -DB,1590120,Constantin Nicolae ,,NONSUMAL,FIZICA,FIZICA,1776162554545,1776184154545,5.9991,,,,,0,2026-04-14T17:34:22.476049
DC26000141000012086604141328,2,Depozit,43.984501,25.361802,720469,TR06FON,,MAGAZIN DEDEMAN ALEXANDRIA,False,SC DEDEMAN SRL,RO 2816464,CARABULEA TUDOREL,,NONSUMAL,FIZICA,FIZICA,1776162539744,1776184139744,0.2376,,,,,0,2026-04-14T17:34:23.849975
DA26001276000202552004141328,2,Depozit,44.682508,25.571859,6890,DB90DNG,,"sat Branistea, nr. 33, str. Principala, com. Branistea, jud. DB.",False,RADU GEORGIAN DĂNUȚ INTREPRINDERE INDIVIDUALĂ,36543709,RADU GEORGIAN DĂNUȚ INTREPRINDERE INDIVIDUALĂ,36543709,SUMAL,FIZICA,FIZICA,1776162536483,1776184136483,2.55643,,,,,0,2026-04-14T17:34:25.914848
DA26011117000412658104141328,2,Depozit,46.555319,25.770037,865473,HR610021,,Asociatia Composesorala Terko,False,Asociatia Composesorala Terko,13255987,Asociatia Composesorala Terko,13255987,SUMAL,FIZICA,FIZICA,1776162519369,1776184119369,4.47678,,,,,0,2026-04-14T17:34:27.100683
AP26001196000302323904141328,1,Locul Recoltării,44.475164,26.275469,867128,AG20WJI,2500119600740,2500119600740 - 317 - Pustnicu Cozieni,False,OCOLUL SILVIC BRĂNEȘTI,1590120,Rebeca stefan,,NONSUMAL,FIZICA,FIZICA,1776162495388,1776335295388,3.0,,,,,0,2026-04-14T17:34:28.164413
DA26000239002200722504141328,2,Depozit,46.015327,23.53785,2890,AB54DLM,,Vintu de Jos,False,SC  DML INVEST  SRL,RO23110878,SC  DML INVEST  SRL,RO23110878,SUMAL,JURIDICA,JURIDICA,1776162494284,1776184094284,22.1,,,,,0,2026-04-14T17:34:29.876683
DA26011591000303513704141328,2,Depozit,43.899376,25.361731000000002,20927,TR30ARO,,Depozit sopro gambo,False,Sopro Gambo S.R.L.,35821980,Sopro Gambo S.R.L.,35821980,SUMAL,JURIDICA,JURIDICA,1776162483855,1776184083855,3.4968,,,,,3,2026-04-14T17:34:32.693565
AP26002598000301426104141327,1,Locul Recoltării,47.13696,22.930123,884564,MESJOS90,2600259800540,2600259800540 - Asociatia Mesesenii de Jos Progr.II ua.28B,False,OCOLUL SILVIC STEJARUL ZALĂU,25724076,Seres Attila,,NONSUMAL,FIZICA,FIZICA,1776162473920,1776184073920,3.65258,,,,,0,2026-04-14T17:34:35.234551
DC26007318000000958704141327,2,Depozit,44.12762,28.600231,265981,CT97LDV,,LDVWOOD 2,False,LDVWOOD.SRL,40709991,LDVWOOD.SRL,40709991,SUMAL,FIZICA,FIZICA,1776162467084,1776169667084,0.2625,,,,,0,2026-04-14T17:34:37.097542
DC26017586000406356604141327,2,Depozit,45.704095,27.729782,376862,GL14LCM,,Depozit 2,False,Lemn Crissmir Wood S.R.L.,44512932,Lemn Crissmir Wood S.R.L.,44512932,SUMAL,FIZICA,FIZICA,1776162460363,1776184060363,4.0,,,,,0,2026-04-14T17:34:42.153064
DC26010049000002604704141327,2,Depozit,44.338571,27.765473,6482,B290CCC,,Depozit BORCEA,False,Codrut Construct S.R.L.,23545341,Codrut Construct S.R.L.,23545341,SUMAL,FIZICA,FIZICA,1776162459967,1776176859967,0.33295,,,,,0,2026-04-14T17:34:43.590591
DA26001777001506152804141327,2,Depozit,45.188647,24.844724,107384,AG50KHE,,ATELIERUL DE PRELUCRARE A LEMNULUI DOMNESTI,False,OCOLUL SILVIC DOMNEȘTI,1590120,AVEMIR ADRY VIO SRL,15760365,SUMAL,JURIDICA,JURIDICA,1776162459629,1776227259629,15.00037,,,,,0,2026-04-14T17:34:44.844072
AP26001428000602985904141327,1,Locul Recoltării,45.951699,25.610142,881380,CV433BELIN,2500142805410,2500142805410 - 1363-Laposcsere teteje,False,OCOLUL SILVIC TĂLIȘOARA,1590120,PALL JANOS,1530929141053,SUMAL,JURIDICA,JURIDICA,1776162441243,1776176841243,6.2,,,,,0,2026-04-14T17:34:46.660347
DC26000141000011578804141326,2,Depozit,45.870481,25.797451,40457,CV79SZJ,,MAGAZIN DEDEMAN SFANTU GHEORGHE,False,SC DEDEMAN SRL,RO 2816464,SZEKELY JANOS,,NONSUMAL,FIZICA,FIZICA,1776162417520,1776184017520,0.3248,,,,,0,2026-04-14T17:34:47.645042
AP26028148000309717904141326,1,Locul Recoltării,45.093528,24.373158,889618,VL21PPR,2600155101310,2600155101310 - Zona Ostroveni Stejarului +Centru,False,Piețe Prest S.A.,27289734,Piețe Prest S.A.,27289734,SUMAL,JURIDICA,JURIDICA,1776162415834,1776169615834,3.86,,,,,0,2026-04-14T17:34:49.594544
AP26001439000301096704141326,1,Locul Recoltării,46.369226,25.388211,832288,HR153SATUMARE,2500143901090,2500143901090 - 823 Ilonka Arpad,False,OCOLUL SILVIC DE REGIM ZETEA,35279375,Olasz Iacob ,,NONSUMAL,FIZICA,FIZICA,1776162395771,1776183995771,3.472,,,,,0,2026-04-14T17:34:51.871779
DC26001864000000428804141326,2,Depozit,44.649666,22.678268,334,MH25UID,,DEPOZIT BLUEMARINE WOOD,False,SC BLUEMARINE WOOD SRL,34026145,URSONIU DOINA,,NONSUMAL,FIZICA,FIZICA,1776162374580,1776169574580,0.16,,,,,0,2026-04-14T17:34:53.381653
DA26001522000401018504141326,2,Depozit,47.480921,23.307243,5127,MM17RTM,,ULMENI str. PETRE DULFU 122,False,OCOLUL SILVIC ULMENI,1590120,RTM FOREST S.R.L.,51542901,SUMAL,FIZICA,FIZICA,1776162372923,1776183972923,4.8346,,,,,6,2026-04-14T17:34:57.191438
AP26001143000401344404141326,1,Locul Recoltării,44.868798,25.745042,833166,BALENI712,2300114300660,2300114300660 - 313 SR Zimbrarie,False,OCOLUL SILVIC BUCȘANI,1590120,dincă marius,,NONSUMAL,FIZICA,FIZICA,1776162367890,1776173167890,4.19478,,,,,0,2026-04-14T17:34:59.455684
DC26000431000102368504141326,2,Depozit,45.563167,21.232088,5738,TM33PAN,,JEBEL,False,SC FANORIA COMPANY SRL,RO-9193657,SC FANORIA COMPANY SRL,RO-9193657,SUMAL,JURIDICA,JURIDICA,1776162363985,1776169563985,1.285,,,,,0,2026-04-14T17:35:00.511777
DC26035511000213426504141325,2,Depozit,44.589079,25.927706,888101,DB10AYY,,ALL.IN GAV CONSTRUCT 02,False,ALL.IN GAV CONSTRUCT 02 SRL,54125542,barboiu george ,,NONSUMAL,FIZICA,FIZICA,1776162351186,1776169551186,2.535,,,,,0,2026-04-14T17:35:01.638803
DC26000141000010047604141325,2,Depozit,44.32964,23.77241,467865,BC86DMN,,MAGAZIN DEDEMAN CRAIOVA 2,False,SC DEDEMAN SRL,RO 2816464,SC DEDEMAN SRL,RO 2816464,SUMAL,FIZICA,FIZICA,1776162349343,1776183949343,0.132,,,,,0,2026-04-14T17:35:04.990515
DC26003609003901699104141325,2,Depozit,45.855445,25.942212,1837,IF18YOR,,HS RECI,False,HS TIMBER PRODUCTIONS RECI SRL,RO35369656,IORGU SRL,12008520,SUMAL,JURIDICA,JURIDICA,1776162336088,1776227136088,39.252372,,,,,3,2026-04-14T17:35:07.269414
AP26000084000401687104141325,1,Locul Recoltării,47.923248,26.292271,806185,BT123LOZNA,2500008405210,2500008405210 - ostafie stelian,False,OCOLUL SILVIC DOROHOI,1590120,drugă Petru ,,NONSUMAL,FIZICA,FIZICA,1776162335407,1776183935407,4.919997,,,,,0,2026-04-14T17:35:08.602250
AP26002598000201435504141325,1,Locul Recoltării,47.163338,22.754821,876411,BOGHIS019,2500259802870,2500259802870 - Asociatia Boghis Autostrada ua.65;67D,False,OCOLUL SILVIC STEJARUL ZALĂU,25724076,SOMOGYI CSONGOR LASZLO,1781117311813,SUMAL,FIZICA,FIZICA,1776162334271,1776183934271,2.8644,,,,,0,2026-04-14T17:35:09.757925
DA26000141000003219604141325,2,Depozit,46.894249,26.423512,1835,NT12PGZ,,MAGAZIN DEDEMAN PIATRA NEAMT,False,SC DEDEMAN SRL,RO 2816464,POSTOLACHE FLORENTIN,,NONSUMAL,FIZICA,FIZICA,1776162332378,1776191132378,0.802018,,,,,0,2026-04-14T17:35:10.865248
DC26007825000307817504141325,2,Depozit,44.369235,28.450518,14437,CT16ZCS,,Zah Cosmy Sergiu M. Kogălniceanu ,False,Zah Cosmy Sergiu S.R.L.,34180046,Zah Cosmy Sergiu S.R.L.,34180046,SUMAL,JURIDICA,JURIDICA,1776162320968,1776198320968,3.8948,,,,,0,2026-04-14T17:35:11.912721
AP26002725000405466104141325,1,Locul Recoltării,46.114007,21.885577,877083,AR77DSR,2500272501300,2500272501300 - 4136-vale Conop,False,R.P.L. OCOLUL SILVIC VALEA MUREȘULUI R.A.,21731216,PFA MOLDOVAN C. STELIAN,27365521,SUMAL,FIZICA,FIZICA,1776162314470,1776169514470,4.01016,,,,,0,2026-04-14T17:35:14.240618
DA26000874000200178304141325,2,Depozit,43.983798,22.946063,7010,DJ81SLG,,CALAFAT,False,S.C. NUSHGAB FOREST S.R.L.,34797743,S.C. NUSHGAB FOREST S.R.L.,34797743,SUMAL,FIZICA,FIZICA,1776162309134,1776169509134,2.9646,,,,,0,2026-04-14T17:35:15.288717
DA26008560000201764804141325,2,Depozit,46.40747000000001,26.461463999999996,2405,BC10DRR,,FAGULUI,False,Dor Invest S.R.L.,7712898,Dor Invest S.R.L.,7712898,SUMAL,FIZICA,FIZICA,1776162307680,1776183907680,2.1,,,,,3,2026-04-14T17:35:17.130973
DA26003113000308493404141325,2,Depozit,45.902314,22.500429,22778,TM10FBR,,"TEIU, Com. Lapugiu de Jos ",False,SC XYLO IMPACT SRL,33531190,SC FOREST AND BIOMASS ROMANIA SA,30834857,SUMAL,FIZICA,FIZICA,1776162304519,1776227104519,3.7,,,,,0,2026-04-14T17:35:18.378231
DC26002198000002398104141325,2,Depozit,45.642518,25.654578,5804,BV22EXA,,Brasov VT30,False,DONNER TECH SRL,18603861,DONNER TECH SRL,18603861,SUMAL,FIZICA,FIZICA,1776162301396,1776183901396,0.245,,,,,0,2026-04-14T17:35:21.371998
DC26009041000002749404141324,2,Depozit,46.513958,24.611005,8549,MS81SES,,Depozit Cherestea REMHARWOOD SRL,False,Remharwood S.R.L.,26116220,ADORIANI TAMAS ,,NONSUMAL,JURIDICA,JURIDICA,1776162296988,1776169496988,0.24,,,,,0,2026-04-14T17:35:22.524973
AP26001299000308573104141324,1,Locul Recoltării,46.009461,25.812687,868677,CV11SAT,2500129902350,2500129902350 - 2991N C Olteni 3A,False,OCOLUL SILVIC HATOD S.R.L.,RO23317696,SATFOR-EX SRL,RO36553729,SUMAL,FIZICA,FIZICA,1776162289660,1776183889660,3.1,,,,,0,2026-04-14T17:35:25.189537
DC26005638000000648304141324,2,Depozit,45.381489,21.737491,9091,CS22YOV,,DEPOZIT BOCSA,False,S.C.MADERAS ANDRA S.R.L.,23844130,S.C.MADERAS ANDRA S.R.L.,23844130,SUMAL,FIZICA,FIZICA,1776162286140,1776183886140,0.8008,,,,,0,2026-04-14T17:35:26.234067
AP26001189000000627804141324,1,Locul Recoltării,44.585416,26.034354,865959,IF14JTE,2500118901780,"2500118901780 - 801 Vl.Mocanului/u.a.45A,B,H",False,OCOLUL SILVIC BUCUREȘTI,1590120,moldoveanu.victor,,NONSUMAL,FIZICA,FIZICA,1776162268137,1776183868137,0.5,,,,,0,2026-04-14T17:35:28.363552
DC26007135000500924304141324,2,Depozit,45.945684,26.214722,5343,CV17NEF,,Mylly srl GHELINTA NR 94,False,MYLLY SRL,14616508,MYLLY SRL,14616508,SUMAL,FIZICA,FIZICA,1776162259466,1776198259466,5.5035,,,,,3,2026-04-14T17:35:30.728680
DC26000249000200650604141324,2,Depozit,44.636056,22.696543000000002,149736,AB07TCD,,DEPOZIT SEVERIN 2,False,SC CLUB TACHE 2000 SRL,RO14425150,SC CLUB TACHE 2000 SRL,RO14425150,SUMAL,FIZICA,FIZICA,1776162246612,1776183846612,2.262,,,,,3,2026-04-14T17:35:37.888470
DA26001023002312809604141323,2,Depozit,47.930254,23.936462,2290,MM31GOR,,Doboies 13A,False,TRANSILVANIA BOIS SRL,10881897,GRIGORIU-P SRL,2224853,SUMAL,JURIDICA,JURIDICA,1776162239649,1776198239649,23.76,,,,,0,2026-04-14T17:35:40.459182
DC26011990000005787004141323,2,Depozit,45.8717,25.801371,19137,CV09ABL,,DEPOZIT DEPO,False,COMPACT SRL,14004410,Kozma Mihaly,,NONSUMAL,FIZICA,FIZICA,1776162234957,1776169434957,0.2128,,,,,0,2026-04-14T17:35:42.183437
AP26001753001800736804141323,1,Locul Recoltării,46.678097,25.090529,872862,MS27MHU,2300158801930,2300158801930 - 158/2024,False,SC HUNI & SZIDI SRL,17492056,SC HUNI & SZIDI SRL,17492056,SUMAL,JURIDICA,JURIDICA,1776162228651,1776183828651,18.21266,,,,,0,2026-04-14T17:35:43.759789
DA26007615000001006104141323,2,Depozit,43.915898,25.950445,7774,GR42ABI,,SC Geoforest S.R.L,False,Geoforest S.R.L.,21611651,Geoforest S.R.L.,21611651,SUMAL,FIZICA,FIZICA,1776162222730,1776169422730,0.417384,,,,,0,2026-04-14T17:35:48.858302
DC26002059000012348404141323,2,Depozit,44.528136,26.187041,6568,IF27WRC,,STEFANESTI,False,VASCO FOREST SRL,15941434,Petrescu Florin,,NONSUMAL,JURIDICA,JURIDICA,1776162210973,1776183810973,0.620048,,,,,0,2026-04-14T17:35:50.892802
DA26023985000208169104141323,2,Depozit,45.603876,21.053486,276143,TM18CVI,,Depozit_peciu,False,SC CVI CALUS DEPOZIT SRL,RO42302128,SC CVI CALUS DEPOZIT SRL,RO42302128,SUMAL,FIZICA,FIZICA,1776162210801,1776173010801,2.0026,,,,,0,2026-04-14T17:35:52.579485
DC26016231000206846504141323,2,Depozit,45.187667,26.190499,48486,PH17NLW,,SORMAR EXPLOATARE FORSTIERA SRL,False,SORMAR PROCONSTRUCT S.R.L.,40073788,SORMAR PROCONSTRUCT S.R.L.,40073788,SUMAL,FIZICA,FIZICA,1776162203227,1776183803227,2.0,,,,,0,2026-04-14T17:35:53.598243
AP26000746000508634204141323,1,Locul Recoltării,46.914506,27.935649,758577,RADUCANENI104IS,2400164000130,2400164000130 - 529 BUNESTI -SR,False,SC BB & C FOREST SERV SRL,34992000,Codrianu Pompiliu ,,NONSUMAL,FIZICA,FIZICA,1776162194188,1776183794188,5.0,,,,,0,2026-04-14T17:35:54.627790
DC26002382000203690504141323,2,Depozit,47.746885999999996,23.091857,17369,SM10UNL,,CARASEU,False,Unilemn D&g S.R.L.,RO 19235415,Unilemn D&g S.R.L.,RO 19235415,SUMAL,JURIDICA,JURIDICA,1776162188072,1776169388072,2.43432,,,,,3,2026-04-14T17:35:57.133692
DA26001780000100072004141323,2,Depozit,47.070788,22.182215,2549,BH76LVY,,Depozit Tileagd,False,Derwood S.R.L.,RO 30425852,Todinca Florin,1760326050027,SUMAL,FIZICA,FIZICA,1776162182031,1776183782031,1.5,,,,,3,2026-04-14T17:35:59.114962
AP26001349003201058904141323,1,Locul Recoltării,47.683668,23.716294,731510,MM59PFR,2400134903560,2400134903560 - 125 P-RAC Sitauta,False,OCOLUL SILVIC BAIA SPRIE,1590120,POP FRANCE SRL,10114533,SUMAL,JURIDICA,JURIDICA,1776162180262,1776183780262,32.44103,,,,,0,2026-04-14T17:36:03.021471
DC26003963000500403704141322,2,Depozit,45.165541,28.820521,20199,TL02CTY,,ELIZEULUI VFM,False,V.F.M.S.R.L.,14472364,CIORTAN MARIAN PERSOANĂ FIZICĂ AUTORIZATĂ,45723857,SUMAL,FIZICA,FIZICA,1776162177755,1776169377755,5.888,,,,,0,2026-04-14T17:36:04.660267
DC26010049000302604704141322,2,Depozit,44.338571,27.765473,6482,B290CCC,,Depozit BORCEA,False,Codrut Construct S.R.L.,23545341,Codrut Construct S.R.L.,23545341,SUMAL,FIZICA,FIZICA,1776162176666,1776180176666,3.6742,,,,,0,2026-04-14T17:36:08.918071
DC26002541000000782704141322,2,Depozit,46.545404,23.761434,3059,CJ20PDC,,MIHAI VITEAZU,False,INTREPRINDERE  INDIVIDUALA TOADER I.VOICU MARIUS,40843720,NAGY JENO,,NONSUMAL,JURIDICA,JURIDICA,1776162163101,1776172963101,0.645,,,,,0,2026-04-14T17:36:11.468121
AP26006879001201578104141322,1,Locul Recoltării,46.295646,25.984886,886188,HR03LRX,2603093900220,2603093900220 - 374 Szenegeto uthely  (337),False,Larix Forcomprod S.R.L.,17800369,Larix Forcomprod S.R.L.,17800369,SUMAL,JURIDICA,JURIDICA,1776162143603,1776183743603,12.0704,,,,,3,2026-04-14T17:36:14.108787
DC26004346000300280604141322,2,Depozit,46.292778,25.850839,16294,HR22CED,,Depozit CEDRUS BAUM,False,SC CEDRUS BAUM SRL,15205489,SC CEDRUS BAUM SRL,15205489,SUMAL,JURIDICA,JURIDICA,1776162139983,1776183739983,3.62,,,,,0,2026-04-14T17:36:15.109036
AP26004384001410532704141322,1,Locul Recoltării,46.093866,25.442472,847326,HR75BOS,2500162100540,2500162100540 - 2013- Talisoara (ua. 39K),False,SC BORSILV SRL,12004120,SC BORSILV SRL,12004120,SUMAL,JURIDICA,JURIDICA,1776162132421,1776198132421,14.0191,,,,,0,2026-04-14T17:36:16.102722
AP26003781000302542404141321,1,Locul Recoltării,46.358524,26.078108,862938,HR99AIM,2503093904570,2503093904570 - 246 Egerszek-Kristine tarvagas Csikszentgyorgy,False,SC AGIS COM CENTER SRL,19207636,SC AGIS COM CENTER SRL,19207636,SUMAL,JURIDICA,JURIDICA,1776162114876,1776183714876,3.7744,,,,,0,2026-04-14T17:36:17.078373
AP26003446000004720704141321,1,Locul Recoltării,45.979065,22.295534,783563,AR17WDF,2500272500520,2500272500520 - 4094-,False,SC JUR SPED FOREST SRL,30041851,SC ADI & ROSA EUROTRANS SRL,44294927,SUMAL,FIZICA,FIZICA,1776162114725,1776284514725,0.4464,,,,,0,2026-04-14T17:36:18.105433
DC26006782000000856504141321,2,Depozit,46.527549,24.535513,1582,MS05APX,,Depozit TG Mures,False,OLARU PROD SRL,16035714,Mcm Lecram Budiu S.R.L.,43765422,SUMAL,FIZICA,FIZICA,1776162113739,1776183713739,0.275,,,,,0,2026-04-14T17:36:20.028025
DA26002296000200258304141321,2,Depozit,45.840211,23.157081,419160,HD55HER,,DEPOZIT CHIMICA,False,SC FOREST OANCEA SRL,RO 24900263,MUNTEAN ADELA-COSMINA,2840604203224,SUMAL,FIZICA,FIZICA,1776162111015,1776183711015,2.30184,,,,,0,2026-04-14T17:36:21.070272
DC26000141000003223704141321,2,Depozit,44.106227,28.606697,618,CT82MRH,,MAGAZIN DEDEMAN CONSTANTA 1,False,SC DEDEMAN SRL,RO 2816464,SAVATIN ALEXANDRU,,NONSUMAL,FIZICA,FIZICA,1776162100570,1776183700570,0.2,,,,,0,2026-04-14T17:36:27.965788
AP26000096001300947704141321,1,Locul Recoltării,45.36954,25.736454999999996,863212,PH23FLL,2500009601730,2500009601730 - 221 P / ORJOGOAIA,False,OCOLUL SILVIC CÂMPINA,1590120,OCOLUL SILVIC CÂMPINA,1590120,SUMAL,JURIDICA,JURIDICA,1776162095141,1776180095141,13.1634,,,,,3,2026-04-14T17:36:32.292061
DA26015916001005662504141321,2,Depozit,45.989861,20.821694,771576,TM86MUG,,Depozit Pesac,False,SC DISNEY MAZDAR SRL,RO8882483,SC DISNEY MAZDAR SRL,RO8882483,SUMAL,FIZICA,FIZICA,1776162075705,1776198075705,10.7318,,,,,3,2026-04-14T17:36:34.672989
AP26034667003713344504141320,1,Locul Recoltării,46.646422,25.995343,882206,HR12JXY,2500149008460,"2500149008460 - 14452 - Prim. Lunca de Jos (Barackos),Cant. Nr. 10",False,Ocolul Silvic Particular Miercurea Ciuc S.R.L.,50499838,Csillag S.R.L.,4972117,SUMAL,JURIDICA,JURIDICA,1776162049823,1776183649823,37.6747,,,,,0,2026-04-14T17:36:36.334583
AP26001228000202425704141320,1,Locul Recoltării,44.346476,25.199396,860318,TATARASTIDEJOS051,2500122800470,2500122800470 - 27 Slavesti,False,OCOLUL SILVIC SLĂVEȘTI,1590120,parpala george,,NONSUMAL,FIZICA,FIZICA,1776162049096,1776183649096,2.0026,,,,,0,2026-04-14T17:36:40.990919
AP26001143000401344404141320,1,Locul Recoltării,44.868798,25.745042,833166,DB3200143,2300114300660,2300114300660 - 313 SR Zimbrarie,False,OCOLUL SILVIC BUCȘANI,1590120,anghel dragoş,,NONSUMAL,FIZICA,FIZICA,1776162027865,1776176427865,4.02482,,,,,0,2026-04-14T17:36:43.385126
DC26004037000300169304141319,2,Depozit,47.039832,21.898085,9388,BH40BFI,,SC MANNA COM PLUS SRL,False,Manna Com Plus SRL,6836456,Biflor Instal S.R.L.,18457499,SUMAL,JURIDICA,JURIDICA,1776161999923,1776176399923,3.16,,,,,3,2026-04-14T17:36:46.053381
AP26002689000204735304141319,1,Locul Recoltării,47.376662,22.299436,879009,BH96DMO,2500152300430,2500152300430 - 487 G1 SPRE LAC,False,Faforestdepo SRL,38422606,Karetka Extraction&processing S.R.L.,46611703,SUMAL,FIZICA,FIZICA,1776161999282,1776183599282,2.6334,,,,,3,2026-04-14T17:36:49.621027
AP26001753001500736804141319,1,Locul Recoltării,46.678097,25.090529,872862,MS28MHU,2300158801930,2300158801930 - 158/2024,False,SC HUNI & SZIDI SRL,17492056,SC HUNI & SZIDI SRL,17492056,SUMAL,JURIDICA,JURIDICA,1776161995009,1776183595009,15.5974,,,,,0,2026-04-14T17:36:50.671327
AP26001439000301287804141319,1,Locul Recoltării,46.50043,25.468436,872026,HR02ZEI,2500143905820,"2500143905820 - 1078 Prog I, Palosza 65A Kozepso",False,OCOLUL SILVIC DE REGIM ZETEA,35279375,Ilyes Trans S.R.L.,24468271,SUMAL,FIZICA,FIZICA,1776161991774,1776183591774,3.72,,,,,0,2026-04-14T17:36:51.657914
DC26000328000002627004141319,2,Depozit,44.980422,25.651698,7015,B115JCE,,Elixdan,False,ELIXDAN PROD COM IMPEX SRL,8614510,Lazar Ionut,,NONSUMAL,JURIDICA,JURIDICA,1776161987246,1776169187246,0.6,,,,,0,2026-04-14T17:36:54.924544
AP26001835001408927204141319,1,Locul Recoltării,45.241813,26.493451,881795,BC06MHU,2400183500980,2400183500980 - 461P Gara Rusavat,False,OCOLUL SILVIC PÂRSCOV,1590120,OCOLUL SILVIC PÂRSCOV,1590120,SUMAL,JURIDICA,JURIDICA,1776161954191,1776183554191,14.6022,,,,,0,2026-04-14T17:36:55.947263
DC26019697000111362604141319,2,Depozit,44.446566,25.880291,200346,GR02MSF,,Ciorogarla,False,MSF POLYCONS COM SRL,37970929,MSF POLYCONS COM SRL,37970929,SUMAL,JURIDICA,JURIDICA,1776161953169,1776197953169,1.1,,,,,0,2026-04-14T17:37:03.721872
DA26006304000100802204141318,2,Depozit,45.304478,25.06924,5570,AG68CGM,,DEPOZIT VOINESTI,False,VICILAND FOREST CGH SRL,31191210,VICILAND FOREST CGH SRL,31191210,SUMAL,FIZICA,FIZICA,1776161933022,1776169133022,1.7063,,,,,0,2026-04-14T17:37:04.716537
LA26001389000704793404141318,10,Alte situații,45.919700622558594,25.984800338745117,-1,DALNICCV0074,,AP23001280000906183405020925,False,OCOLUL SILVIC PRIVAT TÂRGU SECUIESC,25555473,Barthos Zsolt,,NONSUMAL,FIZICA,FIZICA,1776161925417,1776176325417,7.44,,,,Dalnic CV 0071,0,2026-04-14T17:37:08.222029
DA26023540000308528304141318,2,Depozit,45.237112,26.872753,427828,BZ35TTL,,DEPOZIT E 85,False,MAROX NOBIL S.R.L.,46281419,MAROX NOBIL S.R.L.,46281419,SUMAL,FIZICA,FIZICA,1776161925224,1776176325224,3.34534,,,,,3,2026-04-14T17:37:11.659542
DC26008373000012306004141318,2,Depozit,44.19249,28.60041,855,CT33TTD,,Leroy Merlin Constanta,False,LEROY MERLIN ROMANIA SRL,16702141,TIGANUS BOGDAN,,NONSUMAL,FIZICA,FIZICA,1776161915976,1776179915976,0.12,,,,,0,2026-04-14T17:37:15.898947
DC26005397000000552004141318,2,Depozit,45.215576,25.651721,1873,B119MFO,,DN1 ,False,GAD BENZ SRL,RO 7775020,Deneș Edvard,,NONSUMAL,FIZICA,FIZICA,1776161907003,1776176307003,0.1,,,,,0,2026-04-14T17:37:18.415516
DA26020218000412488004141318,2,Depozit,46.806523,25.490051,209152,HR22KZB,,Depozit CD,False,Composesorat Ditrau,12750332,Composesorat Ditrau,12750332,SUMAL,FIZICA,FIZICA,1776161904711,1776169104711,4.214,,,,,0,2026-04-14T17:37:23.731490
DA26007175000800933304141318,2,Depozit,46.0923,26.198829,64504,CV30JBE,,depozit2,False,JBE FOREST SRL,28899960,JBE FOREST SRL,28899960,SUMAL,FIZICA,FIZICA,1776161903637,1776179903637,8.82,,,,,0,2026-04-14T17:37:25.276157
AP26001175000906800404141318,1,Locul Recoltării,46.677216,25.305744,863986,HR1313JOSENI,2500117504220,2500117504220 - 2905 - pad Laczko Levente,False,OCOLUL SILVIC DE REGIM GHEORGHENI,18771067,SC ERDOBIRTOKOSSAG SRL,24982301,SUMAL,FIZICA,FIZICA,1776161902390,1776179902390,9.7092,,,,,0,2026-04-14T17:37:26.276413
DA26007046000200891304141318,2,Depozit,46.407682,24.705114,3071,HR55FAN,,DEPOZIT BALAUSERI,False,Fancom Impex S.R.L.,8228641,Fancom Impex S.R.L.,8228641,SUMAL,FIZICA,FIZICA,1776161892676,1776183492676,2.335788,,,,,0,2026-04-14T17:37:27.299037
DC26000880006301695704141318,2,Depozit,44.04016,23.644186,9856,,,Cerat,False,S.C. TERRA SILVA S.R.L.,18089362,,,FARA,JURIDICA,JURIDICA,1776161891876,1776200399999,63.485452,,,,,0,2026-04-14T17:37:29.029840
DC26008087000301184904141318,2,Depozit,44.452621,26.163489,3734,IF45ZAM,,Fundeni 57,False,Nicos Trading Co S.R.L.,15792502,Nicos Trading Co S.R.L.,15792502,SUMAL,JURIDICA,JURIDICA,1776161887908,1776172687908,3.84,,,,,3,2026-04-14T17:37:32.533338
AP26001439000201096704141318,1,Locul Recoltării,46.348599,25.431078,832503,HR258SATUMARE,2500143904410,2500143904410 - 967 Simon Odon,False,OCOLUL SILVIC DE REGIM ZETEA,35279375,Simon Odon ,,NONSUMAL,FIZICA,FIZICA,1776161880894,1776183480894,2.667488,,,,,0,2026-04-14T17:37:34.573313
DC26000339000013317104141317,2,Depozit,45.127184,25.735358,2671,B77ZON,,Depozit Bobâlna 16,False,ZONE CONSTRUCT SRL,RO 18377020,ZONE CONSTRUCT SRL,RO 18377020,SUMAL,FIZICA,FIZICA,1776161876841,1776169076841,0.205,,,,,3,2026-04-14T17:37:41.156069
DC26018662000006683304141317,2,Depozit,44.10042,24.356608,121511,OT44WXS,,DEPOZIT CARACAL ,False,MATH  MAT  INVEST S.R.L.,44216538,Stanescu Daniel ,,NONSUMAL,FIZICA,FIZICA,1776161852169,1776169052169,0.62,,,,,0,2026-04-14T17:37:45.581463
DC26007366000101973904141317,2,Depozit,44.199356,27.345894,3410,CL23TUP,,CALARASI,False,COSLO-ZINCA SRL,1912935,Simion Ion,,NONSUMAL,FIZICA,FIZICA,1776161848987,1776183448987,1.71396,,,,,0,2026-04-14T17:37:46.564859
DA26001038000402107204141317,2,Depozit,47.94285399999999,23.911109999999997,2515,MM74PLI,,SIGHETU MARMATIEI DRAGOS VODA 170,False,PLIMOB  S.A.,2215286,PLIMOB  S.A.,2215286,SUMAL,JURIDICA,JURIDICA,1776161833473,1776183433473,4.0,,,,,3,2026-04-14T17:37:49.569362
DA26008383000012407704141316,2,Depozit,44.115326,24.971001,580115,TR06VHI,,DEPOZIT IMAIA,False,Conlemn Geani S.R.L.,40516168,Conlemn Geani S.R.L.,40516168,SUMAL,FIZICA,FIZICA,1776161812901,1776172612901,0.71424,,,,,3,2026-04-14T17:37:51.957687
DA26031415000211142104141316,2,Depozit,46.110569,20.443623,608968,TM23BNY,,Depozit Cheglevici,False,SC AS BUDE FOREST SRL,50309984,SC AS BUDE FOREST SRL,50309984,SUMAL,FIZICA,FIZICA,1776161811065,1776226611065,2.232,,,,,3,2026-04-14T17:37:55.506672
DA26002165003101049604141316,2,Depozit,46.194025,25.913122,873750,HR12YPA,,TUSNAD NOU,False,SC SELEMEN HOLZBAU SRL,29875071,SC IPA COMPANY SRL,8049760,SUMAL,JURIDICA,JURIDICA,1776161807982,1776226607982,31.681,,,,,3,2026-04-14T17:37:57.902542
DC26006988000006727904141316,2,Depozit,44.372732,26.117485,3831,IF76WDM,,HORNBACH BERCENI,False,HORNBACH CENTRALA SRL,17777320,matei daniel,,NONSUMAL,JURIDICA,JURIDICA,1776161802895,1776169002895,0.5184,,,,,0,2026-04-14T17:38:00.245256
DA26001398002500734204141316,2,Depozit,45.69550999999999,21.933111,2162,CS10EXU,,Depozit Lugoj,False,OCOLUL SILVIC ANA LUGOJANA,1590120,S.C.FORANCO LEMN S.R.L.,33712137,SUMAL,JURIDICA,JURIDICA,1776161797310,1776183397310,25.987916,,,,,3,2026-04-14T17:38:08.100918
DC26007682000602968504141316,2,Depozit,44.16783,28.643503,1421,CT307AGIGEA,,BACIOIU PORT CONSTANTA,False,BACIOIU IMPORT-EXPORT SRL,1905016,BACIOIU IMPORT-EXPORT SRL,1905016,SUMAL,JURIDICA,JURIDICA,1776161794389,1776183394389,6.776,,,,,3,2026-04-14T17:38:16.249113
DA26001777001706152804141316,2,Depozit,45.188647,24.844724,107384,AG51KHE,,ATELIERUL DE PRELUCRARE A LEMNULUI DOMNESTI,False,OCOLUL SILVIC DOMNEȘTI,1590120,AVEMIR ADRY VIO SRL,15760365,SUMAL,JURIDICA,JURIDICA,1776161791556,1776226591556,17.02016,,,,,0,2026-04-14T17:38:18.290593
AP26001558000300579204141316,1,Locul Recoltării,45.935712,25.472895,865750,BV85KAR,2500155801560,2500155801560 - 1012/Apata,False,OCOLUL SILVIC BUCEGI PIATRA CRAIULUI CIUCAȘ R.A.,23389463,SZABO G. GYULA ÎNTREPRINDERE INDIVIDUALĂ,41640457,SUMAL,FIZICA,FIZICA,1776161786232,1776168986232,3.1,,,,,0,2026-04-14T17:38:19.619045
DC26019742000407103304141316,2,Depozit,45.32373900000001,21.868282000000004,874302,MS010081,,RESITA,False,Era Ralumaia Trans S.R.L.,45134282,Era Ralumaia Trans S.R.L.,45134282,SUMAL,JURIDICA,JURIDICA,1776161773624,1776183373624,4.184,,,,,3,2026-04-14T17:38:21.740992
DA26001023000113019604141316,2,Depozit,47.930254,23.936462,2290,MM15CYO,,Doboies 13A,False,TRANSILVANIA BOIS SRL,10881897,Iancu Marius-Valentin,,NONSUMAL,FIZICA,FIZICA,1776161767520,1776183367520,1.24,,,,,0,2026-04-14T17:38:22.943581
DA26008100000212210304141316,2,Depozit,46.36521,25.547944,5305,HR05LEM,,Depozit Vlahita Turistilor FN,False,Lemacomprod S.R.L.,5101235,Lemacomprod S.R.L.,5101235,SUMAL,FIZICA,FIZICA,1776161764577,1776197764577,2.48,,,,,3,2026-04-14T17:38:27.466592
DC26003585000001119704141316,2,Depozit,46.300676,25.283705,748090,HR13KHL,,Depozit U Fatelep,False,SC SILVESTRIS SRL,3944615,Nagy Szilveszter,,NONSUMAL,FIZICA,FIZICA,1776161764306,1776183364306,0.1776,,,,,0,2026-04-14T17:38:29.879745
DC26001356000300247504141315,2,Depozit,45.226844,26.054322,1000,B123HVO,,DEPOZIT DRAJNA DE JOS,False,GESSAS COM SRL,RO 23722710,ciobanu petre,,NONSUMAL,JURIDICA,JURIDICA,1776161751673,1776291351673,3.2848,,,,,0,2026-04-14T17:38:31.480973
AP26001143000101344404141315,1,Locul Recoltării,44.868798,25.745042,833166,FINTA308,2300114300660,2300114300660 - 313 SR Zimbrarie,False,OCOLUL SILVIC BUCȘANI,1590120,preda gheorghe,,NONSUMAL,FIZICA,FIZICA,1776161747873,1776179747873,1.62731,,,,,0,2026-04-14T17:38:33.718384
DC26030895000010849304141315,2,Depozit,44.974312,24.960573,581726,AG06RGY,,DEPOZIT ALEX,False,DEPOZIT ALEX SRL,49943430,DEPOZIT ALEX SRL,49943430,SUMAL,FIZICA,FIZICA,1776161743677,1776168943677,0.99,,,,,3,2026-04-14T17:38:36.958607
AP26001299000108573104141315,1,Locul Recoltării,46.009461,25.812687,868677,CV65SZG,2500129902350,2500129902350 - 2991N C Olteni 3A,False,OCOLUL SILVIC HATOD S.R.L.,RO23317696,Bio Orlemeny S.R.L.,45432777,SUMAL,FIZICA,FIZICA,1776161735595,1776183335595,1.5376,,,,,0,2026-04-14T17:38:38.197227
DA26005609000113139804141315,2,Depozit,44.80809200000001,25.072934,4102,AG27GMN,,TOPOLOVENI,False,MARIO FOREST GMN SRL,17445500,MARIO FOREST GMN SRL,17445500,SUMAL,FIZICA,FIZICA,1776161734418,1776183334418,1.4,,,,,3,2026-04-14T17:38:50.225124
DC26033241000012252204141315,2,Depozit,45.433868,27.833163,736858,GL59BUR,,Depozit,False,Turaca Bur Construct S.R.L.,51453880,Turaca Bur Construct S.R.L.,51453880,SUMAL,FIZICA,FIZICA,1776161727861,1776183327861,0.5125,,,,,3,2026-04-14T17:38:53.073405
AP26000084000201687104141315,1,Locul Recoltării,47.924659,26.294486,806182,BT154LOZNA,2500008405240,2500008405240 - moscalu tereza,False,OCOLUL SILVIC DOROHOI,1590120,ananute Marius ,,NONSUMAL,FIZICA,FIZICA,1776161726812,1776183326812,2.929999,,,,,0,2026-04-14T17:38:54.104448
AP26003446000804720704141315,1,Locul Recoltării,45.979065,22.295534,783563,AR17WDF,2500272500520,2500272500520 - 4094-,False,SC JUR SPED FOREST SRL,30041851,SC ADI & ROSA EUROTRANS SRL,44294927,SUMAL,FIZICA,FIZICA,1776161709277,1776284109277,8.4816,,,,,0,2026-04-14T17:38:55.948946
DC26000078000007036204141315,2,Depozit,44.796779,26.19568,4587,PH57RAM,,Depozit Olari,False,BARBOI & CO SRL,RO2996012,Dumitran Olimpia,,NONSUMAL,FIZICA,FIZICA,1776161707206,1776168907206,0.375,,,,,0,2026-04-14T17:38:59.894539
DA26001771001712303104141314,2,Depozit,46.779961,24.737994,578021,MS93KST,,Depozit Extern,False,SC KASTAMONU ROMANIA SA,1235668,ROTSIN COM SRL,7174489,SUMAL,JURIDICA,JURIDICA,1776161691789,1776168891789,17.6,,,,,0,2026-04-14T17:39:02.626945
AP26000691000200261804141314,1,Locul Recoltării,46.086242,24.456157,871090,MOSNA227,2600069100030,2600069100030 - 169 C. NEMSA,False,OCOLUL SILVIC AGNITA,1590120,Ghebenei Marius Dumitru ,,NONSUMAL,FIZICA,FIZICA,1776161684275,1776176084275,2.4304,,,,,0,2026-04-14T17:39:03.753926
DA26007826000101062004141314,2,Depozit,44.60491,27.511929999999996,1712,IL04MIC,,DEPOZIT LEMN FOC BUCU 202,False,Micu C. Nicolae Întreprindere Individuală,26716381,Micu C. Nicolae Întreprindere Individuală,26716381,SUMAL,FIZICA,FIZICA,1776161680531,1776183280531,1.24,,,,,3,2026-04-14T17:39:12.685681
DC26030813000010776504141314,2,Depozit,44.894217,24.819274,575871,AG14ASI,,BASCOV,False,GRIGOSTRUCT INVEST SRL,49768290,Buliga Aurelian,,NONSUMAL,JURIDICA,JURIDICA,1776161665872,1776176065872,0.21,,,,,0,2026-04-14T17:39:14.432960
DC26000520005012172504141314,2,Depozit,45.965888,23.549066,7182,SB17YVD,,TIMBER SEBEȘ,False,KRONOSPAN TIMBER SEBES S.R.L.,RO45417718,Istrate Com S.R.L.,10704330,SUMAL,JURIDICA,JURIDICA,1776161660569,1776334460569,50.463,,,,,3,2026-04-14T17:39:21.764966
AP26001835000008927204141314,1,Locul Recoltării,45.270498,26.492157,844718,XZ751262,2500183500970,2500183500970 - 529H Parscov,False,OCOLUL SILVIC PÂRSCOV,1590120,Macovei Marius,,NONSUMAL,FIZICA,FIZICA,1776161652171,1776183252171,0.74028,,,,,0,2026-04-14T17:39:23.630908
DA26006120003002783904141314,2,Depozit,47.024087,23.889585,6232,CJ24SGH,,DEPOZIT BUSTENI,False,SC SORTILEMN SRL,199745,SC SORTILEMN SRL,199745,SUMAL,JURIDICA,JURIDICA,1776161651198,1776183251198,30.05544,,,,,6,2026-04-14T17:39:34.639112
AP26001175000401574704141314,1,Locul Recoltării,46.771308,25.542741,881476,HR86EEE,2500117503580,2500117503580 - 2855 - pad Olah Zoltan,False,OCOLUL SILVIC DE REGIM GHEORGHENI,18771067,Becze Erno,1861024191293,SUMAL,FIZICA,FIZICA,1776161643591,1776172443591,4.3751,,,,,0,2026-04-14T17:39:36.492072
DC26010049000002575604141313,2,Depozit,44.25177300000001,27.580288999999997,6425,CL47CCC,,Depozit UNIREA,False,Codrut Construct S.R.L.,23545341,Codrut Construct S.R.L.,23545341,SUMAL,JURIDICA,JURIDICA,1776161632121,1776183232121,0.99,,,,,6,2026-04-14T17:39:44.894886
DA26002211000102122804141313,2,Depozit,45.322309999999995,26.35515,4494,BZ34MCA,,DEPOZIT PATARLAGELE,False,ANDY LEMN PREST S.R.L.,25061003,MOAGHER COSMIN ANDREI PERSOANĂ FIZICĂ AUTORIZATĂ,46136702,SUMAL,FIZICA,FIZICA,1776161631260,1776179631260,1.993109,,,,,3,2026-04-14T17:39:47.192687
DC26007214000302847304141313,2,Depozit,45.94880800000001,26.216715000000004,9534,CV96VWY,,DEPOZIT,False,MOARA-SIMON SRL,RO5097150,MOARA-SIMON SRL,RO5097150,SUMAL,FIZICA,FIZICA,1776161617476,1776186817476,3.34752,,,,,3,2026-04-14T17:39:49.403367
DC26004305003509709904141313,2,Depozit,46.03779599999999,26.058978,2108,CV06VRJ,,DEPOZIT TURIA,False,DESZKA SRL,RO17933764,DESZKA SRL,RO17933764,SUMAL,JURIDICA,JURIDICA,1776161610772,1776197610772,35.1624,,,,,3,2026-04-14T17:39:52.073713
DA26003445000400151904141313,2,Depozit,46.38069,22.121839,4629,AR60YNU,,MV FOREST lemn rotund,False,SC M.V. FOREST CO SRL,6527620,SC LILI & FLORIN FOREST SRL,24549244,SUMAL,FIZICA,FIZICA,1776161598432,1776197598432,4.30255,,,,,0,2026-04-14T17:39:54.417409
DC26020005000507198504141313,2,Depozit,44.360549,26.197996,204689,AG31DNR,,CHERESTEA,False,COSMIN SAYGON SRL,45453451,COSMIN SAYGON SRL,45453451,SUMAL,JURIDICA,JURIDICA,1776161597958,1776179597958,5.176,,,,,3,2026-04-14T17:39:56.565893
LA26001687001700155304141312,10,Alte situații,45.70539855957031,25.593399047851562,-1,PH34KSD,,1380,False,OCOLUL SILVIC BRAȘOV,1590120,CORDOȘ TRANS SRL,RO 17558916,SUMAL,JURIDICA,JURIDICA,1776161578156,1776168778156,17.802,,,,,3,2026-04-14T17:40:10.561224
AP26008650000201417604141312,1,Locul Recoltării,44.774425,27.856193,880058,IL60AMS,2500121800130,2500121800130 - 1222 Vaca,False,STANCIU & COMP SRL,34096469,STANCIU & COMP SRL,34096469,SUMAL,FIZICA,FIZICA,1776161571554,1776183171554,2.5457,,,,,3,2026-04-14T17:40:13.846471
DA26002189003108834604141312,2,Depozit,46.19411499999999,25.912766,878666,HR12YPA,,TUSNAD NOU,False,SC IPA COMPANY SRL,8049760,SC IPA COMPANY SRL,8049760,SUMAL,JURIDICA,JURIDICA,1776161563040,1776172363040,31.681,,,,,3,2026-04-14T17:40:15.585355
DC26007682000802968504141312,2,Depozit,44.16783,28.643503,1421,CT334AGIGEA,,BACIOIU PORT CONSTANTA,False,BACIOIU IMPORT-EXPORT SRL,1905016,BACIOIU IMPORT-EXPORT SRL,1905016,SUMAL,JURIDICA,JURIDICA,1776161549536,1776183149536,8.325,,,,,3,2026-04-14T17:40:19.501577
DC26031739000011330404141312,2,Depozit,47.484317,22.086759,636984,BH20SCB,,Simian,False,Bedupat Const S.R.L.,50242108,Bedupat Const S.R.L.,50242108,SUMAL,FIZICA,FIZICA,1776161549386,1776183149386,0.69,,,,,3,2026-04-14T17:40:22.294532
DA26000139000602234304141312,2,Depozit,44.767597,25.235977,5031,AG35MNA,,VIRIX PROD,False,VIRIX PROD SRL,6681637,ALC INJECT POLISTIREN SA,26822552,SUMAL,JURIDICA,JURIDICA,1776161530882,1776197530882,6.03,,,,,0,2026-04-14T17:40:24.082439
DA26010975000006882204141312,2,Depozit,44.128891,24.581188,18476,OT17CSM,,DEPOZIT DANEASA,False,IUL S.R.L.,RO7148366,IUL S.R.L.,RO7148366,SUMAL,FIZICA,FIZICA,1776161530666,1776183130666,0.744,,,,,0,2026-04-14T17:40:26.693779
DA26001860000308741604141311,2,Depozit,44.71885799999999,22.353861,47966,MH20VRC,,Eselnita,False,SC CATFOR SRL,42594952,SC CATFOR SRL,42594952,SUMAL,FIZICA,FIZICA,1776161497338,1776183097338,3.0,,,,,3,2026-04-14T17:40:29.702966
DC26011851000303644104141311,2,Depozit,44.735807,27.290313,31000,,,Timet Grivita,False,Timet S.R.L.,12366707,Vechiu c tin,,NONSUMAL,FIZICA,FIZICA,1776161496621,1776168696621,3.456,,,,,0,2026-04-14T17:40:31.273323
DC26010142000102418704141310,2,Depozit,44.199713,25.683767,6713,GR31SCR,,SC ROMY LUX SRL,False,Romy Lux S.R.L.,1293839,Romy Lux S.R.L.,1293839,SUMAL,FIZICA,FIZICA,1776161455573,1776204655573,1.488,,,,,3,2026-04-14T17:40:37.272081
AP26001299000208573104141310,1,Locul Recoltării,46.009461,25.812687,868677,CV65SZG,2500129902350,2500129902350 - 2991N C Olteni 3A,False,OCOLUL SILVIC HATOD S.R.L.,RO23317696,Bio Orlemeny S.R.L.,45432777,SUMAL,FIZICA,FIZICA,1776161449643,1776183049643,2.604,,,,,0,2026-04-14T17:40:39.246382
DC26007635000209525604141310,2,Depozit,44.25548799999999,28.272035,3731,CT63ENS,,Metiner,False,Metiner S.R.L.,9495361,Metiner S.R.L.,9495361,SUMAL,JURIDICA,JURIDICA,1776161448801,1776190248801,2.0,,,,,3,2026-04-14T17:40:41.405938
DC26000368000002162204141310,2,Depozit,44.967667,25.791918,4726,PH19DNT,,MIHTUD,False,MIHTUD SRL,RO 12620537,MIHTUD SRL,RO 12620537,SUMAL,FIZICA,FIZICA,1776161447527,1776183047527,0.216,,,,,3,2026-04-14T17:40:43.927378
DA26005985000310582504141310,2,Depozit,45.927268,26.272262,11872,CV03VJP,,depozit 2,False,COMERT FUBOR SRL,RO6832160,COMERT FUBOR SRL,RO6832160,SUMAL,FIZICA,FIZICA,1776161441428,1776183041428,3.024,,,,,3,2026-04-14T17:40:46.536630
DC26006782000000856504141310,2,Depozit,46.527549,24.535512999999998,1582,MS05APX,,Depozit TG Mures,False,OLARU PROD SRL,16035714,Mcm Lecram Budiu S.R.L.,43765422,SUMAL,JURIDICA,JURIDICA,1776161437482,1776183037482,0.75,,,,,3,2026-04-14T17:40:51.250395
LA26001687001700155304141310,10,Alte situații,45.70539855957031,25.593299865722656,-1,PH33KSD,,1380,False,OCOLUL SILVIC BRAȘOV,1590120,CORDOȘ TRANS SRL,RO 17558916,SUMAL,JURIDICA,JURIDICA,1776161430391,1776168630391,17.2086,,,,,3,2026-04-14T17:40:57.537863
DC26005170000107265604141310,2,Depozit,47.81543200000001,22.848148,7526,SM25CDA,,Depozit Satu Mare,False,NEL DOR SRL,RO 22011140,NEL DOR SRL,RO 22011140,SUMAL,FIZICA,FIZICA,1776161417250,1776183017250,1.4325,,,,,3,2026-04-14T17:41:03.124442
DA26002707000200259404141310,2,Depozit,47.716341,22.500759,26781,SM95NOI,,CAPLENI 1,False,BENJAMIN ENERGY SRL,RO 33976520,BENJAMIN ENERGY SRL,RO 33976520,SUMAL,FIZICA,FIZICA,1776161417028,1776175817028,2.81232,,,,,0,2026-04-14T17:41:04.134938
DA26002083004300392904141310,2,Depozit,46.932296,25.328161,5087,HR80TWP,,SCTreforex SRL Str.Mesteacanului Nr.13I,False,SC TREFOREX SRL,16035706,SC TREFOREX SRL,16035706,SUMAL,JURIDICA,JURIDICA,1776161413302,1776291013302,43.527836,,,,,0,2026-04-14T17:41:06.404400
DA26005477000100579804141310,2,Depozit,45.788199999999996,20.7113,10752,TM04KEV,,DEPOZIT 1,False,SC MELINDE LEMNAX SRL,RO - 28094382,SC MELINDE LEMNAX SRL,RO - 28094382,SUMAL,FIZICA,FIZICA,1776161412608,1776168612608,1.0,,,,,3,2026-04-14T17:41:12.971483
AP26003968000006192104141309,1,Locul Recoltării,47.179521,23.063351,887510,SJ13CIT,2600259800640,2600259800640 - AFF Citadin Str.Muncitorilor;Armoniei,False,Citadin Zalau SRL,RO27243753,Citadin Zalau SRL,RO27243753,SUMAL,JURIDICA,JURIDICA,1776161381686,1776168581686,0.691,,,,sj13cit,3,2026-04-14T17:41:16.334011
AP26004384001510532704141309,1,Locul Recoltării,46.093866,25.442472,847326,HR74BOS,2500162100540,2500162100540 - 2013- Talisoara (ua. 39K),False,SC BORSILV SRL,12004120,SC BORSILV SRL,12004120,SUMAL,JURIDICA,JURIDICA,1776161379842,1776197379842,15.23815,,,,,0,2026-04-14T17:41:17.457643
DC26008061000105602804141309,2,Depozit,44.55925100000001,23.495736999999995,921,DJ38RAR,,SC CRIS SPEED SRL,False,Cris Speed S.R.L.,ro17717256,Cris Speed S.R.L.,ro17717256,SUMAL,FIZICA,FIZICA,1776161378617,1776182978617,1.49,,,,,6,2026-04-14T17:41:22.881903
AP26001196000202323904141309,1,Locul Recoltării,44.475164,26.275469,867128,AG85BLR,2500119600740,2500119600740 - 317 - Pustnicu Cozieni,False,OCOLUL SILVIC BRĂNEȘTI,1590120,Ungureanu emil,,NONSUMAL,FIZICA,FIZICA,1776161367785,1776334167785,2.0,,,,,0,2026-04-14T17:41:24.369274
AP26008684000201432404141309,1,Locul Recoltării,44.04836600000001,26.023715,889137,GR44LOB,2400120801180,2400120801180 - 347 P Frasinu,False,GEO SILVA EXPLOATARE SRL,39971068,GEO SILVA EXPLOATARE SRL,39971068,SUMAL,FIZICA,FIZICA,1776161360691,1776175760691,2.4,,,,,3,2026-04-14T17:41:29.115753
DC26029673000110244204141309,2,Depozit,44.48514,26.0236,521020,PH26MXM,,Depozit,False,VLAD TRANS CONSTRUCT 2000 SRL,48492447,DOBRIN GHEORGHE,,NONSUMAL,JURIDICA,JURIDICA,1776161354543,1776197354543,1.35,,,,,0,2026-04-14T17:41:30.940345
AP26000356001101116504141309,1,Locul Recoltării,44.810026,25.24851,857206,DB70FAG,2500035606500,2500035606500 - 618 EXTR. SEDIU OCOL,False,OCOLUL SILVIC VALEA MARE -DB,1590120,SILVADIN  FAGUS  SRL,33710926,SUMAL,JURIDICA,JURIDICA,1776161344482,1776182944482,11.020716,,,,,0,2026-04-14T17:41:32.673400
DC26035574000013475204141309,2,Depozit,46.819531,21.670974,886314,BH25HDA,,Depozit Madaras,False,Zenith Mariconstruct SRL,54372780,BEJAN CRISTIAN ,,NONSUMAL,FIZICA,FIZICA,1776161342630,1776182942630,0.36,,,,,0,2026-04-14T17:41:34.758657
DA26008383000001301504141308,2,Depozit,44.113971,25.003002,15380,TR89YGL,,DEPOZIT,False,Conlemn Geani S.R.L.,40516168,Conlemn Geani S.R.L.,40516168,SUMAL,FIZICA,FIZICA,1776161330025,1776168530025,0.609,,,,,3,2026-04-14T17:41:37.812303
DA26005957000304250204141308,2,Depozit,47.666406,22.946072,6701,SM04LAT,,LATNAVER VII-SM,False,LATNAVER SRL,RO 30796346,LATNAVER SRL,RO 30796346,SUMAL,FIZICA,FIZICA,1776161329928,1776182929928,3.0,,,,,3,2026-04-14T17:41:41.348333
DA26000946000002200004141308,2,Depozit,47.753457,23.264216,1443,SM03FRT,,SEINI EROILOR NR 30,False,POP FRANCE SRL,10114533,Robotin Gheorghe ,,NONSUMAL,FIZICA,FIZICA,1776161325035,1776182925035,0.46,,,,,0,2026-04-14T17:41:42.390518
DA26001347000200593304141308,2,Depozit,45.292792,25.726418,368,PH23BZI,,DEPOZIT ERICOM SETU,False,ERICOM FOREST SRL,RO 35725656,Bâtu Florin ,,NONSUMAL,FIZICA,FIZICA,1776161319554,1776182919554,2.23992,,,,,0,2026-04-14T17:41:46.560669
DC26004444002510673804141308,2,Depozit,47.66215300000001,23.615841,4075,MM75WOD,,"Towa-Caramizilor, nr 55",False,TOWA PRODUCT SRL,11910338,TRANS WOOD AGER SRL,29490610,SUMAL,JURIDICA,JURIDICA,1776161294205,1776182894205,25.444094,,,,,3,2026-04-14T17:41:53.846728
DC26000142000308889804141308,2,Depozit,44.65376799999999,25.578615,7622,DB82VSR,,DEPOZIT TITU,False,VASIROM FOREST SRL,10219912,VASIROM FOREST SRL,10219912,SUMAL,FIZICA,FIZICA,1776161292079,1776175692079,3.0,,,,,3,2026-04-14T17:41:57.222266
DC26000565000106575804141308,2,Depozit,44.594211,26.069658,4586,NT49DDD,,Balotesti,False,SC DANY & YANIS FOREST SRL,38896324,SC DANY & YANIS FOREST SRL,38896324,SUMAL,JURIDICA,JURIDICA,1776161288942,1776175688942,1.152,,,,,3,2026-04-14T17:42:00.964685
DA26002703000103464804141308,2,Depozit,44.87462300000001,28.370238,19847,TL98TIA,,Depozit Topolog,False,TREVIS S.R.L.,3055604,TREVIS S.R.L.,3055604,SUMAL,FIZICA,FIZICA,1776161287437,1776175687437,1.215,,,,,3,2026-04-14T17:42:04.828799
AP26000836000001206304141308,1,Locul Recoltării,44.236949,23.673246,714248,DJ42ALM,2300083600430,2300083600430 - 969 BUJORU,False,OCOLUL SILVIC CRAIOVA,1590120,Andrei vasile ,,NONSUMAL,FIZICA,FIZICA,1776161283218,1776182883218,0.5859,,,,,0,2026-04-14T17:42:05.813642
AP26034667000113344504141307,1,Locul Recoltării,46.646422,25.995343,882206,HR12JXY,2500149008460,"2500149008460 - 14452 - Prim. Lunca de Jos (Barackos),Cant. Nr. 10",False,Ocolul Silvic Particular Miercurea Ciuc S.R.L.,50499838,Csillag S.R.L.,4972117,SUMAL,FIZICA,FIZICA,1776161279080,1776182879080,1.9747,,,,,0,2026-04-14T17:42:07.783826
DC26002285000002759204141307,2,Depozit,47.83445,23.317311,230295,SM07PEE,,Dep OAS SPA National,False,OAȘ SPA SRL,RO 33036426,OAȘ SPA SRL,RO 33036426,SUMAL,JURIDICA,JURIDICA,1776161264954,1776168464954,0.25,,,,,0,2026-04-14T17:42:09.985908
AP26000084000201687104141307,1,Locul Recoltării,47.923147,26.299804,806176,BT154LOZNA,2500008405300,2500008405300 - hapeci costel maricel,False,OCOLUL SILVIC DOROHOI,1590120,bucium ioan ,,NONSUMAL,FIZICA,FIZICA,1776161262992,1776182862992,2.35,,,,,0,2026-04-14T17:42:10.987512
DA26003873000012370304141307,2,Depozit,45.154922,26.889197,16221,BZ99DMM,,DEPOZIT VADU PASII,False,MILIDAR ACTIV FOREST S.R.L.,39368998,MILIDAR ACTIV FOREST S.R.L.,39368998,SUMAL,FIZICA,FIZICA,1776161254409,1776168454409,0.899,,,,,3,2026-04-14T17:42:13.761153
AP26002585000202669004141307,1,Locul Recoltării,47.206822,23.071422,860806,SJ10RLN,2500258504090,2500258504090 - VANCZA MARGARETA,False,OCOLUL SILVIC ALMAȘ,1590120,simonca ioan,,NONSUMAL,FIZICA,FIZICA,1776161252832,1776182852832,2.252832,,,,,0,2026-04-14T17:42:17.950700
DA26032393000211857404141307,2,Depozit,46.12940699999999,25.609558000000003,694401,CV28JEL,,Depozit Bradut 1,False,Delney Forest S.R.L.,50645097,Delney Forest S.R.L.,50645097,SUMAL,FIZICA,FIZICA,1776161247434,1776182847434,2.75,,,,,3,2026-04-14T17:42:25.207966
AP26001217000209826304141307,1,Locul Recoltării,43.797945,25.449297,821043,TRSMIRDIOASA122,2400121700320,2400121700320 - FRUMOASA,False,OCOLUL SILVIC ALEXANDRIA,1590120,Mircea Ionut ,,NONSUMAL,FIZICA,FIZICA,1776161246251,1776182846251,2.0,,,,,0,2026-04-14T17:42:26.209513
DC26000141000008805304141307,2,Depozit,45.017115,23.2612,1951,GJ05UYO,,MAGAZIN DEDEMAN TARGU JIU,False,SC DEDEMAN SRL,RO 2816464,DOBRECESCU DORINA,,NONSUMAL,FIZICA,FIZICA,1776161237964,1776179237964,0.219412,,,,GJ05TVV,0,2026-04-14T17:42:28.284943
AP26001699000103001004141307,1,Locul Recoltării,45.226573,26.331805,849512,CALVINI01077,2500169907040,2500169907040 - 18970 Vaduva Ileana,False,OCOLUL SILVIC CISLĂU,1590120,Mocanu Cristian ,,NONSUMAL,FIZICA,FIZICA,1776161234477,1776175634477,1.02328,,,,,0,2026-04-14T17:42:29.866422
DA26026278000208852304141307,2,Depozit,47.055213,22.213304,534939,BH18ZMK,,GARII 186,False,Twins Woods S.R.L.,47081737,dombi imre,,NONSUMAL,FIZICA,FIZICA,1776161234203,1776168434203,2.34,,,,,0,2026-04-14T17:42:31.658674
EC26006447004000815004141307,7,Extracomunitar,46.51599884033203,24.52090072631836,-1,AO3447HO,,1BZR2,False,Veltadoors S.A.,25629376,,,STRAIN,JURIDICA,JURIDICA,1776161228517,1776182828517,40.9992,,,,BH03GRP,0,2026-04-14T17:42:34.231515
DC26007891000003472604141306,2,Depozit,44.176693,25.195676000000002,9346,TR08DNS,,SC DENNY MAR KONSTRUCT 2017 SRL,False,Denny Mar Konstruct 2017 S.R.L.,37806951,Denny Mar Konstruct 2017 S.R.L.,37806951,SUMAL,FIZICA,FIZICA,1776161199662,1776179199662,0.1,,,,,3,2026-04-14T17:42:37.758683
DC26008928000013428004141306,2,Depozit,44.567986,23.710251,812722,B103GWO,,DEPOZIT MELINESTI,False,SC MARINEL SERV SRL,27086969,Bordei Nicolae,,NONSUMAL,FIZICA,FIZICA,1776161194538,1776182794538,0.75,,,,,0,2026-04-14T17:42:40.993103
DC26000214000807717304141306,2,Depozit,44.898033,25.445446,18334,DB08SRG,,DEPOZIT TARGOVISTE ,False,SERGAL SRL,19083848,SERGAL SRL,19083848,SUMAL,JURIDICA,JURIDICA,1776161185526,1776182785526,8.0,,,,,3,2026-04-14T17:42:45.117032
DC26001864000200428804141306,2,Depozit,44.649666,22.678268,334,MH85BLU,,DEPOZIT BLUEMARINE WOOD,False,SC BLUEMARINE WOOD SRL,34026145,SC BLUEMARINE WOOD SRL,34026145,SUMAL,JURIDICA,JURIDICA,1776161168770,1776168368770,2.2,,,,,3,2026-04-14T17:42:58.382258
DA26034011000212769304141306,2,Depozit,46.160328,22.754694,786264,HD02MKG,,MESTEACAN,False,Grafium S.R.L.,26293087,Grafium S.R.L.,26293087,SUMAL,FIZICA,FIZICA,1776161166706,1776182766706,2.805,,,,,0,2026-04-14T17:42:59.445768
DC26000946000302200004141306,2,Depozit,47.753457,23.264216,1443,SM08CAZ,,SEINI EROILOR NR 30,False,POP FRANCE SRL,10114533,Badar Sandor-andras Persoană Fizică Autorizată,43737384,SUMAL,FIZICA,FIZICA,1776161164856,1776182764856,3.3408,,,,,3,2026-04-14T17:43:04.123124
AP26006438001613173904141306,1,Locul Recoltării,46.641084,25.005256,886242,MS04CSE,2600158800360,2600158800360 - 4360/composesorat eremitu,False,Composesoratul Eremitu,13678014,Composesoratul Eremitu,13678014,SUMAL,JURIDICA,JURIDICA,1776161162550,1776175562550,16.804,,,,,3,2026-04-14T17:43:23.454342
AP26001385000211394504141306,1,Locul Recoltării,46.562453,25.053384000000005,885824,MS18LEW,2600138500240,2600138500240 - BIRO.10187,False,FILIALA OCOLUL SILVIC GHINDARI,23521105,Bako Levente-mihály Întreprindere Individuală,43736338,SUMAL,FIZICA,FIZICA,1776161160625,1776175560625,2.8644,,,,,3,2026-04-14T17:43:27.841549
DC26008373000001551204141305,2,Depozit,47.14961,27.60179,861,BT05DOC,,Leroy Merlin Iasi,False,LEROY MERLIN ROMANIA SRL,16702141,ALIN DOBOSERU,,NONSUMAL,FIZICA,FIZICA,1776161154557,1776168354557,0.109296,,,,,0,2026-04-14T17:43:28.944803
AP26006395000903433404141305,1,Locul Recoltării,46.444053,24.922846000000003,865117,MS74BNS,2500158802190,2500158802190 - 3439,False,BALANS SRL,15380110,BALANS SRL,15380110,SUMAL,JURIDICA,JURIDICA,1776161144959,1776175544959,9.2951,,,,,3,2026-04-14T17:43:39.723117
DA26001923000201514604141305,2,Depozit,46.09736999999999,21.664234000000004,3706,AR14LSA,,DEPOZIT RADNA ,False,SC RAN FOREST SERVICES SRL,17009420,II CAPTIU MARIN,38889319,SUMAL,FIZICA,FIZICA,1776161133633,1776182733633,2.20284,,,,,3,2026-04-14T17:43:45.634304
DC26019742000007103304141305,2,Depozit,45.323739,21.868282,874302,CS08NLZ,,RESITA,False,Era Ralumaia Trans S.R.L.,45134282,domokos romeu,,NONSUMAL,JURIDICA,JURIDICA,1776161133537,1776182733537,0.4,,,,,0,2026-04-14T17:43:47.670297
DA26004139000400198004141305,2,Depozit,46.409518999999996,21.634183000000004,7020,AR15EDW,,ZARAND NR 2 STR ZARANDULUI,False,SC EDUARD FOREST EXPLORER SRL,36348066,SC EDUARD FOREST EXPLORER SRL,36348066,SUMAL,FIZICA,FIZICA,1776161120441,1776182720441,4.0176,,,,,6,2026-04-14T17:43:53.947441
AP26001217000209826304141304,1,Locul Recoltării,43.797945,25.449297,821043,TRSMIRDIOASA105,2400121700320,2400121700320 - FRUMOASA,False,OCOLUL SILVIC ALEXANDRIA,1590120,Mircea Adrian ,,NONSUMAL,FIZICA,FIZICA,1776161087487,1776182687487,2.0,,,,,0,2026-04-14T17:43:55.651699
AP26001198000404043504141304,1,Locul Recoltării,44.063623,27.818482,804726,BANEASACT233,2300119800290,2300119800290 - 1787 Tailia,False,OCOLUL SILVIC BĂNEASA,1590120,OCOLUL SILVIC BĂNEASA,1590120,SUMAL,JURIDICA,JURIDICA,1776161079863,1776179079863,4.97,,,,,3,2026-04-14T17:44:00.034607
DC26003609005401699104141304,2,,45.855445,25.942212,1837,,,,,,,,,,,,,,,,,,,0,2026-04-14T17:44:22.087097
DA26005938002206301604141304,2,Depozit,47.08328600000001,22.221865999999995,3688,BH98WOD,,UILEACU DE CRIS,False,BENWOOD BUSINESS SRL,RO30399290,BENWOOD BUSINESS SRL,RO30399290,SUMAL,JURIDICA,JURIDICA,1776161077916,1776290677916,22.00021,,,,BH99WOD ,3,2026-04-14T17:44:33.013120
AP26002598000101435504141304,1,Locul Recoltării,47.163338,22.754821,876411,BOGHIS109,2500259802870,2500259802870 - Asociatia Boghis Autostrada ua.65;67D,False,OCOLUL SILVIC STEJARUL ZALĂU,25724076,Nagy József ,,NONSUMAL,FIZICA,FIZICA,1776161070866,1776182670866,1.674,,,,,0,2026-04-14T17:44:35.021805
AP26001422000305126204141304,1,Locul Recoltării,47.375207,22.373915,880505,BH50MMD,2600142200250,2600142200250 - COMP. URBARIAL PADUREA VERDE MARGHITA,False,OCOLUL SILVIC CODRII BEIUȘULUI R.A,18019510,Stancaforest S.R.L.,36340631,SUMAL,FIZICA,FIZICA,1776161061364,1776179061364,3.564,,,,,0,2026-04-14T17:44:44.522691
DC26021492000113404704141304,2,Depozit,44.71886,25.83492,231898,DB04BRG,,Geoflor,False,Brg Geoflor S.R.L.,44563790,Brg Geoflor S.R.L.,44563790,SUMAL,FIZICA,FIZICA,1776161060006,1776168260006,1.995,,,,,3,2026-04-14T17:44:53.553692
DC26007366002701973904141304,2,Depozit,44.199356,27.345894,3410,CL50AAR,,CALARASI,False,COSLO-ZINCA SRL,1912935,Aldi M.p.f.impex S.R.L.,     1930800,SUMAL,JURIDICA,JURIDICA,1776161058101,1776290658101,27.325494,,,,,3,2026-04-14T17:45:05.573590
AP26003798001809951904141304,1,Locul Recoltării,45.811792,26.200453999999997,885996,CV30SHL,2600120500270,2600120500270 - 4121 PF DE ,False,SIDOFOREST SRL,21165613,SIDOFOREST SRL,21165613,SUMAL,JURIDICA,JURIDICA,1776161052248,1776197052248,18.1038,,,,,3,2026-04-14T17:45:18.879330
DA26006210000207260704141304,2,Depozit,45.25331400000001,26.364537,9927,BZ77MXM,,Depozit Cislau,False,DAMAR WOOD SERV S.R.L.,26077733,DAMAR WOOD SERV S.R.L.,26077733,SUMAL,FIZICA,FIZICA,1776161046888,1776182646888,2.32231,,,,,3,2026-04-14T17:45:21.259047
DC26002036000000127504141303,2,Depozit,46.213414,21.290718,611009,AR15RDZ,,DEPOZIT PIATA LEMNE CRISADINWOOD,False,SC CRISADINWOOD SRL,42470954,SC CRISADINWOOD SRL,42470954,SUMAL,FIZICA,FIZICA,1776161037875,1776182637875,0.8726,,,,,3,2026-04-14T17:45:23.683380
DA26001033000100431804141303,2,Depozit,46.41339,26.48017,5531,BC13HXD,,DEPOZIT ,False,SC WOOD PLANET COMPANY SRL,RO 12486371,SC VENOGRUP ALEX SRL,RO30260240,SUMAL,JURIDICA,JURIDICA,1776161028509,1776182628509,1.3,,,,,3,2026-04-14T17:45:27.302774
AP26001428000402743104141303,1,Locul Recoltării,45.883876,25.680951,841552,CV06NUN,2400142803370,2400142803370 - 1149 Saratura 2,False,OCOLUL SILVIC TĂLIȘOARA,1590120,Deak Andras,1730710141032,SUMAL,FIZICA,FIZICA,1776160995199,1776182595199,4.96,,,,,0,2026-04-14T17:45:31.100969
DC26019697000009918904141303,2,Depozit,44.446566,25.880291,200346,GR33AAC,,Ciorogarla,False,MSF POLYCONS COM SRL,37970929,MSF POLYCONS COM SRL,37970929,SUMAL,JURIDICA,JURIDICA,1776160991619,1776196991619,0.5,,,,,0,2026-04-14T17:45:32.220836
DA26024556000712279104141303,2,Depozit,46.608448,22.421775,293881,BH18SUE,,SFL1,False,European Food International SRL,46325965,ABC EURO TECH SRL,RO30344537,SUMAL,JURIDICA,JURIDICA,1776160983886,1776175383886,7.02,,,,,3,2026-04-14T17:45:36.839183
DA26003773000208410304141302,2,Depozit,45.858276,26.177050999999995,2962,CV03ECV,,covasna str.pava de jos nr.35,False,EUROCOV SRL,RO11083966,EUROCOV SRL,RO11083966,SUMAL,FIZICA,FIZICA,1776160971160,1776182571160,2.5536,,,,,3,2026-04-14T17:45:41.692414
DC26007511000111377404141302,2,Depozit,45.66093,25.546303000000005,2211,GL08SKY,,ARABESQUE BRASOV,False,ARABESQUE S.R.L.,5340801,ARABESQUE S.R.L.,5340801,SUMAL,JURIDICA,JURIDICA,1776160969484,1776182569484,1.2,,,,,3,2026-04-14T17:45:48.564655
AP26005107001900508504141302,1,Locul Recoltării,45.056611,25.036217000000004,853407,DB93VRX,2500180701190,2500180701190 - 144 ACC I - POD IVANIS,False,CALAE NEW FOREST SRL,32676788,VIRIX PROD SRL,6681637,SUMAL,JURIDICA,JURIDICA,1776160969315,1776196969315,19.971,,,,,3,2026-04-14T17:45:55.697724
DC26005065002810495904141302,2,Depozit,45.045353,24.703004000000004,4052,AG48EXT,,BAICULESTI  - F1,False,EUROCOM EXPANSION SA,182034,EUROCOM EXPANSION SA,182034,SUMAL,JURIDICA,JURIDICA,1776160966642,1776182566642,28.43568,,,,,6,2026-04-14T17:46:12.191601
DC26006122000500764004141302,2,Depozit,47.671322,22.46459,13286,SM73FLY,,DEPOZIT CAREI,False,FEMATEX SRL,16466393,FEMATEX SRL,16466393,SUMAL,FIZICA,FIZICA,1776160961597,1776182561597,5.4771,,,,,3,2026-04-14T17:46:25.590081
DC26004167000009629104141302,2,Depozit,46.32935,27.017058000000002,24688,BC47DAG,,DEPOZIT DAGONDOR,False,SC DAGONDOR SRL,18973589,SC DAGONDOR SRL,18973589,SUMAL,FIZICA,FIZICA,1776160961182,1776168161182,0.4,,,,,3,2026-04-14T17:46:31.925415
AP26009123000103492204141302,1,Locul Recoltării,46.795763,24.661755,872630,MS20JHP,2500146000910,2500146000910 - APV405GroapaReceua25,False,Angela S.R.L.,14877651,GRITTO ATTILA,1800721260021,SUMAL,FIZICA,FIZICA,1776160960124,1776175360124,1.116,,,,,3,2026-04-14T17:46:35.223185
DC26007897000101103604141302,2,Depozit,46.078983,25.576713,10820,CV55ZOM,,Baraolt ,False,”DORFOREST” SRL,RO13243346,”DORFOREST” SRL,RO13243346,SUMAL,FIZICA,FIZICA,1776160958820,1776182558820,1.0,,,,,0,2026-04-14T17:46:37.196686
DA26006457000202573904141302,2,Depozit,46.13858100000001,20.571861,750871,TM01EDP,,Depozit Cenad,False,SC ED & OD TRANS 2017 SRL,37995664,SC ED & OD TRANS 2017 SRL,37995664,SUMAL,FIZICA,FIZICA,1776160957937,1776182557937,2.883,,,,,3,2026-04-14T17:46:48.738619
DA26008709000101446104141302,2,Depozit,44.662943000000006,26.784302,1365,IL01COM,,COMIGO IMPEX SRL,False,Comigo Impex S.R.L.,3353473,Comigo Impex S.R.L.,3353473,SUMAL,FIZICA,FIZICA,1776160947665,1776168147665,1.0,,,,,3,2026-04-14T17:46:54.057925
DA26002337000000400004141302,2,Depozit,45.034362,21.685575,676310,CS50DOI,,DEPOZIT PRINCIPAL ORAVITA,False,S.C.FORELLE-WOODART S.R.L.,31039477,S.C.VILELLA INTER S.R.L.,17168433,SUMAL,FIZICA,FIZICA,1776160935938,1776182535938,0.62,,,,,0,2026-04-14T17:46:55.465886
AP26002689000206991604141302,1,Locul Recoltării,47.341392000000006,22.219065,876918,BH17YCX,2500152300540,2500152300540 - 498 G1 GALME,False,Faforestdepo SRL,38422606,Faforestdepo SRL,38422606,SUMAL,JURIDICA,JURIDICA,1776160933392,1776182533392,2.574,,,,,3,2026-04-14T17:47:09.469585
DC26002613000209934004141302,2,Depozit,46.319172,23.728606,42127,AB08JBK,,cherestea punct de lucru,False,SC MOBIS ANDY LADUSLAV SRL,1765427,SC MOBIS ANDY LADUSLAV SRL,1765427,SUMAL,JURIDICA,JURIDICA,1776160929540,1776164529540,2.255,,,,,3,2026-04-14T17:47:30.749693
DA26007722000102659404141302,2,Depozit,43.925956,25.364393,12091,TR12NXM,,POROSCHIA_1,False,Nelu & Marius S.R.L.,28790694,Nelu & Marius S.R.L.,28790694,SUMAL,FIZICA,FIZICA,1776160924090,1776168124090,1.002,,,,,0,2026-04-14T17:47:38.961164
DC26000141000008816204141302,2,Depozit,46.24515399999999,27.680933,327612,VS20BAM,,MAGAZIN DEDEMAN BARLAD,False,SC DEDEMAN SRL,RO 2816464,VASILOR DELIVERY S.R.L.,50179477,SUMAL,FIZICA,FIZICA,1776160921225,1776182521225,0.201096,,,,,3,2026-04-14T17:47:44.158060
DC26035574000213475204141301,2,Depozit,46.819531,21.670974,886314,BH31PDV,,Depozit Madaras,False,Zenith Mariconstruct SRL,54372780,BORZ PAVEL ALEXANDRU ,,NONSUMAL,JURIDICA,JURIDICA,1776160916732,1776182516732,2.48,,,,,0,2026-04-14T17:47:45.389403
AP26001413000301170204141301,1,Locul Recoltării,46.234552,24.989661,848637,NR259SECUIENI,2500141303620,2500141303620 - Composesorat Millenium Mureni P 12546,False,OCOLUL SILVIC HOMOROD,1590120,Mihály iosif ,,NONSUMAL,FIZICA,FIZICA,1776160907923,1776182507923,3.0,,,,,0,2026-04-14T17:47:49.791301
AP26002816000401754804141301,1,Locul Recoltării,46.500344000000005,22.039582,881537,AR40NAE,2600281600120,2600281600120 - 9 / Galalau,False,OCOLUL SILVIC DUMBRAVA R.A.,25538820,PFA REZBAN FLORIN,39373234,SUMAL,FIZICA,FIZICA,1776160901950,1776175301950,4.056,,,,,3,2026-04-14T17:48:02.121711
DA26018117000206493904141301,2,Depozit,43.992655,25.027942,93966,TR09CND,,CND TRANS LOGISTIC,False,CND TRANS LOGISTIC SRL,44725760,CND TRANS LOGISTIC SRL,44725760,SUMAL,FIZICA,FIZICA,1776160884480,1776182484480,2.0088,,,,,0,2026-04-14T17:48:07.885821
DC26000520004912172504141301,2,Depozit,45.965888,23.549066,7182,SB89YVD,,TIMBER SEBEȘ,False,KRONOSPAN TIMBER SEBES S.R.L.,RO45417718,Istrate Com S.R.L.,10704330,SUMAL,JURIDICA,JURIDICA,1776160884051,1776333684051,49.97376,,,,,3,2026-04-14T17:48:11.976305
DC26006983000010269104141301,2,Depozit,44.74388100000001,26.132317,10362,IF05FSX,,Damira Com,False,DAMIRA COM SRL,23462912,DAMIRA COM SRL,23462912,SUMAL,JURIDICA,JURIDICA,1776160880704,1776178880704,0.22,,,,,3,2026-04-14T17:48:19.169402
DC26009512001001818004141301,2,Depozit,44.335972,24.688614,3652,OT21FMY,,DEPOZIT - SERBANESTI,False,FOREST SERB S.R.L.,RO8525278,FOREST SERB S.R.L.,RO8525278,SUMAL,JURIDICA,JURIDICA,1776160872997,1776182472997,10.0128,,,,,3,2026-04-14T17:48:22.739584
DC26004951000100468104141301,2,Depozit,45.227284,26.400839,4700,BZ73PMC,,Cislau,False,TEHNOSTER COMPACT S.R.L.,27833738,Constantin Bogdan,,NONSUMAL,FIZICA,FIZICA,1776160872845,1776168072845,1.512,,,,,0,2026-04-14T17:48:23.817470
DA26003798000210064404141301,2,Depozit,45.872401,26.18813,4430,CV31SHL,,Pava nr 1151,False,SIDOFOREST SRL,21165613,SIDOFOREST SRL,21165613,SUMAL,FIZICA,FIZICA,1776160867159,1776182467159,2.5,,,,,3,2026-04-14T17:48:26.424963
DA26005476001801796004141301,2,Depozit,45.466467,24.317875,10898,VL09HDW,,OBSTEA MOSNENILOR GREBLESTI,False,OBȘTEA MOȘNENILOR GREBLEȘTI,RO14835974,SC HARDWOOD SRL,RO6670492,SUMAL,JURIDICA,JURIDICA,1776160862110,1776196862110,18.16892,,,,,3,2026-04-14T17:48:31.026206
DC26013593000004911204141300,2,Depozit,45.436529,22.227588,762004,MS82LUS,,CARANSEBES 44044 DEPOZIT,False,Tinca Cornelia Întreprindere Individuală,43711252,Tinca Cornelia Întreprindere Individuală,43711252,SUMAL,JURIDICA,JURIDICA,1776160857092,1776168057092,0.66,,,,,3,2026-04-14T17:48:34.973028
AP26001217000109826304141300,1,Locul Recoltării,43.797945,25.449297,821043,TRCONTESTI299,2400121700320,2400121700320 - FRUMOASA,False,OCOLUL SILVIC ALEXANDRIA,1590120,Cochintu Ionut ,,NONSUMAL,FIZICA,FIZICA,1776160851009,1776182451009,1.0,,,,,0,2026-04-14T17:48:36.987126
DA26003534000102229104141300,2,Depozit,46.515229,25.156189,4971,HR10EST,,Ocna De Sus 1/A,False,SC ESTERER SRL,13233903,SC ESTERER SRL,13233903,SUMAL,FIZICA,FIZICA,1776160844040,1776182444040,1.6,,,,,3,2026-04-14T17:48:45.796460
DA26004619000402095604141300,2,Depozit,45.078837,27.285625999999997,437263,BZ69CEF,,DEPOZIT FAUREI,False,CĂTĂLINA ETNO FOREST S.R.L.,34037381,CĂTĂLINA ETNO FOREST S.R.L.,34037381,SUMAL,FIZICA,FIZICA,1776160842660,1776182442660,4.02803,,,,,3,2026-04-14T17:48:51.359353
DA26010167000211520204141300,2,Depozit,46.554876,25.770653,21128,HR12GZZ,,Konkar Level Tomesti ,False,Konkar Level S.R.L.,38460707,Konkar Level S.R.L.,38460707,SUMAL,FIZICA,FIZICA,1776160840030,1776182440030,2.268,,,,,3,2026-04-14T17:48:56.093080
AP26002689000204735304141300,1,Locul Recoltării,47.376662,22.299436,879009,BH77FAG,2500152300430,2500152300430 - 487 G1 SPRE LAC,False,Faforestdepo SRL,38422606,Faforestdepo SRL,38422606,SUMAL,FIZICA,FIZICA,1776160839314,1776182439314,2.4948,,,,,0,2026-04-14T17:48:58.284488
DC26002834000100618704141300,2,Depozit,47.468666000000006,23.29566,7153,MM73SAS,,ULMENI TINERETULUI 3,False,SASMILCONS SRL,25622190,SASMILCONS SRL,25622190,SUMAL,FIZICA,FIZICA,1776160819750,1776171619750,1.0,,,,,3,2026-04-14T17:49:07.596773
DC26003729000106757704141300,2,Depozit,44.577357,27.388917000000003,3213,IL09CXC,,Depozit Slobozia,False,FLORIFOREST SRL,RO17245013,CARACOSTEA D. VICTOR ÎNTREPRINDERE INDIVIDUALĂ,43655837,SUMAL,FIZICA,FIZICA,1776160817000,1776168017000,1.5,,,,,3,2026-04-14T17:49:11.461368
DA26001645000102621104141300,2,Depozit,45.417326,23.360394,479,B222PGI,,PETROSANI,False,SC IMPERIAL PG SRL,RO 12470162,SC IMPERIAL PG SRL,RO 12470162,SUMAL,FIZICA,FIZICA,1776160806227,1776182406227,1.6,,,,,3,2026-04-14T17:49:15.874622
AP26005107001600508504141259,1,Locul Recoltării,45.056611,25.036217000000004,853407,DB92VRX,2500180701190,2500180701190 - 144 ACC I - POD IVANIS,False,CALAE NEW FOREST SRL,32676788,VIRIX PROD SRL,6681637,SUMAL,JURIDICA,JURIDICA,1776160799688,1776196799688,16.6549,,,,,3,2026-04-14T17:49:20.615934
AP26000084000201687104141259,1,Locul Recoltării,47.925319,26.296517,806172,BT280LOZNA,2500008405340,2500008405340 - ciubotaru schiopu gelu,False,OCOLUL SILVIC DOROHOI,1590120,Ciubotaru Gelu ,,NONSUMAL,FIZICA,FIZICA,1776160798313,1776182398313,2.029999,,,,,0,2026-04-14T17:49:23.642238
DC26006782000000856504141259,2,Depozit,46.527549,24.535513,1582,ICB134,,Depozit TG Mures,False,OLARU PROD SRL,16035714,TAKACS - SZABO - BODO SABINA,,NONSUMAL,FIZICA,FIZICA,1776160795281,1776182395281,0.102,,,,,0,2026-04-14T17:49:24.663561
DC26008373000002553804141259,2,Depozit,45.70376,21.18262,856,TM25AEV,,Leroy Merlin Timisoara,False,LEROY MERLIN ROMANIA SRL,16702141,ROBERT MARCUT,,NONSUMAL,FIZICA,FIZICA,1776160763349,1776182363349,0.36816,,,,,0,2026-04-14T17:49:26.464602
AP26006716001300849304141259,1,Locul Recoltării,46.686283,26.026065,882187,HR01ATS,2500149004580,"2500149004580 - 14368 - Composesorat Terko-Tomesti, Cant. Nr. 11",False,Atmon Silv S.R.L.,28157545,Atmon Silv S.R.L.,28157545,SUMAL,JURIDICA,JURIDICA,1776160759300,1776182359300,13.2338,,,,,0,2026-04-14T17:49:29.732609
AP26006438001513173904141259,1,Locul Recoltării,46.641084,25.005256,886242,MS03CSE,2600158800360,2600158800360 - 4360/composesorat eremitu,False,Composesoratul Eremitu,13678014,Composesoratul Eremitu,13678014,SUMAL,JURIDICA,JURIDICA,1776160754930,1776175154930,15.5322,,,,,3,2026-04-14T17:49:36.575279
DA26007943000106612604141259,2,Depozit,44.398647000000004,28.661483,6474,CT14DMX,,dan mixt cons,False,Sc Dan Mixt Cons S.R.L.,30115215,Sc Dan Mixt Cons S.R.L.,30115215,SUMAL,FIZICA,FIZICA,1776160751363,1776167951363,1.0,,,,,3,2026-04-14T17:49:42.595683
DC26014911000005319104141259,2,Depozit,47.896441,22.966138,161883,SM82RBY,,Roby&Beatrix,False,Roby & Beatrix S.R.L.,42700050,Roby & Beatrix S.R.L.,42700050,SUMAL,FIZICA,FIZICA,1776160749906,1776167949906,0.21,,,,,0,2026-04-14T17:49:45.355103
DA26029465000310542904141259,2,Depozit,46.753005,23.847456000000005,511152,CJ20BTY,,DEPOZIT COJOCNA FN AGRODAS,False,SC AGRODASCOM FOREST SRL,48841423,SC AGRODASCOM FOREST SRL,48841423,SUMAL,FIZICA,FIZICA,1776160748695,1776167948695,3.63,,,,,3,2026-04-14T17:49:48.268105
AP26002383000303362704141259,1,Locul Recoltării,46.002846,21.669527,873868,AR14KWM,2300238300160,2300238300160 - 1186 / Bujori,False,OCOLUL SILVIC LIPOVA,1590120,PFA BALEA PETRU,41286008,SUMAL,FIZICA,FIZICA,1776160747413,1776196747413,3.70481,,,,,3,2026-04-14T17:49:53.061797
AP26002595000302324604141259,1,Locul Recoltării,47.103866,24.103812,883693,UNG225,2600259500480,2600259500480 - UMGURAS RACORDARE 26042,False,OCOLUL SILVIC BLIDARU,25534861,Molnar Norbi,,NONSUMAL,FIZICA,FIZICA,1776160745028,1776167945028,3.1104,,,,CARUCIOR ,0,2026-04-14T17:49:55.777289
DA26000139002202234304141259,2,Depozit,44.767597,25.235977000000002,5031,DB68VRX,,VIRIX PROD,False,VIRIX PROD SRL,6681637,VIRIX PROD SRL,6681637,SUMAL,JURIDICA,JURIDICA,1776160741340,1776225541340,22.0,,,,,3,2026-04-14T17:49:57.867163
DC26004696000102843304141259,2,Depozit,45.550406,27.500879,9556,B277SWS,,Nanesti,False,SORANTO SPEED S.R.L.,29860275,SORANTO SPEED S.R.L.,29860275,SUMAL,FIZICA,FIZICA,1776160741330,1776167941330,1.9107,,,,,3,2026-04-14T17:50:02.204580
DC26000141000003214704141259,2,Depozit,46.175145,21.373896,579279,AR24ZUM,,MAGAZIN DEDEMAN ARAD 2,False,SC DEDEMAN SRL,RO 2816464,HORVAT PAUL,,NONSUMAL,FIZICA,FIZICA,1776160740894,1776182340894,0.1956,,,,,0,2026-04-14T17:50:04.224654
AP26003955000301664404141258,1,Locul Recoltării,46.954146,23.954037,883074,298SIC,2400395504990,2400395504990 - CODOMARC (168),False,OCOLUL SILVIC GHERLA,1590120,Ajtai Ioan,,NONSUMAL,FIZICA,FIZICA,1776160735740,1776182335740,3.538,,,,,0,2026-04-14T17:50:08.372655
DA26014067000205843404141258,2,Depozit,47.69324,22.44008,51270,SM70MGD,,DEPOZIT CAREI,False,Denes Andrei Forest S.R.L.,43667343,Denes Andrei Forest S.R.L.,43667343,SUMAL,FIZICA,FIZICA,1776160726837,1776167926837,2.604,,,,,3,2026-04-14T17:50:12.518985
AP26001217000109826304141258,1,Locul Recoltării,43.797945,25.449297,821043,TRCONTESTI203,2400121700320,2400121700320 - FRUMOASA,False,OCOLUL SILVIC ALEXANDRIA,1590120,Oancea Ionel ,,NONSUMAL,FIZICA,FIZICA,1776160713660,1776182313660,1.0,,,,,0,2026-04-14T17:50:13.553379
DC26011869000203653904141258,2,Depozit,46.541268,25.499601,19823,HR23FYS,,cserny,False,Com-cserny S.R.L.,16622948,simon erno,,NONSUMAL,FIZICA,FIZICA,1776160704177,1776182304177,2.145,,,,,0,2026-04-14T17:50:16.166477
DA26006827000900861504141258,2,Depozit,46.967467,25.730377,1404,HR11TWP,,DEP. M.L. - BABULICA FL. SRL,False,Babulică Floreli S.R.L.,27473485,SC TREFOREX SRL,16035706,SUMAL,JURIDICA,JURIDICA,1776160687262,1776196687262,9.0,,,,,3,2026-04-14T17:50:19.547385
DA26024556000612279104141258,2,Depozit,46.608448,22.421775,293881,BH07TMR,,SFL1,False,European Food International SRL,46325965,TRANSILVANIA GENERAL IMPORT EXPORT SRL,RO97800,SUMAL,JURIDICA,JURIDICA,1776160680853,1776175080853,6.5538,,,,,3,2026-04-14T17:50:22.473629
DC26004665001203130504141257,2,Depozit,46.331885,25.507316,17156,HR23PAX,,VLAHITA RAKOS,False,SC SUNI COMPANY SRL,11347391,SC SUNI COMPANY SRL,11347391,SUMAL,JURIDICA,JURIDICA,1776160671969,1776196671969,12.89178,,,,,3,2026-04-14T17:50:25.750270
DA26004446000003968404141257,2,Depozit,46.11721,24.25458,20500,SB92SLG,,Dep. Copsa Mica,False,SALIGNY SRL,805353,SALIGNY SRL,805353,SUMAL,FIZICA,FIZICA,1776160665597,1776171465597,0.8,,,,,3,2026-04-14T17:50:28.750101
DA26002089000010449604141257,2,Depozit,44.560294,24.268658,732990,SB77MRT,,Dep.Runcu Mare ,False,MARYTRANS CIS SRL,30555771,MARYTRANS CIS SRL,30555771,SUMAL,FIZICA,FIZICA,1776160658167,1776167858167,0.825,,,,,3,2026-04-14T17:50:31.752812
DC26009041000102749404141257,2,Depozit,46.513958,24.611005,8549,MS80ATI,,Depozit Cherestea REMHARWOOD SRL,False,Remharwood S.R.L.,26116220,NAGY ATTILA ,,NONSUMAL,JURIDICA,JURIDICA,1776160655514,1776167855514,1.867773,,,,,0,2026-04-14T17:50:33.621336
AP26001218000100951704141257,1,Locul Recoltării,44.769609,27.860744,869478,CT15WDH,2500121800180,2500121800180 - 1226 Vaca,False,OCOLUL SILVIC SLOBOZIA,1590120,bunica robert,,NONSUMAL,FIZICA,FIZICA,1776160655496,1776175055496,1.24,,,,,0,2026-04-14T17:50:34.637060
DA26004348000112287804141257,2,Depozit,44.387587,28.383872,718011,VN94CIA,,DEPOZIT BALCESCU,False,LAGICRITRANS SRL,30750772,LAGICRITRANS SRL,30750772,SUMAL,FIZICA,FIZICA,1776160647661,1776182247661,1.24,,,,,3,2026-04-14T17:50:37.642566
DC26009397000201752504141257,2,Depozit,47.777121,22.859472,2532,SM61CIO,,Depozit Inaului,False,LUCI CIOCAN SRL,RO 27217509,LUCI CIOCAN SRL,RO 27217509,SUMAL,JURIDICA,JURIDICA,1776160625854,1776182225854,2.1357,,,,,0,2026-04-14T17:50:41.010589
AP26004176000303971204141257,1,Locul Recoltării,47.353987,22.975906999999996,878853,SJ50KEZ,2500147302110,2500147302110 - Deal Proprietati 2112 Pr 1,False,ZOLY FOREST SRL,RO 16585289,ZOLY FOREST SRL,RO 16585289,SUMAL,FIZICA,FIZICA,1776160625582,1776182225582,3.348,,,,,3,2026-04-14T17:50:45.168529
DC26004070000003008704141256,2,Depozit,45.18847400000001,28.816635,11275,TL09WZH,,DEPOZIT SENS,False,PROMOTION GRUP S.R.L.,17289591,PROMOTION GRUP S.R.L.,17289591,SUMAL,FIZICA,FIZICA,1776160616289,1776167816289,0.225,,,,,3,2026-04-14T17:50:47.736959
DA26006827000900861504141256,2,Depozit,46.967467,25.730377,1404,HR12TWP,,DEP. M.L. - BABULICA FL. SRL,False,Babulică Floreli S.R.L.,27473485,SC TREFOREX SRL,16035706,SUMAL,JURIDICA,JURIDICA,1776160614829,1776196614829,9.0,,,,,3,2026-04-14T17:50:54.249176
DC26000132000002825504141256,2,Depozit,44.60597,25.54895,7755,DB38TNS,,ODOBESTI,False,SPERANȚA SERAFIM 2010 SRL,27265344,Tănase marius valentin ,,NONSUMAL,FIZICA,FIZICA,1776160598147,1776174998147,0.92,,,,,0,2026-04-14T17:50:55.248561
DC26004000000600148604141256,2,Depozit,44.448741000000005,26.165429,76,B110BSB,,DEPOZIT CHERESTEA,False,BSB INT. TRADE SRL,33936517,BSB INT. TRADE SRL,33936517,SUMAL,JURIDICA,JURIDICA,1776160595576,1776167795576,6.336,,,,,3,2026-04-14T17:51:07.483466
DC26005735000000684804141256,2,Depozit,45.713222,25.783891,5541,BV06LVL,,Sc.al vesuvio.srl,False,AL VESUVIO SRL,11115774,SOOS LADISLAU,,NONSUMAL,FIZICA,FIZICA,1776160592512,1776167792512,0.09,,,,,0,2026-04-14T17:51:11.934164
DA26001023000613019604141256,2,Depozit,47.930254,23.936462,2290,MM66YBG,,Doboies 13A,False,TRANSILVANIA BOIS SRL,10881897,GOBANI SRL,22706784,SUMAL,FIZICA,FIZICA,1776160588049,1776182188049,6.2,,,,,0,2026-04-14T17:51:12.925936
DC26006620000000836904141256,2,Depozit,46.657835,24.921181,10585,MS16ZEL,,sc mik company srl,False,Mik Company S.R.L.,24438173,Mik Company S.R.L.,24438173,SUMAL,FIZICA,FIZICA,1776160575447,1776182175447,0.384,,,,,3,2026-04-14T17:51:18.222880
DA26000393000112670604141256,2,Depozit,43.990353,28.627516,208164,SV31SNR,,DEPOZIT TUZLA,False,SC SANIRAL SRL,14585053,SC SANIRAL SRL,14585053,SUMAL,FIZICA,FIZICA,1776160572239,1776182172239,1.54,,,,,3,2026-04-14T17:51:21.784324
DC26003990000001634504141255,2,Depozit,46.837632,27.46313,834257,VS10FOX,,Negresti 2,False,REDCON UNU SRL,28185839,Cuzuc Ionut,,NONSUMAL,FIZICA,FIZICA,1776160555397,1776167755397,0.36,,,,,0,2026-04-14T17:51:22.788804
AP26001217000209826304141255,1,Locul Recoltării,43.797945,25.449297,821043,TRFRUMOASA286,2400121700320,2400121700320 - FRUMOASA,False,OCOLUL SILVIC ALEXANDRIA,1590120,Cristea Ștefan ,,NONSUMAL,FIZICA,FIZICA,1776160555329,1776182155329,2.0,,,,,0,2026-04-14T17:51:24.642576
DC26026438000212972704141255,2,Depozit,44.063610000000004,27.701994,381618,CT53CND,,Depozitul 1,False,C & D CONSTRUCTII MARKET SRL,47304286,C & D CONSTRUCTII MARKET SRL,47304286,SUMAL,FIZICA,FIZICA,1776160544638,1776167744638,2.5,,,,,3,2026-04-14T17:51:29.863444
DA26006597000300833404141255,2,Depozit,46.12842800000001,25.551125,29105,CV06JRE,,Depozit Rang Mahal Varghis,False,RANG MAHAL SRL,23426880,RANG MAHAL SRL,23426880,SUMAL,FIZICA,FIZICA,1776160541426,1776174941426,3.75658,,,,,3,2026-04-14T17:51:32.410107
DC26010201000003148704141255,2,Depozit,47.245741,22.770259,8471,SJ02EUR,,Depozit structuri constructii,False,Universal Euro Build SRL,RO30675360,Universal Euro Build SRL,RO30675360,SUMAL,FIZICA,FIZICA,1776160540294,1776167740294,0.2625,,,,,3,2026-04-14T17:51:36.366181
DA26002823000500100704141255,2,Depozit,46.58698999999999,22.517418000000003,2563,SB53LEO,,Depozit Stancesti nr 52 B,False,FAG FOREST SRL,RO13729720,DALEO SRL,18971391,SUMAL,JURIDICA,JURIDICA,1776160533375,1776333333375,5.17441,,,,,3,2026-04-14T17:51:38.707445
DC26001963000000604104141255,2,Depozit,47.58322,23.409006,5034,SM07CLH,,Mogosesti 199,False,LUCDARIUS SRL,27985876,ALMASI CSABA,,NONSUMAL,JURIDICA,JURIDICA,1776160527862,1776196527862,0.8,,,,,0,2026-04-14T17:51:40.563484
DA26005957000304250204141255,2,Depozit,47.666406,22.946072,6701,SM04LAT,,LATNAVER VII-SM,False,LATNAVER SRL,RO 30796346,LATNAVER SRL,RO 30796346,SUMAL,FIZICA,FIZICA,1776160518111,1776182118111,3.0,,,,,3,2026-04-14T17:51:47.443128
DC26005172000900520804141255,2,Depozit,46.953464,25.097692,1902,HR19YVO,,L.B fnr,False,CIOCAN ADI SRL,RO 16624183,Ilyes Trans S.R.L.,24468271,SUMAL,JURIDICA,JURIDICA,1776160517141,1776333317141,9.99,,,,,3,2026-04-14T17:51:49.582896
DA26018117000306493904141255,2,Depozit,43.99265499999999,25.027942,93966,TR10CND,,CND TRANS LOGISTIC,False,CND TRANS LOGISTIC SRL,44725760,CND TRANS LOGISTIC SRL,44725760,SUMAL,FIZICA,FIZICA,1776160512037,1776182112037,3.0132,,,,,3,2026-04-14T17:51:53.296846
DC26010901000105236004141255,2,Depozit,44.216451,27.459412,21480,CL01APT,,DEPOZIT,False,Apostol Trans S.R.L.,24366050,Apostol Trans S.R.L.,24366050,SUMAL,FIZICA,FIZICA,1776160503510,1776167703510,1.31,,,,,3,2026-04-14T17:51:58.854690
AP26024155000110067804141255,1,Locul Recoltării,47.719273,26.572646,797780,BT61NYC,2500008601210,2500008601210 - BAISA,False,SC HUTAN EXCOM SRL,46224456,P.F.A. URSACIUC CRISTINEL,24440629,SUMAL,FIZICA,FIZICA,1776160503100,1776182103100,1.199,,,,,0,2026-04-14T17:52:00.063916
DC26006096000210090604141254,2,Depozit,47.675052,22.479326,12726,SM78KMZ,,K&M Zwillinger Carei,False,K & M ZWILLINGER SRL,29534643,K & M ZWILLINGER SRL,29534643,SUMAL,JURIDICA,JURIDICA,1776160486888,1776182086888,2.79,,,,,3,2026-04-14T17:52:02.293726
DC26002091000101766704141254,2,Depozit,47.132453,21.910287,2241,BH15EDE,,Biharia ,False,Delforest SRL,14484881,FEKETE ZSOLT ,,NONSUMAL,JURIDICA,JURIDICA,1776160483484,1776182083484,1.0,,,,,0,2026-04-14T17:52:03.516837
AP26002583000603439204141254,1,Locul Recoltării,47.348606999999994,22.722506,863152,SJ60RNP,2500258302070,2500258302070 - PROGRESIVA DOH 455,False,OCOLUL SILVIC MĂGURA ȘIMLEUL SILVANIEI,1590120,OCOLUL SILVIC MĂGURA ȘIMLEUL SILVANIEI,1590120,SUMAL,FIZICA,FIZICA,1776160483471,1776182083471,6.07117,,,,,3,2026-04-14T17:52:05.262981
DA26006544000100826204141254,2,Depozit,45.020304,24.282805,1515,VL69VAD,,CRAIUL MUNTILOR S.R.L.,False,Craiul Muntilor S.R.L.,RO15517391,CILICA STEFAN,,NONSUMAL,FIZICA,FIZICA,1776160480498,1776182080498,1.0044,,,,,0,2026-04-14T17:52:11.145538
DA26001568000300380804141254,2,Depozit,45.623903000000006,25.707908,23718,BV98CSY,,DEPOZIT LEMN DE FOC SACELE,False,REGIA PUBLICĂ LOCALĂ A PĂDURILOR SĂCELE R.A.,18856511,GODRI M. CSABA PERSOANĂ FIZICĂ AUTORIZATĂ,43706604,SUMAL,FIZICA,FIZICA,1776160478129,1776182078129,3.100062,,,,,3,2026-04-14T17:52:13.091428
AP26002755000113291304141254,1,Locul Recoltării,44.729118,26.011033,875240,ATELAJ,2500119201220,2500119201220 - 1144 Cioatara I,False,TIMBER REAL WOOD SRL,31966694,Croitoru Constantin ,,NONSUMAL,FIZICA,FIZICA,1776160470018,1776182070018,1.302,,,,,0,2026-04-14T17:52:18.885400
AP26027640000711000804141254,1,Locul Recoltării,46.434576,25.494643,755445,HR1110,2400141301990,2400141301990 - Stat Kadicsfalvidomb P 104,False,Simó Loránt Întreprindere Individuală,47913173,Tanko Csaba,1830719190476,SUMAL,FIZICA,FIZICA,1776160469017,1776182069017,7.2,,,,,3,2026-04-14T17:52:21.318038
DC26000937000400190504141254,2,Depozit,46.995838,26.419278000000002,2540,NT24DCM,,Depozit Dobreni,False,SC DELCOM FOREST SRL,16578559,SC DELCOM FOREST SRL,16578559,SUMAL,JURIDICA,JURIDICA,1776160465236,1776182065236,4.06152,,,,,3,2026-04-14T17:52:25.423845
DA26005476001601796004141254,2,Depozit,45.466467,24.317875,10898,VL08HDW,,OBSTEA MOSNENILOR GREBLESTI,False,OBȘTEA MOȘNENILOR GREBLEȘTI,RO14835974,SC HARDWOOD SRL,RO6670492,SUMAL,JURIDICA,JURIDICA,1776160453298,1776196453298,16.60343,,,,,3,2026-04-14T17:52:30.267335
DC26010110000006342104141254,2,Depozit,46.54989,23.892709,8357,CJ24AUE,,BUSTEANU,False,SC BUȘTEANU  PRODUCT SRL,35217119,SC ALIN MATEI FOREST SRL,4504260,SUMAL,FIZICA,FIZICA,1776160450659,1776174850659,0.495,,,,,3,2026-04-14T17:52:36.135200
DA26011293000303389204141254,2,Depozit,46.663920999999995,25.563594,619084,NIG958,,Szaboka 81,False,Szabó A-a László Întreprindere Individuală,37192533,Szabó A-a László Întreprindere Individuală,37192533,SUMAL,FIZICA,FIZICA,1776160448361,1776182048361,3.472,,,,,3,2026-04-14T17:52:38.827968
DA26006014000200743404141254,2,Depozit,47.975764,23.023987,12565,SM44CON,,HALMEU,False,CONTRA IOAN SAMUEL II,31644737,CONTRA IOAN SAMUEL II,31644737,SUMAL,FIZICA,FIZICA,1776160447933,1776167647933,2.7776,,,,,3,2026-04-14T17:52:47.324316
DC26007318000000958704141254,2,Depozit,44.12762,28.600230999999997,265981,CT97LDV,,LDVWOOD 2,False,LDVWOOD.SRL,40709991,LDVWOOD.SRL,40709991,SUMAL,FIZICA,FIZICA,1776160444651,1776167644651,0.16,,,,,3,2026-04-14T17:52:49.058228
DC26004261000000254604141254,2,Depozit,47.146943,22.873221,2263,SJ11DGT,,Magazin Lemn SRL,False,Magazin Lemn SRL,RO36461773,Solyom Attila ,,NONSUMAL,FIZICA,FIZICA,1776160443225,1776171243225,0.5,,,,,0,2026-04-14T17:52:51.386343
DA26008554000208233504141253,2,Depozit,43.862632999999995,25.445155,19852,TR70EDG,,BEIU 1,False,ILIE I. AUREL SUCCESOR ÎNTREPRINDERE INDIVIDUALĂ,31228255 ,ILIE I. AUREL SUCCESOR ÎNTREPRINDERE INDIVIDUALĂ,31228255 ,SUMAL,FIZICA,FIZICA,1776160439127,1776182039127,2.0088,,,,,3,2026-04-14T17:52:53.566684
DA26009904000302008604141253,2,Depozit,45.035134,21.678051999999997,206889,CS05LUF,,lucas,False,Lucas & Diana Spedition S.R.L.,37879970,Lucas & Diana Spedition S.R.L.,37879970,SUMAL,FIZICA,FIZICA,1776160431110,1776174831110,3.41496,,,,,3,2026-04-14T17:52:57.006150
DC26010554000004334904141253,2,Depozit,43.947667,28.086504,9583,CT18EIM,,ELIONMAR COMMERCE,False,Elionmar Commerce S.R.L.,39555821,Elionmar Commerce S.R.L.,39555821,SUMAL,FIZICA,FIZICA,1776160416356,1776167616356,0.9,,,,,3,2026-04-14T17:52:59.117712
AP26002598000201426104141253,1,Locul Recoltării,47.13696,22.930123,884564,MESJOS83,2600259800540,2600259800540 - Asociatia Mesesenii de Jos Progr.II ua.28B,False,OCOLUL SILVIC STEJARUL ZALĂU,25724076,Bordas Sandor,,NONSUMAL,FIZICA,FIZICA,1776160415820,1776182015820,2.604,,,,,0,2026-04-14T17:53:00.959561
AP26004973001306668904141253,1,Locul Recoltării,44.320952,22.776428999999997,879278,AG49YAC,2500355003060,2500355003060 - 2731 Lascu ACC 1,False,YAC BESTWOOD SRL,4971545,YAC BESTWOOD SRL,4971545,SUMAL,JURIDICA,JURIDICA,1776160386262,1776225186262,13.09612,,,,,3,2026-04-14T17:53:03.994224
DC26006127000002390004141252,2,Depozit,47.824112,22.943358,5809,SM73EML,,Depozit Botiz,False,TOMIS SRL,RO 668051,gherebe daniel,,NONSUMAL,FIZICA,FIZICA,1776160373340,1776167573340,0.5625,,,,,0,2026-04-14T17:53:08.049105
AP26001699000103001004141252,1,Locul Recoltării,45.233945,26.322047,840986,CALVINI02047,2500169906650,2500169906650 - 18934 Vaduva Nicolae,False,OCOLUL SILVIC CISLĂU,1590120,Popescu Alexandru ,,NONSUMAL,FIZICA,FIZICA,1776160372316,1776171172316,1.36051,,,,,0,2026-04-14T17:53:09.104740
DA26011420000003460704141252,2,Depozit,44.118213,24.490859,22814,OT92WMM,,Mari stoenesti ,False,FLOREA MIRCEA - MARIAN S.R.L.,37917283,FLOREA MIRCEA - MARIAN S.R.L.,37917283,SUMAL,FIZICA,FIZICA,1776160365557,1776167565557,0.59,,,,1,3,2026-04-14T17:53:13.705308
AP26001196000502270004141252,1,Locul Recoltării,44.480234,26.357571,864859,,2500119600340,2500119600340 - 280 Pasarea Hagiesti,False,OCOLUL SILVIC BRĂNEȘTI,1590120,mirea marian,,NONSUMAL,FIZICA,FIZICA,1776160362016,1776181962016,5.0,,,,,0,2026-04-14T17:53:15.416214
DC26007941000001903404141252,2,Depozit,44.41121999999999,27.814529000000004,5120,B122LHX,,Grinelor,False,Camcris S.R.L.,19112650,Camcris S.R.L.,19112650,SUMAL,FIZICA,FIZICA,1776160351972,1776167551972,0.7128,,,,,3,2026-04-14T17:53:21.210720
DC26004665001103130504141252,2,Depozit,46.331885,25.507316,17156,HR22PAX,,VLAHITA RAKOS,False,SC SUNI COMPANY SRL,11347391,SC SUNI COMPANY SRL,11347391,SUMAL,JURIDICA,JURIDICA,1776160344250,1776196344250,11.8932,,,,,3,2026-04-14T17:53:43.854381
DC26000520005212172604141252,2,Depozit,45.965888,23.549066,7182,AB42EST,,TIMBER SEBEȘ,False,KRONOSPAN TIMBER SEBES S.R.L.,RO45417718,SC EAST SERVICE SEBES SRL,6047509,SUMAL,JURIDICA,JURIDICA,1776160344046,1776333144046,52.550784,,,,,6,2026-04-14T17:54:09.066157
AP26003629001203301204141252,1,Locul Recoltării,46.88670299999999,22.444185,865396,BH95CFM,2500146700260,2500146700260 - CAOCIE(472),False,Karen Trading SRL,6961122,Karen Trading SRL,6961122,SUMAL,JURIDICA,JURIDICA,1776160338409,1776181938409,12.04415,,,,,3,2026-04-14T17:54:20.297457
AP26004973002412127204141252,1,Locul Recoltării,44.320952,22.776428999999997,879278,AG55YAC,2500355003060,2500355003060 - 2731 Lascu ACC 1,False,YAC BESTWOOD SRL,4971545,Autotrans Ramsil S.R.L.,46159536,SUMAL,JURIDICA,JURIDICA,1776160329851,1776225129851,24.05708,,,,,3,2026-04-14T17:54:26.440392
DC26004190000213277204141252,2,Depozit,47.202329999999996,23.05537,196,SJ05VBU,,MULTICOM ZALAU,False,MULTICOM SRL,3247219,MULTICOM SRL,3247219,SUMAL,FIZICA,FIZICA,1776160323510,1776174723510,2.49,,,,,3,2026-04-14T17:54:35.039692
DC26007282000501804904141251,2,Depozit,44.34211,26.163469000000003,2518,B238MIG,,SC CARPAT MC 2013 SRL,False,CARPAT MC 2013 SRL,31639110,CARPAT MC 2013 SRL,31639110,SUMAL,JURIDICA,JURIDICA,1776160311127,1776174711127,5.354,,,,,3,2026-04-14T17:54:40.278741
AP26008511000304759404141251,1,Locul Recoltării,44.028151,25.182683,806395,TR18EVF,2400013103710,2400013103710 - PR II P : 2376,False,Evoforest 2017 S.R.L.,37095514,Evoforest 2017 S.R.L.,37095514,SUMAL,JURIDICA,JURIDICA,1776160299868,1776181899868,3.0132,,,,,3,2026-04-14T17:54:43.152833
AP26008207000501241704141251,1,Locul Recoltării,46.253502,25.624062,844887,HR12LUR,2500142803490,2500142803490 - 1312 - Nyirdomb,False,Hideg Aszo S.R.L.,37348838,Hideg Aszo S.R.L.,37348838,SUMAL,FIZICA,FIZICA,1776160290761,1776181890761,5.146,,,,,3,2026-04-14T17:54:46.279753
DA26012511000504209004141251,2,Depozit,46.307544,25.944878,25720,HR178SINMARTIN,,DEPOZIT APROFA,False,Aprofa S.R.L.,11241438,gyorgy denes,,NONSUMAL,FIZICA,FIZICA,1776160286602,1776181886602,5.8612,,,,,0,2026-04-14T17:54:53.133543
AP26002383002401634304141251,1,Locul Recoltării,45.991672,21.718555,874790,B119JZY,2300238301100,2300238301100 - 1264 / Ceacovăț,False,OCOLUL SILVIC LIPOVA,1590120,OCOLUL SILVIC LIPOVA,1590120,SUMAL,JURIDICA,JURIDICA,1776160278113,1776181878113,24.83935,,,,,3,2026-04-14T17:54:59.600004
DC26007860000301081104141250,2,Depozit,46.047948,26.319297,10404,CV05NJG,,Bretcu 831,False,PARTYZONA BAR SRL,RO5309369,PARTYZONA BAR SRL,RO5309369,SUMAL,JURIDICA,JURIDICA,1776160251570,1776181851570,3.6,,,,,0,2026-04-14T17:55:01.545878
DA26019692000410130504141250,2,Depozit,45.093928,26.77932,192243,BZ20HLA,,depozit Spataru,False,ALDIB TRADING PROSPER S.R.L.,45402989,ALDIB TRADING PROSPER S.R.L.,45402989,SUMAL,JURIDICA,JURIDICA,1776160229654,1776181829654,4.0,,,,,3,2026-04-14T17:55:05.044398
DC26000622005012779304141250,2,Depozit,47.854477,25.969456999999995,1934,SV56FRA,,HS RADAUTI,False,HS TIMBER PRODUCTIONS SRL BUCUREȘTI-SUCURSALA RĂDĂUȚI,23279673,SC FRALINA TRANS SRL,29447989,SUMAL,JURIDICA,JURIDICA,1776160225108,1776333025108,50.698176,,,,,3,2026-04-14T17:55:08.578660
DC26002638000102771104141250,2,Depozit,46.623938,27.730258000000003,8835,VS06VRS,,VASLUI,False,PASĂREA NOCTURNĂ SRL,36009787,PASĂREA NOCTURNĂ SRL,36009787,SUMAL,FIZICA,FIZICA,1776160215183,1776181815183,1.2672,,,,,3,2026-04-14T17:55:14.575920
AP26001196000502270004141250,1,Locul Recoltării,44.480234,26.357571,864859,,2500119600340,2500119600340 - 280 Pasarea Hagiesti,False,OCOLUL SILVIC BRĂNEȘTI,1590120,cristil mihai roberto,,NONSUMAL,FIZICA,FIZICA,1776160212388,1776167412388,5.0,,,,,0,2026-04-14T17:55:18.039507
AP26001284000210355804141250,1,Locul Recoltării,46.491243,25.047206,884525,HR273ATID,2600128400800,2600128400800 - ELEKES IDA 322,False,FILIALA OCOLUL SILVIC PRIVAT PRAID,23609542,Bardoczi Szabolcs,,NONSUMAL,FIZICA,FIZICA,1776160209022,1776174609022,2.728,,,,,0,2026-04-14T17:55:20.188277
AP26002209001201213404141250,1,Locul Recoltării,46.167329,25.624756,888953,CV31CON,2600144700520,2600144700520 - 1540,False,PRODUCTIE COMERT SI TURISM CONECTIC SRL,RO6875811,PRODUCTIE COMERT SI TURISM CONECTIC SRL,RO6875811,SUMAL,JURIDICA,JURIDICA,1776160201749,1776178201749,12.4,,,,,3,2026-04-14T17:55:22.567636
AP26001464000202947804141249,1,Locul Recoltării,47.852813,23.550691,854808,SM236,2500146400970,2500146400970 - BOLOTI,False,Ocolul Silvic Negrești Oaș,1590120,MIHOC STEFAN VIOREL,1700820301010,SUMAL,FIZICA,FIZICA,1776160191959,1776181791959,2.73,,,,,3,2026-04-14T17:55:26.440179
DC26003676000006814204141249,2,Depozit,44.226771,24.343017,28708,OT58PIT,,Depozitul de la colt - FALCOIU,False,DEPOZITUL DE LA COLȚ S.R.L.,39011927,mircea mihai,,NONSUMAL,FIZICA,FIZICA,1776160179066,1776167379066,0.6816,,,,,0,2026-04-14T17:55:30.411786
DC26005291000005666704141249,2,Depozit,44.972869,26.019785,2073,PH04ZEC,,Danzecris,False,DANZECRIS SRL,RO 17143005,DANZECRIS SRL,RO 17143005,SUMAL,JURIDICA,JURIDICA,1776160174790,1776170974790,0.32,,,,,3,2026-04-14T17:55:32.959652
DC26000325000302179204141249,2,Depozit,45.226076,25.639504,4840,P5933BX,,Depozit Rodivers,False,RODIVERS SERVICE SRL,RO 8292199,RODIVERS SERVICE SRL,RO 8292199,SUMAL,JURIDICA,JURIDICA,1776160167323,1776181767323,3.0375,,,,,3,2026-04-14T17:55:50.582515
DA26013376000212739204141249,2,Depozit,46.558255,25.130687,31355,HR02FBT,,FABOLTRAY DEPOZIT,False,Faboltray S.R.L.,43531324,Faboltray S.R.L.,43531324,SUMAL,FIZICA,FIZICA,1776160164496,1776170964496,2.73,,,,,0,2026-04-14T17:55:53.406389
AP26001385000201396304141249,1,Locul Recoltării,46.528602,25.053834,868908,HR190ATID,2500138503440,2500138503440 - ASOC.3616,False,FILIALA OCOLUL SILVIC GHINDARI,23521105,monarchia arpad,,NONSUMAL,FIZICA,FIZICA,1776160160430,1776178160430,2.976,,,,,0,2026-04-14T17:55:56.533417
DA26008515000101346804141249,2,Depozit,44.01774,24.81895,11846,TR35ELV,,DEPOZIT  ELVIS BALTA SARATA,False,Lință Nelu-elvis Întreprindere Individuală,29880213,Lință Nelu-elvis Întreprindere Individuală,29880213,SUMAL,FIZICA,FIZICA,1776160156298,1776174556298,1.0,,,,,3,2026-04-14T17:56:05.889231
DC26009198000102512704141248,2,Depozit,43.838358,25.142257,3250,B116PUC,,VOIEVODA,False,Progres S.R.L.,21627470,Progres S.R.L.,21627470,SUMAL,FIZICA,FIZICA,1776160138188,1776181738188,1.4132,,,,,6,2026-04-14T17:56:25.503098
DA26010197000303038704141248,2,Depozit,46.342025,25.810457,11926,HR70BCI,,Depozit Becicom,False,Beci Com Service S.R.L.,9824448,Beci Com Service S.R.L.,9824448,SUMAL,FIZICA,FIZICA,1776160137080,1776167337080,3.0,,,,,3,2026-04-14T17:56:37.657417
AP26004973001106668904141248,1,Locul Recoltării,44.320952,22.776428999999997,879278,AG48YAC,2500355003060,2500355003060 - 2731 Lascu ACC 1,False,YAC BESTWOOD SRL,4971545,YAC BESTWOOD SRL,4971545,SUMAL,JURIDICA,JURIDICA,1776160125026,1776224925026,11.0473,,,,,3,2026-04-14T17:56:42.835121
DA26002926000202571104141248,2,Depozit,46.659934,24.936513,7066,HR46ASZ,,Depozit Gater,False,SC GAVE COM SRL,7003098,Ambrus Istvan,1710529192475,SUMAL,FIZICA,FIZICA,1776160108863,1776170908863,2.52,,,,,3,2026-04-14T17:56:49.254842
DC26008373000001595704141248,2,Depozit,44.383981,26.001914,865,IF47CNC,,Leroy Merlin Alexandriei,False,LEROY MERLIN ROMANIA SRL,16702141,MARCU RAUL,,NONSUMAL,JURIDICA,JURIDICA,1776160101886,1776167301886,0.56269,,,,,0,2026-04-14T17:56:54.059685
DC26005965003400732904141248,2,Depozit,45.107548,23.841814,20735,B118PLZ,,DEPOZIT CHERESTEA SI BUSTEAN,False,SC BEST LUMBER SRL,38279299,Sls Cargo S.R.L.,33706828,SUMAL,JURIDICA,JURIDICA,1776160089338,1776224889338,34.370217,,,,BEAU4762911,3,2026-04-14T17:56:56.880078
AP26024155000210067804141248,1,Locul Recoltării,47.721899,26.584723,822637,BT61NYC,2500008601310,2500008601310 - Baisa u.a. 128 - 1505,False,SC HUTAN EXCOM SRL,46224456,P.F.A. URSACIUC CRISTINEL,24440629,SUMAL,FIZICA,FIZICA,1776160084507,1776181684507,2.5489,,,,,0,2026-04-14T17:56:59.240870
AP26001196000502270004141247,1,Locul Recoltării,44.480234,26.357571,864859,,2500119600340,2500119600340 - 280 Pasarea Hagiesti,False,OCOLUL SILVIC BRĂNEȘTI,1590120,radu marius,,NONSUMAL,FIZICA,FIZICA,1776160074631,1776167274631,5.0,,,,,0,2026-04-14T17:57:01.257760
DA26001171000009753604141247,2,Depozit,45.00367500000001,25.637052,430629,DB25SVD,,MORENI,False,SILVADOR COMPANY SRL,12386631,SILVADOR COMPANY SRL,12386631,SUMAL,FIZICA,FIZICA,1776160071116,1776170871116,0.90324,,,,,3,2026-04-14T17:57:18.383231
AP26001415000302476504141247,1,Locul Recoltării,46.684244,21.698949,829600,BH18YKT,2500141501310,2500141501310 - 1271 Frasinet,False,OCOLUL SILVIC LĂZĂRENI R.A.,RO34963676,Lingurar Catalin Valer,5000308051158,SUMAL,FIZICA,FIZICA,1776160061694,1776174461694,3.534,,,,,3,2026-04-14T17:57:22.855441
DC26007510000000994904141247,2,Depozit,45.016861,23.265118,11501,GJ66GBI,,TG JIU ALEEA VICTORIEI NR 5,False,Ivadapol S.R.L.,15191049,HAINARU MARIUS FLORIN,,NONSUMAL,FIZICA,FIZICA,1776160050072,1776170850072,0.37,,,,,0,2026-04-14T17:57:24.119877
DC26007635000312102304141247,2,Depozit,44.25548799999999,28.272035,3731,CT51TUR,,Metiner,False,Metiner S.R.L.,9495361,Metiner S.R.L.,9495361,SUMAL,FIZICA,FIZICA,1776160049234,1776188849234,3.5,,,,,3,2026-04-14T17:57:27.907850
AP26002598000201435504141247,1,Locul Recoltării,47.163338,22.754821000000003,876411,BOGHIS107,2500259802870,2500259802870 - Asociatia Boghis Autostrada ua.65;67D,False,OCOLUL SILVIC STEJARUL ZALĂU,25724076,TOTOS LEVENTE TIBOR,1760604311829,SUMAL,FIZICA,FIZICA,1776160030417,1776181630417,2.67375,,,,,3,2026-04-14T17:57:34.924724
DA26003629001602564604141247,2,Depozit,46.820474,22.382223,3184,BH90MVT,,Rosia NR423B ,False,Karen Trading SRL,6961122,Marvio Trans S.R.L.,6223729,SUMAL,FIZICA,FIZICA,1776160027874,1776224827874,16.1568,,,,,0,2026-04-14T17:57:40.522617
DC26031493000311183404141247,2,Depozit,44.267809,28.284518000000002,617469,CT96WRO,,DEPO FOREST,False,DEPO FOREST SRL,50371900,DEPO FOREST SRL,50371900,SUMAL,JURIDICA,JURIDICA,1776160027860,1776181627860,3.366,,,,,3,2026-04-14T17:57:47.968991
DA26005395000200551704141247,2,Depozit,46.97888700000001,21.856561,14505,BH40AMC,,Depozit Nojorid,False,Violin Firewood SRL,42511639,Violin Firewood SRL,42511639,SUMAL,FIZICA,FIZICA,1776160021282,1776188821282,2.66475,,,,,3,2026-04-14T17:57:53.768688
AP26001742000701042604141246,1,Locul Recoltării,44.499042,22.794000999999998,877810,MH28EUG,2500188701860,2500188701860 - 774,False,SC ALEXANDER FOREST SRL,1617994,SC ALEXANDER FOREST SRL,1617994,SUMAL,JURIDICA,JURIDICA,1776160001911,1776181601911,7.896,,,,,3,2026-04-14T17:57:57.321965
AP26001803002300072404141246,1,Locul Recoltării,47.106416,22.426768,885436,BH52SEC,2500355003590,2500355003590 - 2344 Curatura Capat,False,GEO&PATRICE FOREST SRL,RO24148579,SEC FOREST SRL,RO 27131261,SUMAL,JURIDICA,JURIDICA,1776159980346,1776289580346,23.02752,,,,,3,2026-04-14T17:58:10.027515
DC26001923000309990004141246,2,Depozit,46.09736999999999,21.664234000000004,3706,AR71RAN,,DEPOZIT RADNA ,False,SC RAN FOREST SERVICES SRL,17009420,SC RAN FOREST SERVICES SRL,17009420,SUMAL,JURIDICA,JURIDICA,1776159975792,1776181575792,3.48,,,,,3,2026-04-14T17:58:18.910585
AP26001588000306245004141246,1,Locul Recoltării,46.610552,25.082876,889301,MS010448,2600158800830,2600158800830 - 3531/ZOLDI LASZLO,False,OCOLUL SILVIC SOVATA,1590120,grama laszlo,,NONSUMAL,FIZICA,FIZICA,1776159975727,1776170775727,3.1248,,,,,0,2026-04-14T17:58:20.875502
DC26018864000006729904141246,2,Depozit,44.905933,23.529462,286721,0,,DEPOZIT,False,Ystandu Forest Prest S.R.L.,44769546,Lacatusu Marian Andrei ,,NONSUMAL,FIZICA,FIZICA,1776159971479,1776167171479,0.107,,,,,0,2026-04-14T17:58:24.367207
DA26008560000201764804141246,2,Depozit,46.40747000000001,26.461463999999996,2405,BC10DRR,,FAGULUI,False,Dor Invest S.R.L.,7712898,Dor Invest S.R.L.,7712898,SUMAL,FIZICA,FIZICA,1776159969788,1776167169788,2.1,,,,,3,2026-04-14T17:58:32.593884
DA26000315000402190604141246,2,Depozit,45.208181,26.041621,4964,PH29MNS,,"STEFAN CEL MARE, NR. 34 DEPOZIT 2",False,MONI SERV PROD SRL,RO 6304890,MONI SERV PROD SRL,RO 6304890,SUMAL,FIZICA,FIZICA,1776159962873,1776174362873,4.08355,,,,,3,2026-04-14T17:58:41.754216
AP26006492001300819204141245,1,Locul Recoltării,47.404149999999994,23.066693,879657,SJ44VAB,2500152207010,2500152207010 - 4127,False,ULVABE SRL,RO24497846,ULVABE SRL,RO24497846,SUMAL,JURIDICA,JURIDICA,1776159957043,1776181557043,13.4982,,,,,3,2026-04-14T17:58:49.827426
DC26002956000007318904141245,2,Depozit,46.164042,24.344188,21992,SB49LAR,,APROV SA,False,APROV SA,802217,Coman Ioan,,NONSUMAL,FIZICA,FIZICA,1776159955976,1776170755976,0.25,,,,,0,2026-04-14T17:58:52.769127
DC26000383000200499504141245,2,Depozit,44.990869,25.719665000000003,6811,B900RHC,,Depozit FILIPEȘTII DE PĂDURE,False,ROYAL HOUSE SRL,RO 4213842,ROYAL HOUSE SRL,RO 4213842,SUMAL,JURIDICA,JURIDICA,1776159916612,1776174316612,2.132,,,,,3,2026-04-14T17:58:58.843838
AP26001201000501232104141245,1,Locul Recoltării,44.43069,25.674637,706738,BOL0090,2400120100550,2400120100550 - 652/TP II Cornu,False,OCOLUL SILVIC BOLINTIN,1590120,OCOLUL SILVIC BOLINTIN,1590120,SUMAL,JURIDICA,JURIDICA,1776159909612,1776177909612,5.602245,,,,,3,2026-04-14T17:59:06.884078
DA26001771001212303104141245,2,Depozit,46.77996099999999,24.737994,578021,VL06FAO,,Depozit Extern,False,SC KASTAMONU ROMANIA SA,1235668,ROTSIN COM SRL,7174489,SUMAL,JURIDICA,JURIDICA,1776159906474,1776167106474,12.0,,,,,3,2026-04-14T17:59:12.120693
DA26000318000400665604141244,2,Depozit,46.7106,23.339700000000004,367709,CJ02YXR,,LAZ,False,SC FAST FOREST TRANS SRL,RO42561327,SC  NEL FOREST SRL,33081109,SUMAL,FIZICA,FIZICA,1776159893981,1776195893981,4.0833,,,,,3,2026-04-14T17:59:20.357922
AP26001196000502270004141244,1,Locul Recoltării,44.480234,26.357571,864859,,2500119600340,2500119600340 - 280 Pasarea Hagiesti,False,OCOLUL SILVIC BRĂNEȘTI,1590120,litu gabriel,,NONSUMAL,FIZICA,FIZICA,1776159891627,1776177891627,5.0,,,,,0,2026-04-14T17:59:22.644568
DC26010594000202877404141244,2,Depozit,44.875953,24.042264,9869,MS88VLT,,LADESTI NR.94,False,Valentin Translemn S.R.L.,43565742,Valentin Translemn S.R.L.,43565742,SUMAL,JURIDICA,JURIDICA,1776159890474,1776167090474,2.961,,,,,3,2026-04-14T17:59:27.085163
DA26001171000009753604141244,2,Depozit,45.00367500000001,25.637052,430629,DB25SVD,,MORENI,False,SILVADOR COMPANY SRL,12386631,SILVADOR COMPANY SRL,12386631,SUMAL,FIZICA,FIZICA,1776159884470,1776174284470,0.90324,,,,,3,2026-04-14T17:59:33.215187
DC26008372000012404704141244,2,Depozit,45.926528,25.798387,11047,CV348,,depozit Calnic,False,K&M IMPORT-EXPORT SRL,RO5030940,Ördög Alpar,,NONSUMAL,FIZICA,FIZICA,1776159879980,1776181479980,0.7875,,,,,0,2026-04-14T17:59:35.309260
AP26002583000603439204141244,1,Locul Recoltării,47.348606999999994,22.722506,863152,SJ60RNP,2500258302070,2500258302070 - PROGRESIVA DOH 455,False,OCOLUL SILVIC MĂGURA ȘIMLEUL SILVANIEI,1590120,OCOLUL SILVIC MĂGURA ȘIMLEUL SILVANIEI,1590120,SUMAL,FIZICA,FIZICA,1776159876562,1776181476562,6.08927,,,,,3,2026-04-14T17:59:45.108354
DC26003609005301699104141244,2,Depozit,45.855445,25.942212,1837,IF25YOR,,HS RECI,False,HS TIMBER PRODUCTIONS RECI SRL,RO35369656,IORGU SRL,12008520,SUMAL,JURIDICA,JURIDICA,1776159873806,1776289473806,53.26335,,,,,3,2026-04-14T17:59:57.015992
DA26026287000208853904141244,2,Depozit,46.65661599999999,24.903811,370631,MS88BAK,,Bako,False,Bako Trade S.R.L.,47103819,Bako Trade S.R.L.,47103819,SUMAL,FIZICA,FIZICA,1776159872900,1776174272900,2.9016,,,,,6,2026-04-14T18:00:03.271507
DC26005795000300700104141244,2,Depozit,45.690444,25.590884,438656,BV08UNV,,UNIVERSLEMN-APICULTORILOR FN CF179439,False,UNIVERSLEMN SRL,42341780,UNIVERSLEMN SRL,42341780,SUMAL,FIZICA,FIZICA,1776159864506,1776177864506,3.05,,,,,3,2026-04-14T18:00:15.656995
DC26004037000000169304141244,2,Depozit,47.039832,21.898085,9388,BH93NPN,,SC MANNA COM PLUS SRL,False,Manna Com Plus SRL,6836456,IVAN NICOLAE,,NONSUMAL,JURIDICA,JURIDICA,1776159862584,1776246262584,0.504,,,,,0,2026-04-14T18:00:16.715353
DC26007635000312102304141244,2,Depozit,44.255488,28.272035,3731,CT51TUR,,Metiner,False,Metiner S.R.L.,9495361,Metiner S.R.L.,9495361,SUMAL,FIZICA,FIZICA,1776159856215,1776188656215,3.5,,,,,0,2026-04-14T18:00:18.365380
AP26002689000104735304141244,1,Locul Recoltării,47.376662,22.299436,879009,BH18ZSS,2500152300430,2500152300430 - 487 G1 SPRE LAC,False,Faforestdepo SRL,38422606,Farkas Bela Zsolt,1850401054398,SUMAL,FIZICA,FIZICA,1776159851967,1776181451967,1.30032,,,,,3,2026-04-14T18:00:23.679328
AP26001422000405003704141244,1,Locul Recoltării,46.493731,22.151907000000005,866427,AR15HCL,2500142201900,2500142201900 - COMPOSESORATUL BARZESTI,False,OCOLUL SILVIC CODRII BEIUȘULUI R.A,18019510,SC HCL COSMIN GROUP FOREST SRL,38898643,SUMAL,JURIDICA,JURIDICA,1776159846768,1776170646768,4.00626,,,,,3,2026-04-14T18:00:47.743036
DC26004803000200425704141244,2,Depozit,45.269031,27.918787,1243,BR45EMA,,STADIAL,False,STADIAL PROD COM S.R.L.,4585013,STADIAL PROD COM S.R.L.,4585013,SUMAL,FIZICA,FIZICA,1776159844076,1776167044076,2.9736,,,,,0,2026-04-14T18:00:52.022059
DC26027938000209660804141243,2,Depozit,44.710598,25.307813,426029,AG31CEC,,GAESTI,False,SORINA TOP FOREST SRL,48083248,COSAC EUGEN,,NONSUMAL,FIZICA,FIZICA,1776159824080,1776188624080,2.444,,,,0000,0,2026-04-14T18:00:54.326510
DA26016486000205841404141243,2,Depozit,44.117207,25.329292999999996,54243,TR90TMA,,Toma lemn,False,STANLEI LEMN SRL,41332376,STANLEI LEMN SRL,41332376,SUMAL,FIZICA,FIZICA,1776159814539,1776167014539,2.4,,,,,3,2026-04-14T18:01:03.797119
DC26006122000300764004141243,2,Depozit,47.671322,22.46459,13286,SM15FLY,,DEPOZIT CAREI,False,FEMATEX SRL,16466393,FEMATEX SRL,16466393,SUMAL,FIZICA,FIZICA,1776159800045,1776181400045,3.9225,,,,,3,2026-04-14T18:01:06.407007
DC26005735000000684804141243,2,Depozit,45.713222,25.783891,5541,BV44VES,,Sc.al vesuvio.srl,False,AL VESUVIO SRL,11115774,AL VESUVIO SRL,11115774,SUMAL,FIZICA,FIZICA,1776159793818,1776166993818,0.69,,,,,3,2026-04-14T18:01:11.544932
DA26002644000111333204141243,2,Depozit,44.901089000000006,25.510403999999998,8489,DB13ZPN,,Depozit Vascony,False,VASCONY PROD SRL,6680771,VASCONY PROD SRL,6680771,SUMAL,FIZICA,FIZICA,1776159788215,1776174188215,1.60704,,,,,6,2026-04-14T18:01:17.690496
DA26002908000500223504141243,2,Depozit,45.848909,22.176531999999998,6308,TM232,,DEPOZIT BUSTEAN,False,SC CONSTRUCTII PER ALBINE SRL,RO-13961290,SC TECLEM PROD SRL,RO10807130,SUMAL,JURIDICA,JURIDICA,1776159785446,1776181385446,5.5,,,,,3,2026-04-14T18:01:25.054935
DA26000139000102234304141243,2,Depozit,44.767597,25.235977,5031,DB90SCS,,VIRIX PROD,False,VIRIX PROD SRL,6681637,Sorescu Stelian ,,NONSUMAL,FIZICA,FIZICA,1776159784342,1776181384342,1.0,,,,,0,2026-04-14T18:01:28.854746
DC26005638000000648304141242,2,Depozit,45.38148900000001,21.737490999999995,9091,CS22YOV,,DEPOZIT BOCSA,False,S.C.MADERAS ANDRA S.R.L.,23844130,S.C.MADERAS ANDRA S.R.L.,23844130,SUMAL,FIZICA,FIZICA,1776159778479,1776181378479,0.8008,,,,,3,2026-04-14T18:01:38.370145
DC26000141000008807804141242,2,Depozit,44.473696,26.162481,1943,IF99MJA,,MAGAZIN DEDEMAN BUCURESTI 3,False,SC DEDEMAN SRL,RO 2816464,MIJA ALEXANDRU,,NONSUMAL,FIZICA,FIZICA,1776159776535,1776181376535,0.201792,,,,,0,2026-04-14T18:01:40.051076
AP26001284000310355804141242,1,Locul Recoltării,46.491243,25.047206,884525,HR459ATID,2600128400800,2600128400800 - ELEKES IDA 322,False,FILIALA OCOLUL SILVIC PRIVAT PRAID,23609542,Elekes Mihaly,,NONSUMAL,FIZICA,FIZICA,1776159764422,1776170564422,3.968,,,,,0,2026-04-14T18:01:41.634429
AP26024571000208322204141242,1,Locul Recoltării,46.202863,26.592417,873532,BC31ATG,2400006402260,2400006402260 - P 1774-Pr. Lupului,False,Silva Rider S.R.L.,46031137,Birtea Radu ,,NONSUMAL,FIZICA,FIZICA,1776159748217,1776181348217,2.0644,,,,,0,2026-04-14T18:01:43.299393
AP26004973002412127204141242,1,Locul Recoltării,44.320952,22.776428999999997,879278,AG53YAC,2500355003060,2500355003060 - 2731 Lascu ACC 1,False,YAC BESTWOOD SRL,4971545,YAC BESTWOOD SRL,4971545,SUMAL,JURIDICA,JURIDICA,1776159730351,1776224530351,24.48731,,,,,3,2026-04-14T18:01:48.058921
DC26007723000001034004141242,2,Depozit,46.169461,24.377335,9784,SB83MIG,,DEPOZIT MEDIAS,False,LUC SAM FOREST SRL,32005855,micu dorel,,NONSUMAL,FIZICA,FIZICA,1776159728889,1776166928889,0.1074,,,,,0,2026-04-14T18:01:54.151594
DA26008140000101557104141242,2,Depozit,46.413918,25.378963,1537,HR349HR635,,Depozit Neval Zetea ,False,Neval S.R.L.,5594060,SZABO SZABOLCS,,NONSUMAL,JURIDICA,JURIDICA,1776159723273,1776170523273,1.4,,,,,0,2026-04-14T18:01:57.101604
AP26010005000403245504141241,1,Locul Recoltării,46.606039,25.284813,789128,HR45243,2500128400740,2500128400740 - KACSOKERT 50,False,Szak-fer S.R.L.,31503290,Faboltray S.R.L.,43531324,SUMAL,FIZICA,FIZICA,1776159708146,1776181308146,4.6282,,,,,3,2026-04-14T18:02:01.051534
DA26001171000105150604141241,2,Depozit,45.13725,25.402294,852212,DB13PWL,,COSTESTI,False,SILVADOR COMPANY SRL,12386631,SILVADOR COMPANY SRL,12386631,SUMAL,FIZICA,FIZICA,1776159701303,1776166901303,1.99584,,,,,0,2026-04-14T18:02:07.600070
AP26001196000502270004141241,1,Locul Recoltării,44.480234,26.357571,864859,,2500119600340,2500119600340 - 280 Pasarea Hagiesti,False,OCOLUL SILVIC BRĂNEȘTI,1590120,mihalea cristian,,NONSUMAL,FIZICA,FIZICA,1776159686769,1776181286769,5.0,,,,,0,2026-04-14T18:02:08.904287
AP26001405000301790904141241,1,Locul Recoltării,46.804995999999996,22.346031,816110,BH04EYP,2500140501390,2500140501390 - FF CIOLOS ILEANA 2025,False,OCOLUL SILVIC CODRII CĂMĂRII R.A.,16907635,Piperu Proforest S.R.L.,51038034,SUMAL,JURIDICA,JURIDICA,1776159686121,1776181286121,3.11382,,,,,3,2026-04-14T18:02:12.828495
DC26007182000009752004141241,2,Depozit,45.690361,25.622836,673539,BV56EMA,,SINPETRU-SF.ANDREI NR.10,False,LADIA-OLTALEX SRL,27630873,Plugariu Andrei,,NONSUMAL,FIZICA,FIZICA,1776159660545,1776177660545,0.16,,,,,0,2026-04-14T18:02:16.429504
DA26001447000300565404141240,2,Depozit,45.962861,25.56012,455,CV06DWL,,AITA MARE,False,OCOLUL SILVIC PRIVAT BARAOLT,RO21687579,MIHALY IOAN,1610207140017,SUMAL,FIZICA,FIZICA,1776159659937,1776166859937,3.72,,,,,3,2026-04-14T18:02:23.603435
AP26001211000401434104141240,1,Locul Recoltării,44.704542,27.895175,873157,HARSOVACT204,2500121100480,2500121100480 - 78 P LAGEA,False,OCOLUL SILVIC HÂRȘOVA,1590120,Transwoodforest S.R.L.,41794880,SUMAL,FIZICA,FIZICA,1776159652999,1776181252999,4.99936,,,,,0,2026-04-14T18:02:25.230036
DC26004424000100304404141240,2,Depozit,45.145564,26.854428,8840,BZ08DRX,,Depozit Obor,False,MGV UNIGROUP COM S.R.L.,23021789,MGV UNIGROUP COM S.R.L.,23021789,SUMAL,JURIDICA,JURIDICA,1776159647719,1776188447719,1.152,,,,,0,2026-04-14T18:02:38.415828
DC26007198000100935804141240,2,Depozit,45.96415,26.03506,5223,CV89AGI,,505B,False,LEMN CERNAT SRL,42164629,CSORBA LEHEL,,NONSUMAL,FIZICA,FIZICA,1776159638445,1776166838445,1.4696,,,,,0,2026-04-14T18:02:41.810868
DA26007191000105789104141240,2,Depozit,46.073822,25.571952999999997,428,CV15RSL,,DEPOZIT SC EX FOR SRL,False,EX-FOR SRL,RO12148974,Rápolti Sándor László Întreprindere Individuală,33954637,SUMAL,FIZICA,FIZICA,1776159633336,1776181233336,1.0,,,,,3,2026-04-14T18:02:48.434321
AP26001699000003001004141240,1,Locul Recoltării,45.230931,26.339321,866597,CISLAU0163,2500169907030,2500169907030 - 18969 Craciunoiu Traian,False,OCOLUL SILVIC CISLĂU,1590120,Mocanu Emil ,,NONSUMAL,FIZICA,FIZICA,1776159627372,1776170427372,0.87863,,,,,0,2026-04-14T18:02:56.782725
AP26006492001600819204141240,1,Locul Recoltării,47.404149999999994,23.066693,879657,MM18SYN,2500152207010,2500152207010 - 4127,False,ULVABE SRL,RO24497846,ULVABE SRL,RO24497846,SUMAL,JURIDICA,JURIDICA,1776159621595,1776181221595,16.28468,,,,,3,2026-04-14T18:03:03.391187
DA26031782000111302204141240,2,Depozit,47.024081,26.867888,640905,NT03MHL,,Depozit GROPANA,False,Susanu Mihail Întreprindere Individuală,50480479,Susanu Mihail Întreprindere Individuală,50480479,SUMAL,FIZICA,FIZICA,1776159607424,1776181207424,1.83008,,,,,0,2026-04-14T18:03:05.192314
AP26002725000405466104141240,1,Locul Recoltării,46.114007,21.885577,877083,AR77DSR,2500272501300,2500272501300 - 4136-vale Conop,False,R.P.L. OCOLUL SILVIC VALEA MUREȘULUI R.A.,21731216,PFA MOLDOVAN C. STELIAN,27365521,SUMAL,FIZICA,FIZICA,1776159606378,1776166806378,4.0176,,,,,0,2026-04-14T18:03:07.776900
DA26034330000112732504141239,2,Depozit,45.764,21.234,814906,TM30TCT,,Bricostore Timisoara 1,False,ALTEX ROMANIA SRL,2864518,Turta Stefan ,,NONSUMAL,FIZICA,FIZICA,1776159599979,1776181199979,1.80792,,,,,0,2026-04-14T18:03:11.259400
DC26002666000202219304141239,2,Depozit,44.928956,25.434502999999996,6121,DB11WEM,,IANCU CRISTINA,False,IANCU C CRISTINA INTREPRINDERE INDIVIDUALĂ,28135571,Dorado Trans S.R.L.,17358403,SUMAL,FIZICA,FIZICA,1776159596134,1776191996134,2.4195,,,,,3,2026-04-14T18:03:16.687034
AP26008739000301456904141239,1,Locul Recoltării,46.126614999999994,21.960493,875390,AR42NTY,2602632200020,2602632200020 - 342-Tujva,False,SC EXPLO DANIEL FOREST SRL,40246706,SC EXPLO DANIEL FOREST SRL,40246706,SUMAL,JURIDICA,JURIDICA,1776159592282,1776166792282,3.564,,,,,3,2026-04-14T18:03:20.607052
DC26003538004301637204141239,2,Depozit,46.884625,25.450135,1822,HR72GNX,,SC GENEX COM SRL,False,SC GENEX COM SRL,7998561,SC GENEX COM SRL,7998561,SUMAL,JURIDICA,JURIDICA,1776159578259,1776332378259,43.94304,,,,,3,2026-04-14T18:03:26.020050
DC26011647000504025904141239,2,Depozit,46.319333,25.317403,45989,HR06VEI,,TRATARE TERMICA,False,Juvenal S.R.L.,8772308,Veiron Forest S.R.L.,42753187,SUMAL,JURIDICA,JURIDICA,1776159571101,1776181171101,5.8624,,,,,3,2026-04-14T18:03:29.298373
DC26008087000301184904141239,2,Depozit,44.452621,26.163489,3734,B222LNE,,Fundeni 57,False,Nicos Trading Co S.R.L.,15792502,Pedros Transroute S.R.L.,46076562,SUMAL,JURIDICA,JURIDICA,1776159567198,1776166767198,3.94,,,,,3,2026-04-14T18:03:31.624133
DC26000141000010328904141239,2,Depozit,45.767216,21.236519,1892,B286ABS,,MAGAZIN DEDEMAN TIMISOARA 1,False,SC DEDEMAN SRL,RO 2816464,JUDE CATALIN,,NONSUMAL,JURIDICA,JURIDICA,1776159559076,1776170359076,0.17728,,,,,0,2026-04-14T18:03:32.731807
DA26006606001000834204141239,2,Depozit,46.450076,25.396371,20005,HR19NEL,,SUB CETATE,False,Lazar Forest S.R.L.,15796148,Neval S.R.L.,5594060,SUMAL,JURIDICA,JURIDICA,1776159556522,1776181156522,10.2,,,,,3,2026-04-14T18:03:34.774450
AP26000429000300422004141239,1,Locul Recoltării,44.202314,24.3965,811145,OT09VAS,2400042900670,2400042900670 - 314 Chilii,False,OCOLUL SILVIC CARACAL,1590120,vasile,,NONSUMAL,FIZICA,FIZICA,1776159551843,1776224351843,3.9953,,,,,0,2026-04-14T18:03:35.884082
DC26009198000013138104141239,2,Depozit,43.838358,25.142257,3250,TR16DAD,,VOIEVODA,False,Progres S.R.L.,21627470,Progres S.R.L.,21627470,SUMAL,FIZICA,FIZICA,1776159541843,1776181141843,0.7076,,,,,3,2026-04-14T18:03:38.385427
DA26009746000208073904141238,2,Depozit,44.417675,27.829117,23034,IL04WNK,,I.I. Merisanu Irina,False,Merisanu Irina Intreprindere Individuala,22710971,Merisanu Irina Intreprindere Individuala,22710971,SUMAL,FIZICA,FIZICA,1776159533221,1776177533221,2.8116,,,,,3,2026-04-14T18:03:44.646673
AP26002305001511335004141238,1,Locul Recoltării,46.210817999999996,26.560174,876580,BC61AGE,2500006402150,2500006402150 - P 1904-P. Teodor Tigan,False,SC EUROTOP TRANS SRL,27855345,SC EUROTOP TRANS SRL,27855345,SUMAL,JURIDICA,JURIDICA,1776159525772,1776195525772,15.57208,,,,,3,2026-04-14T18:03:51.476002
AP26002272000206566204141238,1,Locul Recoltării,46.63774,22.171963,883585,BH15RBI,2600141500030,2600141500030 - 1307 Vl. Pinilor I,False,FORESTLOG SRL,16200269,FORESTLOG SRL,16200269,SUMAL,FIZICA,FIZICA,1776159522668,1776177522668,2.8458,,,,,3,2026-04-14T18:03:54.554571
DA26018486000606615204141238,2,Depozit,47.717572999999994,23.34651,640897,MM20JVF,,depozit Ilba 150/A,False,TEHNO BOZ LEMN SRL,44450295,SEINEL SRL,5241387,SUMAL,JURIDICA,JURIDICA,1776159521879,1776195521879,6.0,,,,,3,2026-04-14T18:03:56.568137
DA26001771001712303104141238,2,Depozit,46.779961,24.737994,578021,MS93KST,,Depozit Extern,False,SC KASTAMONU ROMANIA SA,1235668,ROTSIN COM SRL,7174489,SUMAL,JURIDICA,JURIDICA,1776159507385,1776166707385,17.6,,,,,0,2026-04-14T18:03:59.405250
AP26002869000501215104141238,1,Locul Recoltării,46.283671,22.66531,887193,AR47PIN,2600286900430,2600286900430 - P 5103 Comp. Halmagel,False,OCOLUL SILVIC CODRII IANCULUI S.R.L.,23165601,SC FOREST CARMEN SRL,18696291,SUMAL,FIZICA,FIZICA,1776159495212,1776181095212,5.155896,,,,,3,2026-04-14T18:04:03.253782
DC26006973000008303404141238,2,Depozit,44.403742,24.274108,239417,OT86ANM,,Depozit Ganeasa,False,DECORA DESIGN S.R.L.,RO17624327,neague marin,,NONSUMAL,FIZICA,FIZICA,1776159487595,1776166687595,0.06,,,,,0,2026-04-14T18:04:04.315631
EC26005417004100558404141237,7,Extracomunitar,47.097999572753906,21.863500595092773,-1,AO4606XF,,26ROCJ6570000852R5,False,Vifor SRL,11743310,,,STRAIN,JURIDICA,JURIDICA,1776159475175,1776195475175,41.7025,,,,,0,2026-04-14T18:04:06.586728
AP26002209001101216604141237,1,Locul Recoltării,46.167329,25.624756,888953,CV33CON,2600144700520,2600144700520 - 1540,False,PRODUCTIE COMERT SI TURISM CONECTIC SRL,RO6875811,PRODUCTIE COMERT SI TURISM CONECTIC SRL,RO6875811,SUMAL,JURIDICA,JURIDICA,1776159472503,1776181072503,11.6941,,,,,3,2026-04-14T18:04:12.610619
DC26003609005001699104141237,2,Depozit,45.855445,25.942212,1837,B131FLI,,HS RECI,False,HS TIMBER PRODUCTIONS RECI SRL,RO35369656,SC FLI SRL,8195765,SUMAL,JURIDICA,JURIDICA,1776159463421,1776289063421,50.221765,,,,,3,2026-04-14T18:04:21.121737
AP26001211000401434104141237,1,Locul Recoltării,44.704542,27.895175,873157,HARSOVACT203,2500121100480,2500121100480 - 78 P LAGEA,False,OCOLUL SILVIC HÂRȘOVA,1590120,Transwoodforest S.R.L.,41794880,SUMAL,FIZICA,FIZICA,1776159445117,1776181045117,4.99936,,,,,0,2026-04-14T18:04:23.191859
AP26001621002200217204141237,1,Locul Recoltării,46.075922,25.129113,865807,CV10YRS,2500162100320,2500162100320 - 1998- Rupea ua. 1B,False,REGIA PUBLICĂ LOCALĂ OCOLUL SILVIC PĂDUREA BOGĂȚII R.A.,25302454,ANDREBAN SRL,RO19132428,SUMAL,JURIDICA,JURIDICA,1776159443831,1776220643831,22.3933,,,,,3,2026-04-14T18:04:25.996205
DC26002209000001237604141237,2,Depozit,46.125304,25.602832,490,CV100BRADUT,,PUNCT DE LUCRU (GATER),False,PRODUCTIE COMERT SI TURISM CONECTIC SRL,RO6875811,KALANYOS GEZA,,NONSUMAL,FIZICA,FIZICA,1776159442023,1776181042023,0.46,,,,,0,2026-04-14T18:04:26.999571
DC26027439000009488304141237,2,Depozit,45.85850200000001,27.915871,406468,GL25EVE,,MARIEVCAM,False,Marievcam Construct S.R.L.,39401520,Marievcam Construct S.R.L.,39401520,SUMAL,FIZICA,FIZICA,1776159441506,1776166641506,0.601,,,,,3,2026-04-14T18:04:30.658105
DC26006925000200871904141237,2,Depozit,46.536549,25.496284,586,HR76TAM,,depozit busten,False,Genny-fer Impex S.R.L.,15395812,Tamas A. Szabolcs Întreprindere Individuală,42437460,SUMAL,FIZICA,FIZICA,1776159421452,1776181021452,2.0736,,,,,3,2026-04-14T18:04:32.685473
DA26000586000409321104141237,2,Depozit,45.100659,26.050985,6122,PH95ELD,,Depozit Măgurele,False,YUHE WOOD SRL,RO 41838080,Eledy Rotrans S.R.L.,46266885,SUMAL,JURIDICA,JURIDICA,1776159420800,1776195420800,4.0,,,,,3,2026-04-14T18:04:36.762565
DA26000946000102200004141236,2,Depozit,47.753457,23.264216,1443,SM09VLL,,SEINI EROILOR NR 30,False,POP FRANCE SRL,10114533,Dortodor Transport S.R.L.,45506173,SUMAL,FIZICA,FIZICA,1776159408605,1776181008605,1.914,,,,,3,2026-04-14T18:04:39.014863
DA26008100001002349604141236,2,Depozit,46.36521,25.547944,5305,HR16LEM,,Depozit Vlahita Turistilor FN,False,Lemacomprod S.R.L.,5101235,Lemacomprod S.R.L.,5101235,SUMAL,JURIDICA,JURIDICA,1776159401759,1776181001759,10.9656,,,,,3,2026-04-14T18:04:42.050406
DC26030877000011767204141236,2,Depozit,44.647411,25.574266000000005,581366,DB37RAF,,MASTERAGRO SRL,False,Masteragro S.R.L.,49817466,Masteragro S.R.L.,49817466,SUMAL,FIZICA,FIZICA,1776159396643,1776173796643,0.876,,,,,3,2026-04-14T18:04:46.169963
DC26002903000200139304141236,2,Depozit,46.187377,21.373114,186605,AR54HOL,,CENTURA NORD,False,II BUMB E. IOAN,32747919,MIHALY ATTILA ,,NONSUMAL,JURIDICA,JURIDICA,1776159390299,1776224190299,2.0,,,,,0,2026-04-14T18:04:47.201716
AP26002689000204735304141236,1,Locul Recoltării,47.376662,22.299436,879009,BH14FAG,2500152300430,2500152300430 - 487 G1 SPRE LAC,False,Faforestdepo SRL,38422606,Fagdepo Fredi S.R.L.,43607830,SUMAL,FIZICA,FIZICA,1776159365074,1776180965074,2.772,,,,,3,2026-04-14T18:04:52.982525
DC26029378000110143204141236,2,Depozit,47.102295,27.560038000000002,505947,IS42PNT,,DEPOZIT LUNCA CETATUII,False,SC PAVCOM CONSTRUCT SRL,47572173,SC PAVCOM CONSTRUCT SRL,47572173,SUMAL,JURIDICA,JURIDICA,1776159362738,1776180962738,1.6,,,,,3,2026-04-14T18:04:56.530623
AP26001468000002271204141235,1,Locul Recoltării,48.006917,23.104424,868838,SM430SM,2500146800800,2500146800800 - 725 SR - BATARCI -HODOSA,False,OCOLUL SILVIC LIVADA,1590120,Costea Gavrilă,,NONSUMAL,FIZICA,FIZICA,1776159347992,1776170147992,0.32984,,,,,0,2026-04-14T18:04:58.080720
DC26001780001000072004141235,2,Depozit,47.070788,22.182215,2549,BH93RDJ,,Depozit Tileagd,False,Derwood S.R.L.,RO 30425852,SC Crictrans SRL,13326271,SUMAL,JURIDICA,JURIDICA,1776159347627,1776332147627,10.155,,,,,3,2026-04-14T18:05:00.839653
AP26012457001411267204141235,1,Locul Recoltării,46.128472,26.115165,869316,CV05FAG,2600125100010,2600125100010 - 3128- Comp. Fagus,False,COMPOSESORATUL FAGUS SINZIENI,RO13124345,COMPOSESORATUL FAGUS SINZIENI,RO13124345,SUMAL,FIZICA,FIZICA,1776159337511,1776180937511,14.20116,,,,,3,2026-04-14T18:05:07.163314
AP26001510000201679104141235,1,Locul Recoltării,46.924883,22.550418,838524,BH26MTS,2500151002280,2500151002280 - 8559 Linie El Pasune As Balnaca,False,OCOLUL SILVIC ALEȘD,1590120,mateas ioan ,,NONSUMAL,FIZICA,FIZICA,1776159329529,1776162929529,2.4804,,,,,0,2026-04-14T18:05:08.852368
DA26025232000608496104141235,2,Depozit,45.895919,20.614654,607458,TM06TNG,,Depozit Comlosu Mare,False,SC TNG - TRANS SRL,46823773,SC TNG - TRANS SRL,46823773,SUMAL,FIZICA,FIZICA,1776159323071,1776180923071,6.09342,,,,,3,2026-04-14T18:05:14.608570
DA26002083001100392904141235,2,Depozit,46.932296,25.328161,5087,HR25TWP,,SCTreforex SRL Str.Mesteacanului Nr.13I,False,SC TREFOREX SRL,16035706,SC TREFOREX SRL,16035706,SUMAL,JURIDICA,JURIDICA,1776159311311,1776288911311,11.4,,,,,0,2026-04-14T18:05:19.215987
DC26004940000003700504141235,2,Depozit,45.186779,26.749766,18487,BZ13LUC,,FK LEMN PREFABRICATE SRL,False,FK LEMN PREFABRICATE S.R.L.,27978011,MIHAI AURELIAN ,,NONSUMAL,JURIDICA,JURIDICA,1776159309800,1776166509800,0.4914,,,,,0,2026-04-14T18:05:21.305986
DC26004377000302993404141234,2,Depozit,45.193683,26.743167,6882,BZ18ZBO,,DEPOZIT CHERESTEA VERNESTI,False,C TIN ALEX CONSTRUCT S.R.L.,21341779,C TIN ALEX CONSTRUCT S.R.L.,21341779,SUMAL,FIZICA,FIZICA,1776159298061,1776180898061,3.1,,,,,3,2026-04-14T18:05:23.350402
DC26002220000704812004141234,2,Depozit,46.63451,27.057504999999995,126,CJ10KPY,,SC ALOVA COM ZAPODIA,False,SC ALOVA COM SRL,RO26447780,SC ALOVA COM SRL,RO26447780,SUMAL,FIZICA,FIZICA,1776159292183,1776180892183,7.876,,,,,6,2026-04-14T18:05:25.193558
DC26028454000009844804141234,2,Depozit,46.430301,24.824864,450366,MS14ZZO,,Rozlor 102,False,Densem S.R.L.,21435458,Gaspar Stefan,,NONSUMAL,JURIDICA,JURIDICA,1776159289663,1776166489663,0.1024,,,,,0,2026-04-14T18:05:26.200744
DC26003798000100085304141234,2,Depozit,45.872401,26.18813,4430,CV07FRB,,Pava nr 1151,False,SIDOFOREST SRL,21165613,opris teodor marin,,NONSUMAL,FIZICA,FIZICA,1776159275091,1776166475091,1.32,,,,,0,2026-04-14T18:05:30.020762
DA26002189000103223404141234,2,Depozit,46.362097,25.296616,7970,HR09KFW,,HAGO,False,SC IPA COMPANY SRL,8049760,Ambrus Ferenc,,NONSUMAL,FIZICA,FIZICA,1776159272609,1776180872609,1.188,,,,,0,2026-04-14T18:05:31.099356
DC26000165000000779604141234,2,Depozit,46.317446,27.396916,16747,BC01KAS,,KASANT,False,SC KASANT SRL,RO 14855475,SC KASANT SRL,RO 14855475,SUMAL,FIZICA,FIZICA,1776159271757,1776166471757,0.722,,,,,3,2026-04-14T18:05:34.838366
AP26001558000300579204141234,1,Locul Recoltării,45.935712,25.472895000000005,865750,BV85KAR,2500155801560,2500155801560 - 1012/Apata,False,OCOLUL SILVIC BUCEGI PIATRA CRAIULUI CIUCAȘ R.A.,23389463,SZABO G. GYULA ÎNTREPRINDERE INDIVIDUALĂ,41640457,SUMAL,FIZICA,FIZICA,1776159268903,1776166468903,3.1,,,,,3,2026-04-14T18:05:38.963213
DA26020268000407268504141234,2,Depozit,45.80318400000001,21.279002,210427,TM32PCM,,Depozit Dumbravita ,False,SC PLASTIC SI INDUSTRIE BANAT SRL,RO 37888951,SC PLASTIC SI INDUSTRIE BANAT SRL,RO 37888951,SUMAL,FIZICA,FIZICA,1776159253953,1776195253953,4.0,,,,,3,2026-04-14T18:05:41.701666
DC26006420000002948804141234,2,Depozit,47.21876699999999,22.887777,455544,SJ03REP,,DEPOZIT PERICEI 2,False,SC BARNABAS SRL,RO11732001,Drum Construct S.R.L.,RO7224633,SUMAL,JURIDICA,JURIDICA,1776159247312,1776166447312,0.695,,,,,3,2026-04-14T18:05:45.501087
DC26006122000511537704141234,2,Depozit,47.671322,22.46459,13286,SM70FLI,,DEPOZIT CAREI,False,FEMATEX SRL,16466393,FEMATEX SRL,16466393,SUMAL,FIZICA,FIZICA,1776159241288,1776180841288,5.22,,,,,6,2026-04-14T18:05:53.510343
DA26000946000108501804141233,2,Depozit,47.768334,23.285126,1439,SM13LAT,,SEINI ZUGAU NR 2,False,POP FRANCE SRL,10114533,Melinda & Robert S.R.L.,44879581,SUMAL,FIZICA,FIZICA,1776159238240,1776188038240,1.6,,,,,3,2026-04-14T18:05:57.251883
AP26002272000206566204141233,1,Locul Recoltării,46.63774,22.171963,883585,BH58RBI,2600141500030,2600141500030 - 1307 Vl. Pinilor I,False,FORESTLOG SRL,16200269,FORESTLOG SRL,16200269,SUMAL,FIZICA,FIZICA,1776159231534,1776177231534,2.8458,,,,,3,2026-04-14T18:06:01.133742
DA26002083001100392904141233,2,Depozit,46.932296,25.328161,5087,HR24TWP,,SCTreforex SRL Str.Mesteacanului Nr.13I,False,SC TREFOREX SRL,16035706,SC TREFOREX SRL,16035706,SUMAL,JURIDICA,JURIDICA,1776159229172,1776288829172,11.4,,,,,0,2026-04-14T18:06:02.801938
DA26005228000100556404141233,2,Depozit,47.698568,22.650161,5245,SJ29RIH,,SC.FI&DO MAITINGEN SRL,False,FI & DO MAITINGEN SRL,RO 26436918,SERBAN SURAJ BOBY,1810521313528,SUMAL,FIZICA,FIZICA,1776159226023,1776202426023,1.450955,,,,,3,2026-04-14T18:06:05.374697
AP26002598000101435504141233,1,Locul Recoltării,47.163338,22.754821,876411,SJ13015,2500259802870,2500259802870 - Asociatia Boghis Autostrada ua.65;67D,False,OCOLUL SILVIC STEJARUL ZALĂU,25724076,bányai lajos ,,NONSUMAL,FIZICA,FIZICA,1776159225800,1776180825800,1.1284,,,,,0,2026-04-14T18:06:06.353845
DA26003657000601634204141233,2,Depozit,45.859681,26.156623,32,CV49FOR,,Depozit Covasna,False,PRODUCTIE FORTUNAFOREST SRL,RO6832438,PRODUCTIE FORTUNAFOREST SRL,RO6832438,SUMAL,FIZICA,FIZICA,1776159208109,1776180808109,6.2496,,,,,3,2026-04-14T18:06:08.887622
AP26001175000906800404141233,1,Locul Recoltării,46.67721600000001,25.305744,863986,HR1265JOSENI,2500117504220,2500117504220 - 2905 - pad Laczko Levente,False,OCOLUL SILVIC DE REGIM GHEORGHENI,18771067,SC ERDOBIRTOKOSSAG SRL,24982301,SUMAL,FIZICA,FIZICA,1776159199925,1776180799925,9.1622,,,,,3,2026-04-14T18:06:12.918571
DA26001914000401485804141233,2,Depozit,46.076293,21.695095,1267,B771SRG,,SRG,False,SC SILVARIS GRUP SRL,16069350,SC SILVARIS GRUP SRL,16069350,SUMAL,FIZICA,FIZICA,1776159197832,1776180797832,4.0,,,,,3,2026-04-14T18:06:15.153757
DC26000141000010047304141233,2,Depozit,44.32964,23.77241,467865,DJ09WIL,,MAGAZIN DEDEMAN CRAIOVA 2,False,SC DEDEMAN SRL,RO 2816464,GUNA MARIUS MIHAITA,,NONSUMAL,FIZICA,FIZICA,1776159196493,1776223996493,0.4896,,,,,0,2026-04-14T18:06:17.185144
AP26002165003301049604141232,1,Locul Recoltării,46.062943,25.897076,864169,CV04DKL,2500138907370,2500138907370 - J1898,False,SC SELEMEN HOLZBAU SRL,29875071,DELNEY EXPORT IMPORT SRL,RO537935,SUMAL,JURIDICA,JURIDICA,1776159175517,1776195175517,33.03571,,,,,3,2026-04-14T18:06:22.327325
DA26007538000306075004141232,2,Depozit,43.91509,25.362025,24766,TR11LMN,,DEPOZIT STADION,False,Wood Forest Impex S.R.L.,34973785,Wood Forest Impex S.R.L.,34973785,SUMAL,FIZICA,FIZICA,1776159159592,1776180759592,3.2076,,,,,3,2026-04-14T18:06:25.510517
AP26001317001602452404141232,1,Locul Recoltării,46.016097,26.394438999999995,880113,CV01ACY,2500131702350,2500131702350 - 0721 Tomlohordo II,False,OCOLUL SILVIC PRIVAT BREȚCU,RO26014522,PARTYZONA BAR SRL,RO5309369,SUMAL,JURIDICA,JURIDICA,1776159153345,1776180753345,16.21592,,,,,3,2026-04-14T18:06:34.289871
DC26007869000302224004141232,2,Depozit,44.18255200000001,28.597269999999998,15476,CT73RBI,,DCL VARIANTA,False,Dual Celera S.R.L.,13950436,NICOLA ANA,2531124131283,SUMAL,JURIDICA,JURIDICA,1776159137420,1776173537420,3.629998,,,,,3,2026-04-14T18:06:36.874685
DA26002939000002139204141231,2,Depozit,45.619724999999995,28.051767,3922,GL61CAN,,Depozit principal,False,CAN-LAU CONSTRUCT SRL,33205851,CAN-LAU CONSTRUCT SRL,33205851,SUMAL,FIZICA,FIZICA,1776159097685,1776166297685,0.499968,,,,,3,2026-04-14T18:06:38.869635
AP26001413000301163304141231,1,Locul Recoltării,46.19544,25.4627,862392,HR09THW,2500141304460,2500141304460 - PF Badeni P 12607,False,OCOLUL SILVIC HOMOROD,1590120,Csongifor S.R.L.,15884495,SUMAL,FIZICA,FIZICA,1776159095366,1776180695366,3.1,,,,,3,2026-04-14T18:06:43.975726
DA26026452000213268204141231,2,Depozit,46.198104,21.345685,569655,AR17LLY,,gradiste loly 2,False,SC GLIGOR TRANS LOLY SRL,46945606,SC GLIGOR TRANS LOLY SRL,46945606,SUMAL,FIZICA,FIZICA,1776159080663,1776180680663,2.212,,,,,3,2026-04-14T18:06:47.495065
DC26000141000009634304141231,2,Depozit,45.678571,25.589004,1863,B107ALC,,MAGAZIN DEDEMAN BRASOV,False,SC DEDEMAN SRL,RO 2816464,FIANU DAN,,NONSUMAL,JURIDICA,JURIDICA,1776159079068,1776187879068,0.116424,,,,,0,2026-04-14T18:06:53.754136
AP26002305001511335004141231,1,Locul Recoltării,46.210817999999996,26.560174,876580,BC57AGE,2500006402150,2500006402150 - P 1904-P. Teodor Tigan,False,SC EUROTOP TRANS SRL,27855345,SC EUROTOP TRANS SRL,27855345,SUMAL,JURIDICA,JURIDICA,1776159075215,1776195075215,15.44695,,,,,3,2026-04-14T18:07:01.411486
DC26002531000107281604141231,2,Depozit,46.978995,21.858574,136267,BH02FED,,DEPOZIT NOJORID TIMULUI SRL,False,Timului SRL,17269578,FAZEKAS STEFAN,,NONSUMAL,JURIDICA,JURIDICA,1776159062962,1776180662962,1.5,,,,,0,2026-04-14T18:07:04.121777
DA26014530000205206604141230,2,Depozit,47.904724,22.907577,311355,SM50YST,,Depozit Gaal,False,Gaal Istvan & Gabi S.R.L.,43772594,Gaal Istvan & Gabi S.R.L.,43772594,SUMAL,FIZICA,FIZICA,1776159045832,1776173445832,2.5025,,,,,0,2026-04-14T18:07:06.458237
DA26003165000102368804141230,2,Depozit,47.693419,22.414347000000003,5682,SM76KRN,,Polipol Mobila,False,POLIPOL MOBILA SRL,RO 17367592,KINETOMOB SRL,21047383,SUMAL,FIZICA,FIZICA,1776159035271,1776173435271,1.56,,,,,3,2026-04-14T18:07:11.906739
DC26007964000102256404141230,2,Depozit,44.97414899999999,26.018199999999997,4153,PH93STE,,PLOIEȘTIORI 663M,False,ZEKCOMLIL IMPEX SRL,RO 33167510,ZEKCOMLIL IMPEX SRL,RO 33167510,SUMAL,JURIDICA,JURIDICA,1776159034753,1776169834753,1.2,,,,,3,2026-04-14T18:07:14.891108
DC26000234000113178804141230,2,Depozit,45.006657,25.299382999999995,15305,B182STC,,DEPOZIT GHEBOIENI,False,STOICA I G ION INTREPRINDERE INDIVIDUALĂ,33211357,STOICA I G ION INTREPRINDERE INDIVIDUALĂ,33211357,SUMAL,FIZICA,FIZICA,1776159034407,1776180634407,1.1168,,,,,3,2026-04-14T18:07:19.804587
DC26009041000002749404141230,2,Depozit,46.513958,24.611004999999995,8549,MS18HFJ,,Depozit Cherestea REMHARWOOD SRL,False,Remharwood S.R.L.,26116220,PALL TIBOR ATTILA,1890817260038,SUMAL,JURIDICA,JURIDICA,1776159023262,1776166223262,0.832227,,,,,3,2026-04-14T18:07:25.249142
DC26000141000008814904141230,2,Depozit,47.041279,21.899443,1973,BH02FLB,,MAGAZIN DEDEMAN ORADEA,False,SC DEDEMAN SRL,RO 2816464,Goga Beniamin Ovidiu,,NONSUMAL,FIZICA,FIZICA,1776159018034,1776180618034,0.3045,,,,,0,2026-04-14T18:07:26.910504
DC26007468000112265404141230,2,Depozit,45.059032,26.24299,5148,B424DCV,,IN COLT,False,ÎN COLȚ SUPERMARKET SRL,RO 18166279,ÎN COLȚ SUPERMARKET SRL,RO 18166279,SUMAL,FIZICA,FIZICA,1776159001968,1776169801968,1.99,,,,,0,2026-04-14T18:07:28.814218
AP26001245000200231604141230,1,Locul Recoltării,46.595672,27.294024,835560,CARUTA,2100006801360,2100006801360 - 253 Danu,False,SOLARELU S.R.L.,36241158,postolache alin,,NONSUMAL,FIZICA,FIZICA,1776159000135,1776166200135,2.0357,,,,,0,2026-04-14T18:07:29.813270
DA26006680000102136404141229,2,Depozit,46.44984,25.84415,4779,HR08GZL,,Frumoasa 64/a,False,HENORAG SRL,16164883,Fejer Imre,,NONSUMAL,FIZICA,FIZICA,1776158985255,1776180585255,1.5,,,,,0,2026-04-14T18:07:33.368926
AP26001211000401434104141229,1,Locul Recoltării,44.704542,27.895175,873157,HARSOVACT276,2500121100480,2500121100480 - 78 P LAGEA,False,OCOLUL SILVIC HÂRȘOVA,1590120,BLAGA NICOLAE,,NONSUMAL,FIZICA,FIZICA,1776158984817,1776180584817,4.99936,,,,,0,2026-04-14T18:07:36.151789
AP26001175000002028404141229,1,Locul Recoltării,46.633645,25.482992,869086,HR449,2500117504780,2500117504780 - 7986 - 8048 - pad Csiki Laszlo,False,OCOLUL SILVIC DE REGIM GHEORGHENI,18771067,Madarasz Attila,,NONSUMAL,FIZICA,FIZICA,1776158962142,1776180562142,0.96,,,,,0,2026-04-14T18:07:37.967912
DC26003540000300737804141229,2,Depozit,47.051686999999994,22.045638,5121,BH57NLD,,Depozit OSORHEI ,False,SC Matesion Grup SRL,26624350,SC Matesion Grup SRL,26624350,SUMAL,JURIDICA,JURIDICA,1776158961082,1776169761082,3.575,,,,,3,2026-04-14T18:07:45.139272
DC26000431000002368504141229,2,Depozit,45.563167,21.232088,5738,TM33PAN,,JEBEL,False,SC FANORIA COMPANY SRL,RO-9193657,SC FANORIA COMPANY SRL,RO-9193657,SUMAL,FIZICA,FIZICA,1776158960099,1776166160099,0.5,,,,,3,2026-04-14T18:07:48.877102
DC26005612000006108404141229,2,,44.800626,24.737864,161,,,,,,,,,,,,,,,,,,,0,2026-04-14T18:08:09.405487
DA26007594000109666404141229,2,Depozit,44.39374899999999,25.816734,16112,GR20MSF,,ALFA TOP TRADING SRL,False,Alfa Top Trading S.R.L.,17891553,Alfa Top Trading S.R.L.,17891553,SUMAL,FIZICA,FIZICA,1776158948981,1776169748981,1.0,,,,,3,2026-04-14T18:08:10.803026
DA26030561000010670004141229,2,Depozit,45.052054,26.761991,568313,BZ12PGS,,e85,False,IDEAL STEFMAR DEPOT SRL,49439484,IDEAL STEFMAR DEPOT SRL,49439484,SUMAL,FIZICA,FIZICA,1776158948182,1776169748182,0.7896,,,,,3,2026-04-14T18:08:12.493975
DC26010179000102606504141229,2,Depozit,45.83658499999999,25.004107,213093,BV53VAD,,DEPOZIT FAGARAS,False,STEFION TRANS SRL,32572337,SAS IOSIF - ILIE,1530416082437,SUMAL,FIZICA,FIZICA,1776158945310,1776180545310,1.4925,,,,,3,2026-04-14T18:08:15.183191
AP26002594000501574104141229,1,Locul Recoltării,46.527748,22.136864,560467,AR53HAD,2200259400490,2200259400490 - 565 / Hasmas,False,OCOLUL SILVIC BELIU,1590120,II BUDAU I. IOAN,42305892,SUMAL,FIZICA,FIZICA,1776158943918,1776194943918,5.022,,,,,3,2026-04-14T18:08:16.489988
AP26001299000308573104141229,1,Locul Recoltării,46.009461,25.812687,868677,CV17MKY,2500129902350,2500129902350 - 2991N C Olteni 3A,False,OCOLUL SILVIC HATOD S.R.L.,RO23317696,Ciocîrlan Nicolae Întreprindere Individuală,43964778,SUMAL,FIZICA,FIZICA,1776158942426,1776180542426,3.1,,,,,3,2026-04-14T18:08:17.705586
AP26001888000402895704141229,1,Locul Recoltării,45.134237,22.685393,652878,TM10TCE,2400188801720,"2400188801720 - Partida 3299,Canton9Curmezisa-T.în F.F.N-Lascu I.",False,OCOLUL SILVIC BAIA DE ARAMA,1590120,Barbu gheorghe ion,,NONSUMAL,FIZICA,FIZICA,1776158941890,1776176941890,4.789,,,,,0,2026-04-14T18:08:18.593233
DC26001796000106406404141228,2,Depozit,44.677099,23.377045,16596,GJ10YDA,,Depozit Cherestea,False,SC GREENADEL PROD SRL,RO 26672277,SC GREENADEL PROD SRL,RO 26672277,SUMAL,FIZICA,FIZICA,1776158908573,1776173308573,1.025,,,,,3,2026-04-14T18:08:19.781333
AP26001299000812864804141228,1,Locul Recoltării,45.816597,25.725105,755001,CV06ZDX,2500129901030,2500129901030 - 2857N Com Ilieni 14,False,OCOLUL SILVIC HATOD S.R.L.,RO23317696,PRELUCRAREA LEMNULUI GEREND SRL,RO6041093,SUMAL,JURIDICA,JURIDICA,1776158906405,1776194906405,8.26902,,,,,3,2026-04-14T18:08:20.969456
AP26007187001900934704141228,1,Locul Recoltării,45.094238,25.731498,878298,DB55TRW,2400009601180,2400009601180 - 129 P / TISA MARE,False,MIGAB FOREST S.R.L.,RO23287668,TIMBER REAL WOOD SRL,31966694,SUMAL,JURIDICA,JURIDICA,1776158890925,1776166090925,19.04997,,,,,3,2026-04-14T18:08:22.184568
DA26011591000303513704141228,2,Depozit,43.899376,25.361731000000002,20927,TR30ARO,,Depozit sopro gambo,False,Sopro Gambo S.R.L.,35821980,Sopro Gambo S.R.L.,35821980,SUMAL,JURIDICA,JURIDICA,1776158883844,1776180483844,3.4968,,,,,3,2026-04-14T18:08:23.375466
AP26001424000502720904141228,1,Locul Recoltării,46.357351,25.591285,889378,HR114VLAHITA,2600142400870,2600142400870 - 13679 Puszta esztena,False,OCOLUL SILVIC FRUMOASA S.R.L.,18875157,Daniel Imre ,,NONSUMAL,FIZICA,FIZICA,1776158882283,1776180482283,5.1,,,,,0,2026-04-14T18:08:24.259190
AP26001478000103289404141228,1,Locul Recoltării,47.720413,22.325399,809096,SM21120,2500147803700,"2500147803700 - Primaria Berveni,59F,Sr",False,OCOLUL SILVIC ASOCIAȚIA SALCÂMUL CIUMEȘTI,RO 17965871,SEBOK CSABA LAJOS ,,NONSUMAL,FIZICA,FIZICA,1776158880170,1776180480170,1.28964,,,,,0,2026-04-14T18:08:25.128610
AP26001621002100217204141227,1,Locul Recoltării,46.075922,25.129113,865807,CV09YRS,2500162100320,2500162100320 - 1998- Rupea ua. 1B,False,REGIA PUBLICĂ LOCALĂ OCOLUL SILVIC PĂDUREA BOGĂȚII R.A.,25302454,ANDREBAN SRL,RO19132428,SUMAL,JURIDICA,JURIDICA,1776158874804,1776220074804,21.76776,,,,,3,2026-04-14T18:08:26.305881
DC26005172001600520804141227,2,Depozit,46.953464,25.097692,1902,HR19YVO,,L.B fnr,False,CIOCAN ADI SRL,RO 16624183,Ilyes Trans S.R.L.,24468271,SUMAL,JURIDICA,JURIDICA,1776158861459,1776331661459,16.2392,,,,,3,2026-04-14T18:08:27.545866
AP26002098000103216104141227,1,Locul Recoltării,46.163323,21.16918,862998,AR3051,2500209801010,2500209801010 - 306P_Santoma,False,OCOLUL SILVIC IULIU MOLDOVAN,1590120,Galaczi attila,,NONSUMAL,FIZICA,FIZICA,1776158860907,1776180460907,1.86,,,,,0,2026-04-14T18:08:28.418360
AP26000114000001051104141227,1,Locul Recoltării,45.036746,25.306863,887298,DBSOTINGA68,2600011400570,2600011400570 - 10 Izvorul Negru,False,OCOLUL SILVIC STURZENI,1590120,Breazu Marius Cornel ,,NONSUMAL,FIZICA,FIZICA,1776158854741,1776169654741,0.66,,,,,0,2026-04-14T18:08:29.292597
AP26001211000401434104141227,1,Locul Recoltării,44.704542,27.895175,873157,HARSOVACT270,2500121100480,2500121100480 - 78 P LAGEA,False,OCOLUL SILVIC HÂRȘOVA,1590120,BLAGA NICOLAE,,NONSUMAL,FIZICA,FIZICA,1776158845862,1776180445862,4.99936,,,,,0,2026-04-14T18:08:30.191489
DC26000393000012670604141227,2,Depozit,43.990353,28.627516,208164,SV31SNR,,DEPOZIT TUZLA,False,SC SANIRAL SRL,14585053,SC SANIRAL SRL,14585053,SUMAL,FIZICA,FIZICA,1776158837646,1776180437646,0.87005,,,,,3,2026-04-14T18:08:31.516886
DC26003051000100140404141227,2,Depozit,46.213414,21.290718,7707,AR98CIA,,Piața de lemne,False,"PFA NEGREA CORNEL ""NEGREA""",20173480,"PFA NEGREA CORNEL ""NEGREA""",20173480,SUMAL,JURIDICA,JURIDICA,1776158828835,1776180428835,1.3816,,,,,3,2026-04-14T18:08:32.995829
DC26009846000001976504141226,2,Depozit,45.330861,21.865139,412341,CS06DAC,,Magazin Dacus RESITA,False,Dacus Bricolaj S.R.L.,42260022,Dacus Bricolaj S.R.L.,42260022,SUMAL,FIZICA,FIZICA,1776158810702,1776180410702,0.1,,,,,3,2026-04-14T18:08:34.150136
DC26002059000010825204141226,2,Depozit,45.75914,25.555143,6525,BV30LMS,,HALCHIU,False,VASCO FOREST SRL,15941434,COMSA MARIAN ,,NONSUMAL,JURIDICA,JURIDICA,1776158810374,1776166010374,0.479981,,,,,0,2026-04-14T18:08:35.028939
DC26019719000007086604141226,2,Depozit,47.22504899999999,22.399226,263125,BH02KEK,,Inovativ detail construct srl ,False,Inovativ Detail Construct S.R.L.,42647771,Inovativ Detail Construct S.R.L.,42647771,SUMAL,FIZICA,FIZICA,1776158807191,1776166007191,0.2606,,,,,3,2026-04-14T18:08:36.231847
DC26000141000009689004141226,2,Depozit,44.636017,22.679172,1872,MH05VZK,,MAGAZIN DEDEMAN DROBETA TURNU SEVERIN,False,SC DEDEMAN SRL,RO 2816464,RADOI NICUSOR ALEXANDRU,,NONSUMAL,FIZICA,FIZICA,1776158799239,1776165999239,0.264,,,,,0,2026-04-14T18:08:37.103203
DC26008373000009025504141226,2,Depozit,46.746367,23.590752,858,SB80NZS,,Leroy Merlin Cluj Turzii,False,LEROY MERLIN ROMANIA SRL,16702141,Bodea Cosmin,,NONSUMAL,FIZICA,FIZICA,1776158793161,1776176793161,0.125685,,,,,0,2026-04-14T18:08:37.999726
DC26003247000100179804141226,2,Depozit,47.33708099999999,22.332064,2133,BH47DFG,,I I BALOGH IOAN GIGEL,False,II BALOGH IOAN GIGEL,24432200,II BALOGH IOAN GIGEL,24432200,SUMAL,JURIDICA,JURIDICA,1776158792323,1776165992323,1.27,,,,,3,2026-04-14T18:08:39.152553
DC26006988000002049004141226,2,Depozit,44.435343,25.959586,16489,B05PGE,,HORNBACH MILITARI BUCURESTI,False,HORNBACH CENTRALA SRL,17777320,savu gheorghe,,NONSUMAL,FIZICA,FIZICA,1776158772502,1776165972502,0.18,,,,,0,2026-04-14T18:08:40.031956
DC26007401000104453704141226,2,Depozit,44.916772,24.454488,18107,VL33DAL,,DEPOZIT DANICEI,False,Dalina Car Service S.R.L.,27912475,Dalina Car Service S.R.L.,27912475,SUMAL,FIZICA,FIZICA,1776158764301,1776162364301,1.49,,,,,3,2026-04-14T18:08:41.220527
DC26001263000000231704141225,2,Depozit,45.440496,28.036581,300,GL27ASL,,Depozit cherestea Stil Roz,False,STIL ROZ S.R.L.,13389300,BURLACU CONSTANTIN,,NONSUMAL,JURIDICA,JURIDICA,1776158753037,1776180353037,0.1125,,,,,0,2026-04-14T18:08:42.109586
AP26002869000501215104141225,1,Locul Recoltării,46.283671,22.66531,887193,AR47PIN,2600286900430,2600286900430 - P 5103 Comp. Halmagel,False,OCOLUL SILVIC CODRII IANCULUI S.R.L.,23165601,SC FOREST CARMEN SRL,18696291,SUMAL,FIZICA,FIZICA,1776158745116,1776180345116,5.062795,,,,,3,2026-04-14T18:08:43.394124
DA26029237000410093104141225,2,Depozit,44.686291000000004,25.586686,488976,DB50GOE,,BRANISTEA,False,GRIGORE A M ION INTREPRINDERE INDIVIDUALA,48827429,GRIGORE A M ION INTREPRINDERE INDIVIDUALA,48827429,SUMAL,FIZICA,FIZICA,1776158724760,1776180324760,4.2,,,,,3,2026-04-14T18:08:45.151543
DC26006978000010692904141225,2,Depozit,44.38308,25.991517,8658,GR495WA,,DEPOZIT DUMI SERV,False,DUMI-SERV SRL,7597071,veselie cristinel ,,NONSUMAL,FIZICA,FIZICA,1776158723628,1776165923628,0.06,,,,,0,2026-04-14T18:08:46.056555
DC26008814005801492704141225,2,Depozit,47.09851799999999,24.35888,6465,BN99MYP,,Sieu Magherus,False,GLOBEX TRADCO SRL,38142290,Myp Truck S.R.L.,51126802,SUMAL,JURIDICA,JURIDICA,1776158722762,1776288322762,58.117824,,,,HROA9835,3,2026-04-14T18:08:47.278652
DC26010193000306635904141225,2,Depozit,44.65710099999999,25.55157,6458,DB11FFW,,DEPOZIT NELMAS NR 103 C,False,Nelmas Impex S.R.L.,891060,Nelmas Impex S.R.L.,891060,SUMAL,FIZICA,FIZICA,1776158710689,1776169510689,3.009,,,,,3,2026-04-14T18:08:48.505732
DC26035574000013475204141225,2,Depozit,46.819531,21.670974,886314,BH09344,,Depozit Madaras,False,Zenith Mariconstruct SRL,54372780,CHIS IONUT MARIAN,,NONSUMAL,FIZICA,FIZICA,1776158704686,1776180304686,0.588,,,,BH 80 KMT,0,2026-04-14T18:08:49.387806
AP26003955000201715204141224,1,Locul Recoltării,46.989115,23.645223,862227,07,2500395510230,2500395510230 - PIRLEA AURELIA - PAGLISA (P.3645),False,OCOLUL SILVIC GHERLA,1590120,linguraru beni,,NONSUMAL,FIZICA,FIZICA,1776158686164,1776180286164,2.149056,,,,,0,2026-04-14T18:08:50.276695
DA26027708000109577704141224,2,Depozit,44.793565,28.507024,416470,TL46BOG,,Depozit bogdan,False,NEGREANU BOGDAN PERSOANĂ FIZICĂ AUTORIZATĂ,48096353,NEGREANU BOGDAN PERSOANĂ FIZICĂ AUTORIZATĂ,48096353,SUMAL,FIZICA,FIZICA,1776158679002,1776223479002,1.42848,,,,,0,2026-04-14T18:08:51.169687
AP26001415000802452304141224,1,Locul Recoltării,46.541783,22.552936,868647,PIETROASA200BH,2500141501430,2500141501430 - 1283 Magura,False,OCOLUL SILVIC LĂZĂRENI R.A.,RO34963676,Tarcaet Dan,,NONSUMAL,FIZICA,FIZICA,1776158676825,1776165876825,8.0941,,,,,0,2026-04-14T18:08:52.049735
DA26000141000308818404141224,2,Depozit,45.176783,28.7677,600,BC20BMN,,MAGAZIN DEDEMAN TULCEA,False,SC DEDEMAN SRL,RO 2816464,SC DEDEMAN SRL,RO 2816464,SUMAL,FIZICA,FIZICA,1776158676569,1776187476569,3.236352,,,,,3,2026-04-14T18:08:53.846280
DC26007604000011111004141224,2,Depozit,44.167865,28.643708,1246,CT98ARK,,PORT CONSTANTA LASHING,False,Lashing Company S.R.L.,30036871,Lashing Company S.R.L.,30036871,SUMAL,JURIDICA,JURIDICA,1776158671798,1776180271798,0.48,,,,,3,2026-04-14T18:08:55.069951
DA26024491000308305304141224,2,Depozit,44.097613,25.328805,288408,TR39WHO,,Lăceni margine,False,MIHAIDEPO SRL,43955893,MIHAIDEPO SRL,43955893,SUMAL,FIZICA,FIZICA,1776158662475,1776180262475,3.0,,,,,3,2026-04-14T18:08:56.268607
DA26001568000300380804141224,2,Depozit,45.623903000000006,25.707908,23718,BV98CSY,,DEPOZIT LEMN DE FOC SACELE,False,REGIA PUBLICĂ LOCALĂ A PĂDURILOR SĂCELE R.A.,18856511,GODRI M. CSABA PERSOANĂ FIZICĂ AUTORIZATĂ,43706604,SUMAL,FIZICA,FIZICA,1776158648619,1776176648619,3.100062,,,,,3,2026-04-14T18:08:57.520053
AP26001957000801817904141224,1,Locul Recoltării,46.660903999999995,25.132346,847451,MS25WLD,2500135100200,2500135100200 - 13,False,SC WILD FOREST SRL,29207552,SC WILD FOREST SRL,29207552,SUMAL,JURIDICA,JURIDICA,1776158643202,1776180243202,8.2392,,,,,3,2026-04-14T18:08:58.785184
AP26001877001401810704141224,1,Locul Recoltării,45.128363,22.493906999999997,866885,MH45FAG,2500123301450,2500123301450 - 101 Bangeal,False,SC COMBINATUL DE CELULOZA SI HARTIE SA,5976842,SC COMBINATUL DE CELULOZA SI HARTIE SA,5976842,SUMAL,JURIDICA,JURIDICA,1776158642282,1776216242282,14.52267,,,,,3,2026-04-14T18:09:00.037470
DC26001263000001063904141223,2,Depozit,45.440496,28.036581,300,GL82WPR,,Depozit cherestea Stil Roz,False,STIL ROZ S.R.L.,13389300,Stanescu Dan,,NONSUMAL,JURIDICA,JURIDICA,1776158639988,1776165839988,0.51,,,,,0,2026-04-14T18:09:00.942652
AP26002743000002437304141223,1,Locul Recoltării,45.018631,25.594084999999996,871293,DB99LJE,2600011000040,2600011000040 - 777 pr Tisa,False,GUTTRANS ANGHEL SRL,26941545,GUTTRANS ANGHEL SRL,26941545,SUMAL,FIZICA,FIZICA,1776158635694,1776173035694,0.868,,,,,3,2026-04-14T18:09:02.348623
AP26001245000400231604141223,1,Locul Recoltării,46.595672,27.294024,835560,CARUTA,2100006801360,2100006801360 - 253 Danu,False,SOLARELU S.R.L.,36241158,ginghina relu ,,NONSUMAL,FIZICA,FIZICA,1776158626552,1776180226552,4.057,,,,,0,2026-04-14T18:09:03.252984
DA26009933000002053004141223,2,Depozit,44.672866,26.55013,11982,IL10ELX,,MMI INVEST VMA SRL,False,MMI Invest Vma S.R.L.,42928092,MMI Invest Vma S.R.L.,42928092,SUMAL,FIZICA,FIZICA,1776158623127,1776180223127,0.63488,,,,,3,2026-04-14T18:09:04.446553
DA26001780000300072004141223,2,Depozit,47.070788,22.182215,2549,BH76LVY,,Depozit Tileagd,False,Derwood S.R.L.,RO 30425852,Todinca Florin,1760326050027,SUMAL,FIZICA,FIZICA,1776158591437,1776180191437,3.0,,,,,3,2026-04-14T18:09:05.669661
DA26008342000101290704141222,2,Depozit,44.124007,25.020754999999998,6805,TR11BCD,,DEPOZIT,False,CONLEMN NELY BOG SRL,42507700,CONLEMN NELY BOG SRL,42507700,SUMAL,FIZICA,FIZICA,1776158577416,1776165777416,1.0,,,,,3,2026-04-14T18:09:06.897071
DC26000976005405216804141222,2,Depozit,47.377521,24.392039999999998,539,BN16SCR,,COSBUC,False,Lignum Trend S.R.L.,27197100,LEOMINA AGROPROD SRL,6337960,SUMAL,JURIDICA,JURIDICA,1776158577122,1776331377122,54.144675,,,,,3,2026-04-14T18:09:08.227683
AP26001630000300359304141222,1,Locul Recoltării,46.56548999999999,24.941842999999995,872826,MS16RTK,2500163001860,2500163001860 - J40084 ASOCIATIA MAGHERANI,False,OCOLUL SILVIC TÂRGU MUREȘ,1590120,Multicom Forrai S.R.L.,1269202,SUMAL,FIZICA,FIZICA,1776158572022,1776169372022,3.0039,,,,,3,2026-04-14T18:09:09.517503
AP26001957001013510504141222,1,Locul Recoltării,46.668119,25.142847,847450,MS66WLD,2500135100160,2500135100160 - 9,False,SC WILD FOREST SRL,29207552,SC WILD FOREST SRL,29207552,SUMAL,JURIDICA,JURIDICA,1776158568742,1776180168742,10.125,,,,,3,2026-04-14T18:09:10.832636
DC26009198000009254004141222,2,Depozit,43.654573,25.383243000000004,6073,TR28PRO,,Zimnicea,False,Progres S.R.L.,21627470,Progres S.R.L.,21627470,SUMAL,FIZICA,FIZICA,1776158564806,1776180164806,0.406,,,,,3,2026-04-14T18:09:12.041218
AP26001284000602485004141222,1,Locul Recoltării,46.499807,25.353341,868819,HR01VRR,2500128406530,2500128406530 - DATKA 262,False,FILIALA OCOLUL SILVIC PRIVAT PRAID,23609542,Vass T. Robert Întreprindere Individuală,50081648,SUMAL,FIZICA,FIZICA,1776158556102,1776180156102,6.8448,,,,,3,2026-04-14T18:09:13.437789
DC26003990000101631104141222,2,Depozit,46.64120499999999,27.715474,1842,B122NNW,,ITA,False,REDCON UNU SRL,28185839,REDCON UNU SRL,28185839,SUMAL,FIZICA,FIZICA,1776158553799,1776187353799,1.141,,,,,3,2026-04-14T18:09:14.770990
AP26007181001500934104141222,1,Locul Recoltării,45.731393,25.963869,856088,CV29FAI,2500147203640,2500147203640 - Bikfalva 31D PII,False,FAI TRANS SRL,RO22563471,FAI TRANS SRL,RO22563471,SUMAL,JURIDICA,JURIDICA,1776158535577,1776180135577,15.462,,,,,3,2026-04-14T18:09:16.180846
DA26006684000109625204141222,2,Depozit,46.93894,25.369038,132,HR09VXF,,DEPOZIT BUSTENI,False,Zenco-trans S.R.L.,11283581,Zenco-trans S.R.L.,11283581,SUMAL,FIZICA,FIZICA,1776158529622,1776180129622,1.0602,,,,,3,2026-04-14T18:09:17.414462
DC26000249000002385904141222,2,Depozit,44.636056,22.696543,149736,MH22PBM,,DEPOZIT SEVERIN 2,False,SC CLUB TACHE 2000 SRL,RO14425150,Popescu Marinica,,NONSUMAL,FIZICA,FIZICA,1776158528177,1776180128177,0.7352,,,,,0,2026-04-14T18:09:18.337134
AP26000123002102327804141221,1,Locul Recoltării,45.407433,26.080080999999996,713870,PH16FMB,2400010304450,2400010304450 - 463 P SONDA 2,False,FORMOBI CONSTRUCT S.R.L.,RO16562625,FORMOBI CONSTRUCT S.R.L.,RO16562625,SUMAL,JURIDICA,JURIDICA,1776158497685,1776180097685,21.22662,,,,,3,2026-04-14T18:09:19.566526
AP26001803002400072404141221,1,Locul Recoltării,47.106416,22.426768,885436,BH30SEC,2500355003590,2500355003590 - 2344 Curatura Capat,False,GEO&PATRICE FOREST SRL,RO24148579,SEC FOREST SRL,RO 27131261,SUMAL,JURIDICA,JURIDICA,1776158495474,1776194495474,24.36432,,,,BH31SEC ,3,2026-04-14T18:09:20.751977
AP26001439000301108804141221,1,Locul Recoltării,46.484361,25.538099,813656,HR76BGY,2500143904340,2500143904340 - 961 21A Harmadik,False,OCOLUL SILVIC DE REGIM ZETEA,35279375,Bothazi Laszlo,1701203192488,SUMAL,FIZICA,FIZICA,1776158492596,1776180092596,3.10372,,,,,3,2026-04-14T18:09:22.042020
AP26002601000311182204141221,1,Locul Recoltării,47.329474,23.721419,787967,0179,2500260104020,2500260104020 - ticlau grupa 1,False,OCOLUL SILVIC PALTINUL 2018,403151725,Duma Ioan,,NONSUMAL,JURIDICA,JURIDICA,1776158491146,1776165691146,3.906,,,,,0,2026-04-14T18:09:22.957256
DA26005187000202074804141221,2,Depozit,45.186896,26.84604,4109,BZ08FBU,,Gura Calnaului,False,REMADO COMEXPO S.R.L.,10247050,REMADO COMEXPO S.R.L.,10247050,SUMAL,FIZICA,FIZICA,1776158482121,1776172882121,2.604,,,,,3,2026-04-14T18:09:24.387367
AP26001299000701701304141221,1,Locul Recoltării,46.167608,25.768919,870576,CV32BEN,2600129900060,2600129900060 - 3042N C Batanii Mici 28A Bodapatak,False,OCOLUL SILVIC HATOD S.R.L.,RO23317696,Benlemn S.R.L.,44722322,SUMAL,FIZICA,FIZICA,1776158474789,1776180074789,7.44,,,,,3,2026-04-14T18:09:25.642415
AP26001299000308573104141221,1,Locul Recoltării,46.00946100000001,25.812687,868677,CV11SAT,2500129902350,2500129902350 - 2991N C Olteni 3A,False,OCOLUL SILVIC HATOD S.R.L.,RO23317696,SATFOR-EX SRL,RO36553729,SUMAL,FIZICA,FIZICA,1776158467973,1776180067973,3.1,,,,,3,2026-04-14T18:09:26.918996
DC26016231000206846504141221,2,Depozit,45.187667,26.190499,48486,PH17NLW,,SORMAR EXPLOATARE FORSTIERA SRL,False,SORMAR PROCONSTRUCT S.R.L.,40073788,SORMAR PROCONSTRUCT S.R.L.,40073788,SUMAL,FIZICA,FIZICA,1776158464148,1776165664148,2.544,,,,,3,2026-04-14T18:09:28.386623
DA26024556000812279104141220,2,Depozit,46.608448,22.421775,293881,BH18SUE,,SFL1,False,European Food International SRL,46325965,ABC EURO TECH SRL,RO30344537,SUMAL,JURIDICA,JURIDICA,1776158435583,1776165635583,8.212,,,,,3,2026-04-14T18:09:29.644342
DA26003585000212547904141220,2,Depozit,46.370591,25.770251,270222,HR05SIL,,Silvestris Csiki Fa,False,SC SILVESTRIS SRL,3944615,SC SILVESTRIS SRL,3944615,SUMAL,JURIDICA,JURIDICA,1776158435473,1776180035473,2.4,,,,,3,2026-04-14T18:09:30.857755
DA26000239002500722504141220,2,Depozit,46.01532699999999,23.537850000000002,2890,AB71DLM,,Vintu de Jos,False,SC  DML INVEST  SRL,RO23110878,DML TRANZIT FOREST SRL,30477550,SUMAL,JURIDICA,JURIDICA,1776158433329,1776180033329,25.99,,,,,3,2026-04-14T18:09:32.078730
AP26028036001110048904141220,1,Locul Recoltării,46.938696,23.107663,856119,CJ06ZIN,2400258502170,2400258502170 - ALMAS,False,SC EDZEN FOREST SRL,46302660,SC EDZEN FOREST SRL,46302660,SUMAL,JURIDICA,JURIDICA,1776158422358,1776194422358,11.63951,,,,,3,2026-04-14T18:09:33.880409
DA26007046000200891304141220,2,Depozit,46.407682,24.705114,3071,HR55FAN,,DEPOZIT BALAUSERI,False,Fancom Impex S.R.L.,8228641,Fancom Impex S.R.L.,8228641,SUMAL,FIZICA,FIZICA,1776158422282,1776180022282,2.387124,,,,,3,2026-04-14T18:09:35.554121
DC26016899000106778404141220,2,Depozit,47.65202,23.601072,57853,MM63YST,,BAIA MARE ELECTROLIZEI 18,False,BOROTA FOREST SRL,44096644,BOROTA FOREST SRL,44096644,SUMAL,FIZICA,FIZICA,1776158421753,1776165621753,1.1664,,,,,3,2026-04-14T18:09:37.171523
AP26000353000301108504141220,1,Locul Recoltării,44.976794000000005,25.521691,864222,DB11VGU,2500035301630,2500035301630 - 222 Merisor,False,OCOLUL SILVIC TÂRGOVIȘTE,1590120,OCOLUL SILVIC RĂCARI,1590120,SUMAL,FIZICA,FIZICA,1776158420284,1776176420284,3.007434,,,,,3,2026-04-14T18:09:38.346698
DA26003609002112222104141220,2,Depozit,45.855445,25.942212,1837,CV40NEL,,HS RECI,False,HS TIMBER PRODUCTIONS RECI SRL,RO35369656,PRODUCTIE VINZARE NELY SRL,RO5179986,SUMAL,JURIDICA,JURIDICA,1776158415744,1776180015744,21.252248,,,,,3,2026-04-14T18:09:39.953445
DA26011420000103460704141220,2,Depozit,44.118213,24.490859,22814,OT92WMM,,Mari stoenesti ,False,FLOREA MIRCEA - MARIAN S.R.L.,37917283,FLOREA MIRCEA - MARIAN S.R.L.,37917283,SUMAL,FIZICA,FIZICA,1776158414922,1776162014922,1.7523,,,,1,3,2026-04-14T18:09:41.373496
DA26000315000402190604141220,2,Depozit,45.208181,26.041621,4964,PH29MNS,,"STEFAN CEL MARE, NR. 34 DEPOZIT 2",False,MONI SERV PROD SRL,RO 6304890,MONI SERV PROD SRL,RO 6304890,SUMAL,FIZICA,FIZICA,1776158411698,1776169211698,4.20906,,,,,3,2026-04-14T18:09:42.702400
AP26002595000302379604141220,1,Locul Recoltării,47.336423,22.929373,889204,SAMSUD262,2600259500750,2600259500750 - PF SAMUSD 26069,False,OCOLUL SILVIC BLIDARU,25534861,Kis Juhasz Levente,1831120314011,SUMAL,FIZICA,FIZICA,1776158403888,1776165603888,3.8502,,,,,3,2026-04-14T18:09:44.005895
DA26008501000301343404141219,2,Depozit,43.990815,25.279275,12321,TR93CCC,,DEPOZIT NANOV ROSU CRISTIAN,False,PFA ROSU CORNEL CRISTIAN,26699108,PFA ROSU CORNEL CRISTIAN,26699108,SUMAL,FIZICA,FIZICA,1776158394890,1776165594890,3.0008,,,,,3,2026-04-14T18:09:45.199511
DC26002209000301376104141219,2,Depozit,46.125304,25.602831999999996,490,CV15CON,,PUNCT DE LUCRU (GATER),False,PRODUCTIE COMERT SI TURISM CONECTIC SRL,RO6875811,PRODUCTIE COMERT SI TURISM CONECTIC SRL,RO6875811,SUMAL,FIZICA,FIZICA,1776158392713,1776176392713,3.6456,,,,,3,2026-04-14T18:09:46.349031
AP26001245001400231604141219,1,Locul Recoltării,46.595672,27.294024,835560,GL90BALABANESTI,2100006801360,2100006801360 - 253 Danu,False,SOLARELU S.R.L.,36241158,moraru mihai ,,NONSUMAL,FIZICA,FIZICA,1776158391947,1776179991947,14.0075,,,,,0,2026-04-14T18:09:47.238700
AP26001196000102264504141219,1,Locul Recoltării,44.503513,26.377844,873332,B590COS,2600119600050,2600119600050 - 324 Pasarea Hagiesti,False,OCOLUL SILVIC BRĂNEȘTI,1590120,PETRE COSTEL,1940609420052,SUMAL,FIZICA,FIZICA,1776158388520,1776194388520,1.5,,,,,0,2026-04-14T18:09:48.340053
DC26000348000000246204141219,2,Depozit,45.330255,25.554847,6105,PH10ENS,,DEPOZIT EVANS 93 CALEA MOROIENI,False,EVANS 93 SRL,RO 5147933,EVANS 93 SRL,RO 5147933,SUMAL,FIZICA,FIZICA,1776158386131,1776169186131,0.55,,,,,0,2026-04-14T18:09:49.817498
DA26004625000400371204141219,2,Depozit,45.269736,27.943932,5099,BR09RSA,,Depozit Brăila,False,YUSNEL DEPO S.R.L.,39369764,YUSNEL DEPO S.R.L.,39369764,SUMAL,FIZICA,FIZICA,1776158382156,1776176382156,4.96,,,,,3,2026-04-14T18:09:51.223501
DC26003990000111244504141219,2,Depozit,46.623462999999994,27.751804000000003,1880,VS52RED,,MUNTENII DE JOS,False,REDCON UNU SRL,28185839,REDCON UNU SRL,28185839,SUMAL,FIZICA,FIZICA,1776158381703,1776179981703,1.4203,,,,,3,2026-04-14T18:09:52.508675
AP26002126001300323904141219,1,Locul Recoltării,46.124799,22.022914,865590,AR13ZXX,2400212600260,2400212600260 - P 897 / MONOROSTIA,False,OCOLUL SILVIC BARZAVA,1590120,OCOLUL SILVIC BARZAVA,1590120,SUMAL,JURIDICA,JURIDICA,1776158372386,1776172772386,13.63506,,,,,3,2026-04-14T18:09:53.753378
AP26006393002802236004141219,1,Locul Recoltării,46.98915,25.109747,866532,MS99RDN,2500164901230,2500164901230 - 6610 COM.LUNCA-BRADULUI,False,RADAN SERV SRL,3934212,RADAN SERV SRL,3934212,SUMAL,JURIDICA,JURIDICA,1776158367314,1776179967314,28.1956,,,,,3,2026-04-14T18:09:55.047239
DC26010049000002575604141219,2,Depozit,44.251773,27.580289,6425,CL04VRG,,Depozit UNIREA,False,Codrut Construct S.R.L.,23545341,Nedelcu Petruș ,,NONSUMAL,FIZICA,FIZICA,1776158356210,1776179956210,0.375,,,,,0,2026-04-14T18:09:56.221278
DC26006327000110907304141219,2,Depozit,44.894215,24.819273999999997,13303,B900DLD,,BASCOV,False,DEPOZITUL DELADAN SRL,41141287,DEPOZITUL DELADAN SRL,41141287,SUMAL,JURIDICA,JURIDICA,1776158341352,1776169141352,1.4208,,,,,3,2026-04-14T18:09:57.396903
AP26001196000302323904141218,1,Locul Recoltării,44.475164,26.275469,867128,IF011851,2500119600740,2500119600740 - 317 - Pustnicu Cozieni,False,OCOLUL SILVIC BRĂNEȘTI,1590120,BANU ION,,NONSUMAL,FIZICA,FIZICA,1776158331381,1776331131381,3.0,,,,,0,2026-04-14T18:09:58.317684
DC26003538005001637204141218,2,Depozit,46.884625,25.450135,1822,HR81GNX,,SC GENEX COM SRL,False,SC GENEX COM SRL,7998561,SC GENEX COM SRL,7998561,SUMAL,JURIDICA,JURIDICA,1776158326043,1776287926043,50.3316,,,,,3,2026-04-14T18:09:59.525328
AP26007174002300933004141218,1,Locul Recoltării,46.173327,26.290427000000005,873378,CV24BAE,2600125100250,2600125100250 - 3047- Prim. Mereni,False,BAE-FOREX SRL,8259060,BAE-FOREX SRL,8259060,SUMAL,JURIDICA,JURIDICA,1776158317175,1776179917175,23.215108,,,,,3,2026-04-14T18:10:00.949924
AP26001877001401810704141218,1,Locul Recoltării,45.128363,22.493906999999997,866885,MH32FAG,2500123301450,2500123301450 - 101 Bangeal,False,SC COMBINATUL DE CELULOZA SI HARTIE SA,5976842,SC COMBINATUL DE CELULOZA SI HARTIE SA,5976842,SUMAL,JURIDICA,JURIDICA,1776158315010,1776215915010,14.09571,,,,,3,2026-04-14T18:10:02.234099
DA26007765000301045604141218,2,Depozit,44.239433,26.47171,13902,CL16HDA,,SC Ajax SRL,False,Ajax S.R.L.,3638330,Ajax S.R.L.,3638330,SUMAL,FIZICA,FIZICA,1776158311280,1776179911280,3.2364,,,,,3,2026-04-14T18:10:03.725644
DA26033726000212440904141218,2,Depozit,44.186283,24.654771999999998,798967,OT75BCR,,STOICĂNEȘTI,False,BREAZU T. CRISTIAN PERSOANA FIZICĂ AUTORIZATĂ,51935528,BREAZU T. CRISTIAN PERSOANA FIZICĂ AUTORIZATĂ,51935528,SUMAL,FIZICA,FIZICA,1776158299395,1776165499395,2.021355,,,,,3,2026-04-14T18:10:04.971171
AP26001394000106848004141218,1,Locul Recoltării,46.533501,25.607127,766271,HR102DANESTI,2500139402970,2500139402970 - Bükkpatak2689Comp.Danesti,False,OCOLUL SILVIC DE REGIM CIUC,14064500,Fábián Marton,,NONSUMAL,FIZICA,FIZICA,1776158288950,1776179888950,1.9188,,,,,0,2026-04-14T18:10:06.219206
AP26010840000203816404141217,1,Locul Recoltării,47.328875000000004,22.605003,801642,BH20FMY,2400138700990,2400138700990 - 547 G1 CAMAR 1,False,Florian Silv. S.R.L.,36152824,Florian Silv. S.R.L.,36152824,SUMAL,JURIDICA,JURIDICA,1776158278889,1776176278889,2.7342,,,,,3,2026-04-14T18:10:08.316919
DC26003585000000050204141217,2,Depozit,46.370591,25.770251,270222,HR09SOV,,Silvestris Csiki Fa,False,SC SILVESTRIS SRL,3944615,Gergely attila ,,NONSUMAL,FIZICA,FIZICA,1776158278767,1776165478767,0.15,,,,,0,2026-04-14T18:10:09.201233
DA26007191000305789104141217,2,Depozit,46.073822,25.571952999999997,428,HR15NSZ,,DEPOZIT SC EX FOR SRL,False,EX-FOR SRL,RO12148974,Lado Ervin,1770123191340,SUMAL,FIZICA,FIZICA,1776158275369,1776194275369,3.72,,,,,3,2026-04-14T18:10:10.391709
AP26002598000301558104141217,1,Locul Recoltării,47.325864,22.659304000000002,881125,CARASTE02,2500259802840,2500259802840 - Parohia Romano Catolica Carastelec ACC I ,False,OCOLUL SILVIC STEJARUL ZALĂU,25724076,Nagy Csilla-iuliana Întreprindere Individuală,30272252,SUMAL,FIZICA,FIZICA,1776158273435,1776169073435,3.52135,,,,,3,2026-04-14T18:10:11.820415
DA26027640000209551304141217,2,Depozit,46.36236,25.515838,413221,HR16SIM,,Str Nou nr 14,False,Simó Loránt Întreprindere Individuală,47913173,Simó Loránt Întreprindere Individuală,47913173,SUMAL,FIZICA,FIZICA,1776158269371,1776179869371,2.736,,,,,3,2026-04-14T18:10:13.113541
AP26000142000206881104141217,1,Locul Recoltării,44.72252799999999,25.426117,796174,DB88FOR,2500111900640,2500111900640 - 497/Ac.II.Cuparu,False,VASIROM FOREST SRL,10219912,FOREST GUYS SRL,34802530,SUMAL,JURIDICA,JURIDICA,1776158263974,1776172663974,2.81215,,,,,3,2026-04-14T18:10:14.331633
DC26006122000011537704141217,2,Depozit,47.671322,22.46459,13286,PFT400,,DEPOZIT CAREI,False,FEMATEX SRL,16466393,,,STRAIN,FIZICA,FIZICA,1776158246541,1776179846541,0.375,,,,,0,2026-04-14T18:10:15.202908
DA26006733000000851504141217,2,Depozit,44.03463200000001,23.354063,1468,DJ07JMI,,Depozit Bailesti ,False,Jm Serv Karimel S.R.L.,ro32817933,Jm Serv Karimel S.R.L.,ro32817933,SUMAL,FIZICA,FIZICA,1776158246388,1776176246388,0.90972,,,,,3,2026-04-14T18:10:16.370503
AP26001415000302426304141217,1,Locul Recoltării,46.852539,22.275396,876523,BH11GFD,2600141500050,2600141500050 - 1309 Pe Plop,False,OCOLUL SILVIC LĂZĂRENI R.A.,RO34963676,propus gheorghe,,NONSUMAL,FIZICA,FIZICA,1776158243710,1776165443710,3.4224,,,,,0,2026-04-14T18:10:17.402651
AP26001415001002452304141217,1,Locul Recoltării,46.541783,22.552936,868647,PIETROASA219BH,2500141501430,2500141501430 - 1283 Magura,False,OCOLUL SILVIC LĂZĂRENI R.A.,RO34963676,Chira Dănuț ,,NONSUMAL,FIZICA,FIZICA,1776158242868,1776165442868,10.044,,,,,0,2026-04-14T18:10:18.274604
DC26006978000010692904141217,2,Depozit,44.38308,25.991517,8658,B680ADI,,DEPOZIT DUMI SERV,False,DUMI-SERV SRL,7597071,Ionescu stefan,,NONSUMAL,FIZICA,FIZICA,1776158241727,1776165441727,0.06,,,,,0,2026-04-14T18:10:19.241960
DC26000135000600767804141217,2,Depozit,46.607494,26.85946,3031,BC08TTK,,HEMEIUS,False,SC CIP&DOR SRL,RO18607375,SC CIP&DOR SRL,RO18607375,SUMAL,JURIDICA,JURIDICA,1776158236873,1776165436873,6.3,,,,,3,2026-04-14T18:10:20.464996
DA26030539000010619004141217,2,Depozit,44.980411,26.453989000000004,567028,PH011310,,DEPOZIT ILIE,False,ILIE DANIEL-CONSTANTIN INTEPRINDERE INDIVIDUALA,49389580,ILIE DANIEL-CONSTANTIN INTEPRINDERE INDIVIDUALA,49389580,SUMAL,FIZICA,FIZICA,1776158235925,1776172635925,0.93,,,,,6,2026-04-14T18:10:21.903822
DA26003867000100227004141217,2,Depozit,44.446611,24.341965,14513,OT16GAL,,GALINVEST-SLATINA,False,GALINVEST CONSTRUCT S.R.L.,15345504,GALINVEST CONSTRUCT S.R.L.,15345504,SUMAL,FIZICA,FIZICA,1776158224628,1776169024628,1.0,,,,,3,2026-04-14T18:10:23.277914
DC26008373000001839404141216,2,Depozit,44.340294,23.765042000000005,850,B551GPK,,Leroy Merlin Craiovita,False,LEROY MERLIN ROMANIA SRL,16702141,GREEN PACK SRL,39267225,SUMAL,FIZICA,FIZICA,1776158219604,1776172619604,0.17788,,,,,3,2026-04-14T18:10:24.456521
DA26012511000604209004141216,2,Depozit,46.307544,25.944878,25720,HR1618CIUCSANGEORGIU,,DEPOZIT APROFA,False,Aprofa S.R.L.,11241438,janos laszlo,,NONSUMAL,FIZICA,FIZICA,1776158216114,1776179816114,6.5777,,,,,0,2026-04-14T18:10:25.333010
DC26000141000008780804141216,2,Depozit,45.325762,21.86593,678,CS60SMP,,MAGAZIN DEDEMAN RESITA,False,SC DEDEMAN SRL,RO 2816464,JENAR GHEORGHE,,NONSUMAL,FIZICA,FIZICA,1776158194762,1776176194762,0.7656,,,,CS21SMP,0,2026-04-14T18:10:26.270741
DC26018855000506725604141216,2,Depozit,44.27617999999999,23.809520000000003,134455,DJ72SAB,,FACAI 3,False,Sisab Lemncom S.R.L.,42634640,Sisab Lemncom S.R.L.,42634640,SUMAL,FIZICA,FIZICA,1776158181259,1776194181259,5.5,,,,,3,2026-04-14T18:10:27.456255
AP26003781000602542404141216,1,Locul Recoltării,46.353292,26.07522,856580,HR99AIM,2503093904450,2503093904450 - 236 Egerszek Kristine Csikszentgyorgy,False,SC AGIS COM CENTER SRL,19207636,SC AGIS COM CENTER SRL,19207636,SUMAL,JURIDICA,JURIDICA,1776158171754,1776179771754,6.2707,,,,,3,2026-04-14T18:10:29.813218
AP26000084000101707204141216,1,Locul Recoltării,48.140633,26.348238999999996,863355,BT75NGR,2500008412850,2500008412850 - Frunza 50A,False,OCOLUL SILVIC DOROHOI,1590120,PFA ACASANDREI ALEXANDRU,47446272,SUMAL,FIZICA,FIZICA,1776158160133,1776179760133,1.5884,,,,,3,2026-04-14T18:10:31.086385
DC26002382000703690504141215,2,Depozit,47.746885999999996,23.091857,17369,SM141CULCIU,,CARASEU,False,Unilemn D&g S.R.L.,RO 19235415,Unilemn D&g S.R.L.,RO 19235415,SUMAL,JURIDICA,JURIDICA,1776158159115,1776165359115,7.41888,,,,,3,2026-04-14T18:10:32.316420
DA26001771001212303104141215,2,Depozit,46.77996099999999,24.737994,578021,VL06FAO,,Depozit Extern,False,SC KASTAMONU ROMANIA SA,1235668,ROTSIN COM SRL,7174489,SUMAL,JURIDICA,JURIDICA,1776158159033,1776165359033,12.0,,,,,3,2026-04-14T18:10:33.505694
DC26008373000001623404141215,2,Depozit,45.70376,21.18262,856,TM94BLK,,Leroy Merlin Timisoara,False,LEROY MERLIN ROMANIA SRL,16702141,Ion Calbau,,NONSUMAL,FIZICA,FIZICA,1776158158114,1776165358114,0.1026,,,,,0,2026-04-14T18:10:34.396584
DC26004037000100169304141215,2,Depozit,47.039832,21.898085,9388,BH40BFI,,SC MANNA COM PLUS SRL,False,Manna Com Plus SRL,6836456,Biflor Instal S.R.L.,18457499,SUMAL,JURIDICA,JURIDICA,1776158158079,1776172558079,1.0,,,,,3,2026-04-14T18:10:35.561510
AP26002098001203216104141215,1,Locul Recoltării,46.163323,21.16918,862998,AR13NJB,2500209801010,2500209801010 - 306P_Santoma,False,OCOLUL SILVIC IULIU MOLDOVAN,1590120,OCOLUL SILVIC IULIU MOLDOVAN,1590120,SUMAL,FIZICA,FIZICA,1776158155861,1776194155861,12.28685,,,,,6,2026-04-14T18:10:36.988903
DA26009896000102005204141215,2,Depozit,43.653702,25.357735,859896,TR82RGY,,Rgyon Construct 2,False,Rgyon Construct S.R.L.,42119466,Rgyon Construct S.R.L.,42119466,SUMAL,FIZICA,FIZICA,1776158142706,1776161742706,1.4,,,,,3,2026-04-14T18:10:38.204650
DC26009911000002010704141215,2,Depozit,46.230952,24.837323,5287,MS97SEL,,La depozit,False,Merra Cons S.R.L.,16143317,SZEL ALBERT,,NONSUMAL,FIZICA,FIZICA,1776158141590,1776165341590,0.24,,,,,0,2026-04-14T18:10:39.078369
AP26001510000301679104141215,1,Locul Recoltării,46.924883,22.550418,838524,BH26MTS,2500151002280,2500151002280 - 8559 Linie El Pasune As Balnaca,False,OCOLUL SILVIC ALEȘD,1590120,mateas ioan ,,NONSUMAL,FIZICA,FIZICA,1776158138753,1776161738753,3.2292,,,,,0,2026-04-14T18:10:39.986282
DC26000665000205361604141215,2,Depozit,47.20821900000001,27.510606,544,NT07ABY,,DEPOZIT REDIU,False,SC ABY & YNA SRL,15329347,SC ABY & YNA SRL,15329347,SUMAL,JURIDICA,JURIDICA,1776158136065,1776179736065,2.4,,,,,3,2026-04-14T18:10:41.604424
DC26002613000409934004141215,2,Depozit,46.319172,23.728606,42127,AB08JBK,,cherestea punct de lucru,False,SC MOBIS ANDY LADUSLAV SRL,1765427,SC MOBIS ANDY LADUSLAV SRL,1765427,SUMAL,JURIDICA,JURIDICA,1776158113008,1776161713008,4.51,,,,,3,2026-04-14T18:10:42.798096
AP26000865001301520404141215,1,Locul Recoltării,47.371081,24.706921000000005,888063,HR25SWE,2600086500260,2600086500260 - 17 VALEA PLOPULUI,False,OCOLUL SILVIC CORMAIA ANIEȘ R.A.,16067546,FOREST-GOSEN SRL,14647954,SUMAL,JURIDICA,JURIDICA,1776158104589,1776179704589,13.5013,,,,,3,2026-04-14T18:10:44.008157
DC26005308000100687604141214,2,Depozit,44.99336400000001,24.912486,17399,AG09ZVD,,darmanesti,False,BOGDANA FLORIS 2009 SRL,25233958,BOGDANA FLORIS 2009 SRL,25233958,SUMAL,FIZICA,FIZICA,1776158088966,1776179688966,1.0416,,,,,3,2026-04-14T18:10:45.168837
AP26002601000211182204141214,1,Locul Recoltării,47.326567,23.730567,787969,0179,2500260103830,2500260103830 - Ticlau-Batalaua grupa 3,False,OCOLUL SILVIC PALTINUL 2018,403151725,Duma Ioan,,NONSUMAL,JURIDICA,JURIDICA,1776158087048,1776165287048,2.511,,,,,0,2026-04-14T18:10:46.367786
DC26005278000300534504141214,2,Depozit,44.870123,24.891411,15046,AG27MCI,,  DEPOZIT STEFANESTI ,False,HUNTER VIP SRL,18061353,Mihai Liviu,,NONSUMAL,FIZICA,FIZICA,1776158072817,1776165272817,3.0114,,,,,0,2026-04-14T18:10:47.280518
AP26000094001900584304141214,1,Locul Recoltării,45.308236,25.557914,858639,B165VML,2400009400510,2400009400510 - 166 P - TTG - Olga Bancic,False,OCOLUL SILVIC SINAIA,1590120,VASIMOLI SILV SRL,RO 29537739,SUMAL,JURIDICA,JURIDICA,1776158072018,1776161672018,19.8778,,,,,3,2026-04-14T18:10:48.566022
DC26030561000010635204141214,2,Depozit,45.052054,26.761991,568313,BZ90EBY,,e85,False,IDEAL STEFMAR DEPOT SRL,49439484,alexandru constantin ,,NONSUMAL,FIZICA,FIZICA,1776158070169,1776165270169,0.184,,,,,0,2026-04-14T18:10:49.685302
DC26006935000100872804141214,2,Depozit,46.361682,25.786838,1193,HR12PTB,,Loriza,False,Emer-com S.R.L.,500596,Katona gabor,,NONSUMAL,JURIDICA,JURIDICA,1776158060978,1776168860978,1.0,,,,,0,2026-04-14T18:10:50.656157
DC26004031000009992804141214,2,Depozit,47.350662,22.810308000000003,874459,CJ06WOI,,Depozit Sarmasag 2 ,False,SC DUTUALEX SRL,RO 35686018,SC DUTUALEX SRL,RO 35686018,SUMAL,FIZICA,FIZICA,1776158052376,1776179652376,0.9625,,,,,3,2026-04-14T18:10:51.921803
DA26010640000202923904141214,2,Depozit,46.497861,25.750666,12185,HR78PAZ,,Depozit Pazotti Euro Srl,False,Pazotti-euro S.R.L.,16695079,Pazotti-euro S.R.L.,16695079,SUMAL,FIZICA,FIZICA,1776158050012,1776179650012,2.52,,,,,3,2026-04-14T18:10:53.170575
AP26001299001702636004141214,1,Locul Recoltării,46.063588,25.789817,879858,CV04NPB,2500129902810,2500129902810 - 3030N C Bodos ua 2 Hatodteto,False,OCOLUL SILVIC HATOD S.R.L.,RO23317696,CERAMICA VINCZI SRL,RO540027,SUMAL,JURIDICA,JURIDICA,1776158049224,1776168849224,17.45515,,,,,3,2026-04-14T18:10:54.425462
DC26006127000102829404141213,2,Depozit,47.82411199999999,22.943358,5809,SM30TOM,,Depozit Botiz,False,TOMIS SRL,RO 668051,TOMIS SRL,RO 668051,SUMAL,FIZICA,FIZICA,1776158035286,1776165235286,1.18,,,,,3,2026-04-14T18:10:55.641870
DC26003538004901637204141213,2,Depozit,46.884625,25.450135,1822,HR65GNX,,SC GENEX COM SRL,False,SC GENEX COM SRL,7998561,Genex Forest S.R.L.,24486898,SUMAL,JURIDICA,JURIDICA,1776158034848,1776330834848,49.3776,,,,,3,2026-04-14T18:10:56.845151
AP26001285000400933504141213,1,Locul Recoltării,45.880833,24.213828,873775,SURAMARE117SB,2600128500090,2600128500090 - 2104 La Barieră,False,OCOLUL SILVIC DEALUL SIBIULUI R.A.,17454834,Pop Gheorghe ,,NONSUMAL,FIZICA,FIZICA,1776158018472,1776179618472,4.095,,,,,0,2026-04-14T18:10:57.770483
AP26003643001900061904141213,1,Locul Recoltării,46.444458,25.243034000000005,884364,HR47TOF,2600128400320,2600128400320 - RABANUS 297,False,SC VIMA TOFI SRL,14579078,SC VIMA TOFI SRL,14579078,SUMAL,JURIDICA,JURIDICA,1776157999800,1776179599800,19.3698,,,,,3,2026-04-14T18:10:59.084446
AP26000500000701446604141213,1,Locul Recoltării,46.131827,23.337895,807374,AB0043METES,2500050001750,2500050001750 - 529 BIBART,False,OCOLUL SILVIC  ALBA IULIA,1590120,Stan Ioan Cristian ,,NONSUMAL,FIZICA,FIZICA,1776157985119,1776165185119,7.29545,,,,,0,2026-04-14T18:11:00.109392
DC26004167000000768404141213,2,Depozit,46.32935,27.017058,24688,BC02DFI,,DEPOZIT DAGONDOR,False,SC DAGONDOR SRL,18973589,Istoc Ionut Iulian,,NONSUMAL,FIZICA,FIZICA,1776157982481,1776165182481,0.35,,,,,0,2026-04-14T18:11:01.066352
AP26003123001101770404141212,1,Locul Recoltării,45.986342,21.630192000000005,880076,AR53FOR,2500238301140,2500238301140 - 1550 / Pc Zabrani,False,SC MONI FOREST SRL,15184203,SC MONI FOREST SRL,15184203,SUMAL,JURIDICA,JURIDICA,1776157979005,1776222779005,11.856,,,,,3,2026-04-14T18:11:02.734064
DA26008560000201764804141212,2,Depozit,46.40747000000001,26.461463999999996,2405,BC10DRR,,FAGULUI,False,Dor Invest S.R.L.,7712898,Dor Invest S.R.L.,7712898,SUMAL,FIZICA,FIZICA,1776157974074,1776172374074,2.1,,,,,3,2026-04-14T18:11:04.047105
DA26003609001312222104141212,2,Depozit,45.855445,25.942212,1837,CV48NEL,,HS RECI,False,HS TIMBER PRODUCTIONS RECI SRL,RO35369656,PRODUCTIE VINZARE NELY SRL,RO5179986,SUMAL,JURIDICA,JURIDICA,1776157970423,1776179570423,13.755897,,,,,3,2026-04-14T18:11:05.287431
DA26010803000403473204141212,2,Depozit,44.367032,26.353438999999998,746690,CL07LYC,,DEPOZIT FUNDENI 2,False,Niculae L. I. Dumitru Întreprindere Individuală,38982565,Niculae L. I. Dumitru Întreprindere Individuală,38982565,SUMAL,FIZICA,FIZICA,1776157957766,1776179557766,4.3848,,,,,3,2026-04-14T18:11:06.508535
DC26000311000012450504141212,2,Depozit,45.419417,25.544843,21247,PH63MDM,,Depozit BUSTENI,False,MANIDUM SRL,RO 15219859,MANIDUM SRL,RO 15219859,SUMAL,FIZICA,FIZICA,1776157951801,1776165151801,0.18,,,,,3,2026-04-14T18:11:07.835960
DC26028317000009781804141212,2,Depozit,46.550523,23.892956,446288,CJ05TCI,,Câmpia Turzii,False,OANCEA M.L. IOANA ANDREEA  PFA,48188767,RADUCU OVIDIUS,,NONSUMAL,JURIDICA,JURIDICA,1776157950930,1776165150930,0.634,,,,,0,2026-04-14T18:11:08.749268
DC26010147000002763304141212,2,Depozit,44.56127,23.49629,6700,DJ37DVA,,UZINEI 2E,False,Com Dumbrava S.R.L.,2338840,Com Dumbrava S.R.L.,2338840,SUMAL,FIZICA,FIZICA,1776157944772,1776172344772,0.54,,,,,0,2026-04-14T18:11:09.681961
AP26001415000902452304141212,1,Locul Recoltării,46.541783,22.552936,868647,PIETROASA42BH,2500141501430,2500141501430 - 1283 Magura,False,OCOLUL SILVIC LĂZĂRENI R.A.,RO34963676,tarcaet Calin ,,NONSUMAL,FIZICA,FIZICA,1776157941769,1776165141769,9.982,,,,,0,2026-04-14T18:11:10.590420
AP26002595000302379604141211,1,Locul Recoltării,47.336423,22.929373,889204,SAMSUD25,2600259500750,2600259500750 - PF SAMUSD 26069,False,OCOLUL SILVIC BLIDARU,25534861,Bántó Balázs ,,NONSUMAL,FIZICA,FIZICA,1776157907856,1776165107856,3.09225,,,,,0,2026-04-14T18:11:11.530390
DA26006680000102136404141211,2,Depozit,46.44984,25.84415,4779,HR08GZL,,Frumoasa 64/a,False,HENORAG SRL,16164883,Fejer Imre,,NONSUMAL,FIZICA,FIZICA,1776157891387,1776179491387,1.5,,,,,0,2026-04-14T18:11:12.523732
DC26000393000007325004141211,2,Depozit,43.990353,28.627516,208164,CT23TRP,,DEPOZIT TUZLA,False,SC SANIRAL SRL,14585053,Mocanu sandu,,NONSUMAL,JURIDICA,JURIDICA,1776157869330,1776165069330,0.35,,,,,0,2026-04-14T18:11:13.436841
DC26005420000300560504141211,2,Depozit,46.617533,25.565093,7017,CJ68ADO,,Depozit FN,False,SC ROBICOM IMPEX SRL,20827330,Muntean Vladut Ilie,,NONSUMAL,FIZICA,FIZICA,1776157864255,1776330664255,3.0045,,,,,0,2026-04-14T18:11:14.525646
DC26003544000011297704141210,2,Depozit,47.313455,22.337472,2606,BH15ZPZ,,"CHIRIBIS, NR.35/A",False,II BOITOR BOGDAN IONUT,RO34737300,II BOITOR BOGDAN IONUT,RO34737300,SUMAL,FIZICA,FIZICA,1776157858295,1776165058295,0.475,,,,,3,2026-04-14T18:11:15.754833
DA26032393000211857404141210,2,Depozit,46.12940699999999,25.609558000000003,694401,CV28JEL,,Depozit Bradut 1,False,Delney Forest S.R.L.,50645097,Delney Forest S.R.L.,50645097,SUMAL,FIZICA,FIZICA,1776157855938,1776179455938,2.75,,,,,3,2026-04-14T18:11:17.145930
DC26011036000003249304141210,2,Depozit,46.291362,25.040218,13966,HR06XOC,,Naturalplant,False,Natural Plant Chim S.R.L.,18941552,Török zoltan,,NONSUMAL,FIZICA,FIZICA,1776157850509,1776165050509,0.08,,,,,0,2026-04-14T18:11:18.048660
DC26007511000111377404141210,2,Depozit,45.66093,25.546303,2211,B100TFX,,ARABESQUE BRASOV,False,ARABESQUE S.R.L.,5340801,SZABO ROBERT,,NONSUMAL,JURIDICA,JURIDICA,1776157831132,1776179431132,1.0626,,,,,0,2026-04-14T18:11:18.937193
DA26003520000703691304141210,2,Depozit,45.712299,25.783257000000003,729025,BV17KID,,PREJMER,False,KIND RO SRL,14865290,KIND RO SRL,14865290,SUMAL,JURIDICA,JURIDICA,1776157825682,1776179425682,7.86458,,,,,3,2026-04-14T18:11:20.173220
DA26001645000202621104141210,2,Depozit,45.417326,23.360394,479,B222PGI,,PETROSANI,False,SC IMPERIAL PG SRL,RO 12470162,SC IMPERIAL PG SRL,RO 12470162,SUMAL,FIZICA,FIZICA,1776157823255,1776179423255,2.153662,,,,,3,2026-04-14T18:11:21.570322
DA26034514002012827004141210,2,Depozit,44.65376799999999,25.578615,837780,DB91VSR,,TITU,False,NUO HOME SRL,44479968,VASIROM FOREST SRL,10219912,SUMAL,JURIDICA,JURIDICA,1776157820302,1776179420302,20.279687,,,,,3,2026-04-14T18:11:22.851538
AP26003643001800061904141210,1,Locul Recoltării,46.444458,25.243034000000005,884364,HR43TOF,2600128400320,2600128400320 - RABANUS 297,False,SC VIMA TOFI SRL,14579078,SC VIMA TOFI SRL,14579078,SUMAL,JURIDICA,JURIDICA,1776157816839,1776179416839,18.3027,,,,,3,2026-04-14T18:11:24.115496
DA26017976000306433604141210,2,Depozit,46.010134,22.239335999999998,136870,TM24ADP,,DEPOZIT,False,SC DOI URSULETI ELIGIA & SERGIU SRL,35121196,BREZOVAN CRISTIAN-SILVIU PERSOANA FIZICA AUTORIZATA,41924041,SUMAL,FIZICA,FIZICA,1776157813998,1776193813998,3.51912,,,,,3,2026-04-14T18:11:25.357823
AP26002776000003200004141210,1,Locul Recoltării,46.169147,23.396404,816944,AB49NEC,2500277603910,2500277603910 - 2605 Ignea Liviu,False,OCOLUL SILVIC IEZĂRUL TRASCĂU,23780134,Costea Nicolaie,,NONSUMAL,FIZICA,FIZICA,1776157803350,1776172203350,0.71424,,,,,0,2026-04-14T18:11:26.278328
AP26001877001501810704141209,1,Locul Recoltării,45.128363,22.493906999999997,866885,MH49FAG,2500123301450,2500123301450 - 101 Bangeal,False,SC COMBINATUL DE CELULOZA SI HARTIE SA,5976842,SC COMBINATUL DE CELULOZA SI HARTIE SA,5976842,SUMAL,JURIDICA,JURIDICA,1776157797384,1776215397384,15.33319,,,,,3,2026-04-14T18:11:32.841568
DC26000569000000154504141209,2,Depozit,44.99927499999999,26.018737,8263,PH10MIC,,Depozit Catemic Boldesti,False,CATEMIC BAR SRL,RO 7539526,CATEMIC BAR SRL,RO 7539526,SUMAL,JURIDICA,JURIDICA,1776157794309,1776164994309,0.7408,,,,,3,2026-04-14T18:11:34.500061
DC26000141000008780104141209,2,Depozit,44.404998,26.200783,1958,B116ZAJ,,MAGAZIN DEDEMAN BUCURESTI 4,False,SC DEDEMAN SRL,RO 2816464,OLTEANU DANIEL,,NONSUMAL,FIZICA,FIZICA,1776157794179,1776179394179,0.1323,,,,,0,2026-04-14T18:11:35.388547
DC26011361000405368604141209,2,Depozit,45.030411,26.018095,37832,PH76AAB,,Paciro Prod SRL Lipanesti,False,Paciro Prod S.R.L.,7169261,Păun Constantin ,,NONSUMAL,FIZICA,FIZICA,1776157789710,1776164989710,4.895,,,,,0,2026-04-14T18:11:37.303045
DC26023411000008171704141209,2,Depozit,44.391719,25.895722000000003,260606,B128BST,,Depozit Teghes,False,BESTE WOOD DISTRIBUTION SRL,44461111,BESTE WOOD DISTRIBUTION SRL,44461111,SUMAL,JURIDICA,JURIDICA,1776157789537,1776168589537,0.6,,,,,6,2026-04-14T18:11:39.375142
DA26003222000401807204141209,2,Depozit,46.332894,22.04845,43655,AR16DPA,,Cuied Lexirom,False,Lexirom Forest S.R.L.,33806282,PFA HERLO DĂNUȚ-VIOREL,44879468,SUMAL,FIZICA,FIZICA,1776157782487,1776179382487,4.2408,,,,,3,2026-04-14T18:11:40.578707
DC26001140000200387604141209,2,Depozit,44.25243,23.916491,13526,DJ15SSL,,Cosoveni Dolj,False,S.C. PADICOM S.R.L.,2297600,Drujan Florin,,NONSUMAL,FIZICA,FIZICA,1776157780954,1776186580954,2.6,,,,,0,2026-04-14T18:11:41.484441
DA26014067000205843404141209,2,Depozit,47.69324,22.44008,51270,SM70MGD,,DEPOZIT CAREI,False,Denes Andrei Forest S.R.L.,43667343,Denes Andrei Forest S.R.L.,43667343,SUMAL,FIZICA,FIZICA,1776157779426,1776164979426,2.232,,,,,3,2026-04-14T18:11:42.663865
DC26000910000101989304141209,2,Depozit,43.850476,25.425151,3580,MS95MKB,, SMARDIOASA,False,SC VASICON STAR SRL,24337098,MIKLOS  RUPI  RICHARD ,,NONSUMAL,FIZICA,FIZICA,1776157779315,1776179379315,1.8,,,,,0,2026-04-14T18:11:43.581407
DA26000874000100178304141209,2,Depozit,43.983798,22.946063,7010,DJ81SLG,,CALAFAT,False,S.C. NUSHGAB FOREST S.R.L.,34797743,S.C. NUSHGAB FOREST S.R.L.,34797743,SUMAL,FIZICA,FIZICA,1776157778527,1776164978527,1.98,,,,,3,2026-04-14T18:11:44.768158
AP26000353000112674504141209,1,Locul Recoltării,44.801579,25.384045,867401,DRAGODANADB456,2500035303340,2500035303340 - 324 Padureni,False,OCOLUL SILVIC TÂRGOVIȘTE,1590120,Apostol Ionut ,,NONSUMAL,FIZICA,FIZICA,1776157777849,1776164977849,1.199736,,,,,0,2026-04-14T18:11:45.698279
AP26007174001300933004141209,1,Locul Recoltării,46.173327,26.290426999999998,873378,CV21BAE,2600125100250,2600125100250 - 3047- Prim. Mereni,False,BAE-FOREX SRL,8259060,BAE-FOREX SRL,8259060,SUMAL,JURIDICA,JURIDICA,1776157770718,1776179370718,13.58867,,,,,6,2026-04-14T18:11:47.369915
DC26001831000101300704141209,2,Depozit,46.632766,27.592645,20820,VS24KRS,,Depozit Laza,False,CIPROXIM SRL,23968228,gherasa andrei,,NONSUMAL,FIZICA,FIZICA,1776157756536,1776164956536,1.1744,,,,,0,2026-04-14T18:11:48.306647
DA26006564000210480604141209,2,Depozit,47.158208,22.726786,810,SJ96TPC,,Depozit Dohanyos ,False,SC TOM PRODCOM SRL,40367074,SC TOM PRODCOM SRL,40367074,SUMAL,FIZICA,FIZICA,1776157755408,1776179355408,2.822592,,,,,3,2026-04-14T18:11:49.530764
AP26008650000301417604141209,1,Locul Recoltării,44.774425,27.856193,880058,IL60AMS,2500121800130,2500121800130 - 1222 Vaca,False,STANCIU & COMP SRL,34096469,STANCIU & COMP SRL,34096469,SUMAL,FIZICA,FIZICA,1776157752189,1776179352189,3.0153,,,,,3,2026-04-14T18:11:50.775394
DC26007191000205789104141209,2,Depozit,46.073822,25.571953,428,MS64CAT,,DEPOZIT SC EX FOR SRL,False,EX-FOR SRL,RO12148974,SZOCS LEVENTE ,,NONSUMAL,JURIDICA,JURIDICA,1776157750251,1776222550251,2.090343,,,,,0,2026-04-14T18:11:51.768082
DA26005052000603856604141209,2,Depozit,47.656839,23.625363000000004,5940,MM22SCA,,FORESTIERILOR 175,False,ANIA SRL,13821962,ANIA SRL,13821962,SUMAL,FIZICA,FIZICA,1776157742238,1776222542238,6.2,,,,,3,2026-04-14T18:11:52.998212
AP26003968000006192104141209,1,Locul Recoltării,47.179521,23.063351,887510,SJ13CIT,2600259800640,2600259800640 - AFF Citadin Str.Muncitorilor;Armoniei,False,Citadin Zalau SRL,RO27243753,Citadin Zalau SRL,RO27243753,SUMAL,JURIDICA,JURIDICA,1776157740238,1776164940238,0.6686,,,,sj13cit,3,2026-04-14T18:11:54.787394
DA26029013000110026104141208,2,Depozit,47.181925,24.258743,475741,BN78RAR,,EzeIsac,False,EZEISAC SRL,48749924,EZEISAC SRL,48749924,SUMAL,FIZICA,FIZICA,1776157726628,1776175726628,1.40049,,,,,6,2026-04-14T18:11:56.161871
DC26007493000511012904141208,2,Depozit,43.848751,24.646182999999997,23118,OT17DDG,,DABU DISTRICT GRUP - TIA MARE,False,DABU DISTRICT GRUP S.R.L.,29111368,DABU DISTRICT GRUP S.R.L.,29111368,SUMAL,JURIDICA,JURIDICA,1776157716287,1776164916287,5.4225,,,,,3,2026-04-14T18:11:57.338330
DC26010147000002763304141208,2,Depozit,44.56127,23.49629,6700,DJ37DVA,,UZINEI 2E,False,Com Dumbrava S.R.L.,2338840,Com Dumbrava S.R.L.,2338840,SUMAL,FIZICA,FIZICA,1776157707809,1776172107809,0.38,,,,,3,2026-04-14T18:11:58.571281
AP26001201000501232104141208,1,Locul Recoltării,44.43069,25.674637,706738,GR04EZW,2400120100550,2400120100550 - 652/TP II Cornu,False,OCOLUL SILVIC BOLINTIN,1590120,OCOLUL SILVIC BOLINTIN,1590120,SUMAL,JURIDICA,JURIDICA,1776157705528,1776175705528,5.602245,,,,,3,2026-04-14T18:11:59.876039
DA26004425002200304704141208,2,Depozit,45.841953,21.958625,640528,TM95WAS,,DEPOZIT BETHAUSEN,False,SC VFLH SRL,RO - 43132200,SC VASY-TRANS SRL,RO - 19148670,SUMAL,JURIDICA,JURIDICA,1776157702561,1776330502561,22.27362,,,,,3,2026-04-14T18:12:01.096243
DC26030291000210511004141208,2,Depozit,46.355,21.4868,593880,AR19FPD,,Depozit Santana2,False,SC FILPATRIK SRL,49394005,SC FILPATRIK SRL,49394005,SUMAL,FIZICA,FIZICA,1776157694972,1776164894972,2.7,,,,,3,2026-04-14T18:12:02.216574
AP26031798000311311104141208,1,Locul Recoltării,47.039073,23.359351,806463,SJ12DEB,2400257501890,2400257501890 - P II UA 177B ,False,SC AUTO FORNA SRL,34280258,Ovidavid Trans S.R.L.,47600826,SUMAL,FIZICA,FIZICA,1776157682372,1776193682372,3.75782,,,,,3,2026-04-14T18:12:03.495843
DA26026287000208853904141207,2,Depozit,46.65661600000001,24.903811,370631,MS19PPZ,,Bako,False,Bako Trade S.R.L.,47103819,Czuczusi Zoltan Persoană Fizică Autorizată,46936608,SUMAL,FIZICA,FIZICA,1776157677217,1776190077217,2.233,,,,,3,2026-04-14T18:12:04.905495
DA26030561000010670004141207,2,Depozit,45.052054,26.761991,568313,BZ70VGI,,e85,False,IDEAL STEFMAR DEPOT SRL,49439484,IDEAL STEFMAR DEPOT SRL,49439484,SUMAL,FIZICA,FIZICA,1776157672596,1776164872596,0.8,,,,,3,2026-04-14T18:12:06.117771
AP26001394000606848004141207,1,Locul Recoltării,46.542163,25.600053,837804,HR519DANESTI,2500139405130,2500139405130 - Hidlás2794Comp.Danesti,False,OCOLUL SILVIC DE REGIM CIUC,14064500,Fülöp Istvan,,NONSUMAL,FIZICA,FIZICA,1776157672362,1776179272362,6.4058,,,,,0,2026-04-14T18:12:07.017758
DC26007199000100936104141207,2,Depozit,44.352358,25.957408,341,B79JJJ,,SC LUK GRUP TRANS SRL,False,LUK GRUP TRANS SRL,16833430,LUK GRUP TRANS SRL,16833430,SUMAL,JURIDICA,JURIDICA,1776157671588,1776179271588,1.92,,,,,3,2026-04-14T18:12:08.220811
DC26003544000011297704141207,2,Depozit,47.313455,22.337472,2606,BH15ZPZ,,"CHIRIBIS, NR.35/A",False,II BOITOR BOGDAN IONUT,RO34737300,II BOITOR BOGDAN IONUT,RO34737300,SUMAL,FIZICA,FIZICA,1776157671016,1776164871016,0.99,,,,,3,2026-04-14T18:12:09.409661
AP26025421000508542804141207,1,Locul Recoltării,46.644297,27.755479999999995,850504,BC12TFB,2300135700980,2300135700980 - 279 C Bustea,False,Matrix.for S.R.L.,45941460,Matrix.for S.R.L.,45941460,SUMAL,FIZICA,FIZICA,1776157654714,1776164854714,5.6,,,,,3,2026-04-14T18:12:10.691177
AP26001299000103159904141207,1,Locul Recoltării,45.88504,25.733448,848659,CV04CUC,2500129901850,2500129901850 - 2809N Mun Sf Gheorghe 3C,False,OCOLUL SILVIC HATOD S.R.L.,RO23317696,Sylvester Sandor-Istvan,1730730141068,SUMAL,FIZICA,FIZICA,1776157624650,1776172024650,1.86,,,,,3,2026-04-14T18:12:11.953312
DC26009041000002749404141206,2,Depozit,46.513958,24.611005,8549,MS50ARA,,Depozit Cherestea REMHARWOOD SRL,False,Remharwood S.R.L.,26116220,SZÉVÉRFI SIMION ,,NONSUMAL,JURIDICA,JURIDICA,1776157615331,1776164815331,0.7,,,,,0,2026-04-14T18:12:12.974206
DC26004213000010966604141206,2,Depozit,46.216003,28.015528,17684,VS11JAK,,Depozit TIVICO Murgeni,False,TIVICO IMPEX SRL,8798146,TIVICO IMPEX SRL,8798146,SUMAL,FIZICA,FIZICA,1776157609158,1776164809158,0.1875,,,,,3,2026-04-14T18:12:14.227690
AP26006879000501578104141206,1,Locul Recoltării,46.293283,25.996164,866019,HR520026,2503093906290,2503093906290 - 306 Havas-alja 1 Bankfalva,False,Larix Forcomprod S.R.L.,17800369,Nagy Jozsef,,NONSUMAL,FIZICA,FIZICA,1776157608350,1776168408350,5.3101,,,,,0,2026-04-14T18:12:15.101463
AP26002050001302560404141206,1,Locul Recoltării,46.45394100000001,24.991817,863660,HR02ALE,2500128401200,2500128401200 - CSEJE 85,False,SC ALEMAIS SRL,16177239,SC ALEMAIS SRL,16177239,SUMAL,JURIDICA,JURIDICA,1776157597628,1776193597628,13.888,,,,,3,2026-04-14T18:12:16.438521
DC26001263000001063904141206,2,Depozit,45.440496,28.036581,300,GL15CFI,,Depozit cherestea Stil Roz,False,STIL ROZ S.R.L.,13389300,Golaes Catalin ,,NONSUMAL,JURIDICA,JURIDICA,1776157589554,1776164789554,0.34,,,,,0,2026-04-14T18:12:17.793496
DA26008554000408233504141206,2,Depozit,43.862632999999995,25.445155,19852,TR70EDG,,BEIU 1,False,ILIE I. AUREL SUCCESOR ÎNTREPRINDERE INDIVIDUALĂ,31228255 ,ILIE I. AUREL SUCCESOR ÎNTREPRINDERE INDIVIDUALĂ,31228255 ,SUMAL,FIZICA,FIZICA,1776157579564,1776179179564,4.0176,,,,,3,2026-04-14T18:12:19.094390
DC26032448000111644804141206,2,Depozit,46.078742,21.693391,770119,TM09LCC,,LUGOJULUI,False,SC UDAR JUNIOR SRL,49507481,Ilie Marius,,NONSUMAL,JURIDICA,JURIDICA,1776157578175,1776186378175,1.9125,,,,,0,2026-04-14T18:12:20.072271
DC26025938000008696504141206,2,Depozit,45.236217,26.863992,352180,BZ88DRG,,POSTA CILNAU,False,DRĂGULIN EXPRES LOGISTIC S.R.L.,38740650,DRĂGULIN EXPRES LOGISTIC S.R.L.,38740650,SUMAL,FIZICA,FIZICA,1776157572167,1776164772167,0.456,,,,,3,2026-04-14T18:12:21.387805
DA26023985000108169104141205,2,Depozit,45.517716,21.137781,276138,TM18CVI,,Depozit_ciacova,False,SC CVI CALUS DEPOZIT SRL,RO42302128,SC CVI CALUS DEPOZIT SRL,RO42302128,SUMAL,FIZICA,FIZICA,1776157559340,1776164759340,1.0013,,,,,3,2026-04-14T18:12:22.643673
DA26001199000100306804141205,2,Depozit,44.23644099999999,23.786615,5831,DJ71TUR,,Depozit Livezi,False,SMC TUR FOREST S.R.L.,38176129,SMC TUR FOREST S.R.L.,38176129,SUMAL,FIZICA,FIZICA,1776157553545,1776164753545,1.085,,,,,3,2026-04-14T18:12:23.901935
DA26008165000302876204141205,2,Depozit,46.545746,25.346135,7152,HR18LAR,,Depozit Varsag,False,Larici S.R.L.,9116441,Larici S.R.L.,9116441,SUMAL,FIZICA,FIZICA,1776157548754,1776179148754,3.2984,,,,,3,2026-04-14T18:12:25.141031
DA26002225000110094304141205,2,Depozit,45.440314,28.035552999999997,494973,GL37PET,,DEPOZIT COSBUC,False,T.O. PIETRICICA S.R.L.,1636821,T.O. PIETRICICA S.R.L.,1636821,SUMAL,FIZICA,FIZICA,1776157539193,1776179139193,1.6,,,,gl37pet ,6,2026-04-14T18:12:26.497676
DA26026287000208853904141205,2,Depozit,46.656616,24.903811,370631,MS19YEB,,Bako,False,Bako Trade S.R.L.,47103819,PETRAS LAJOS-MARTIN,5011018260025,SUMAL,FIZICA,FIZICA,1776157533010,1776189933010,2.233,,,,,0,2026-04-14T18:12:27.385358
DC26007199000200936104141205,2,Depozit,44.352358,25.957408,341,B79JJJ,,SC LUK GRUP TRANS SRL,False,LUK GRUP TRANS SRL,16833430,LUK GRUP TRANS SRL,16833430,SUMAL,JURIDICA,JURIDICA,1776157527904,1776179127904,2.5,,,,,3,2026-04-14T18:12:28.604851
DA26034514001512827004141205,2,Depozit,44.65376799999999,25.578615,837780,DB90VSR,,TITU,False,NUO HOME SRL,44479968,VASIROM FOREST SRL,10219912,SUMAL,JURIDICA,JURIDICA,1776157526012,1776179126012,15.614427,,,,,3,2026-04-14T18:12:30.453232
DC26000141000008787504141205,2,Depozit,45.619104,25.648646,259228,BV41GMA,,MAGAZIN DEDEMAN BRASOV 2,False,SC DEDEMAN SRL,RO 2816464,GUTA MIRELA,,NONSUMAL,FIZICA,FIZICA,1776157517482,1776168317482,0.1134,,,,,0,2026-04-14T18:12:31.555761
AP26003197000102853904141205,1,Locul Recoltării,46.494633,23.634282,841103,CJ22ZED,2500319711690,2500319711690 - 18579 SZABO SUSANA,False,OCOLUL SILVIC ABRUD R.A.,17265665,Szabo Stefan ,,NONSUMAL,FIZICA,FIZICA,1776157509193,1776164709193,1.96416,,,,,0,2026-04-14T18:12:32.457107
AP26001877001501810704141205,1,Locul Recoltării,45.128363,22.493906999999997,866885,MH51FAG,2500123301450,2500123301450 - 101 Bangeal,False,SC COMBINATUL DE CELULOZA SI HARTIE SA,5976842,SC COMBINATUL DE CELULOZA SI HARTIE SA,5976842,SUMAL,JURIDICA,JURIDICA,1776157508057,1776215108057,15.2555,,,,,3,2026-04-14T18:12:33.720912
DC26009006000101587704141205,2,Depozit,45.772423,23.97904,15245,AB11GBP,,BALASTIERA ORLAT,False,Cezar-mih. Holz Impex S.R.L.,39117511,COMĂNESE CIPRIAN,,NONSUMAL,JURIDICA,JURIDICA,1776157503068,1776193503068,1.96002,,,,,0,2026-04-14T18:12:35.074113
DC26003737000008463104141204,2,Depozit,45.773991,24.177494,4817,SB27UNY,,DEPOZIT II UNIMAT,False,UNIMAT SRL,10152375,UNIMAT SRL,10152375,SUMAL,FIZICA,FIZICA,1776157494229,1776164694229,0.2,,,,,3,2026-04-14T18:12:36.263816
DC26008928000313428004141204,2,Depozit,44.567986,23.710251,812722,AB33GUT,,DEPOZIT MELINESTI,False,SC MARINEL SERV SRL,27086969,SC MARINEL SERV SRL,27086969,SUMAL,FIZICA,FIZICA,1776157467780,1776179067780,3.0,,,,,3,2026-04-14T18:12:37.486837
DC26006988000002297104141204,2,Depozit,45.787379,21.223127,3849,TM23CVB,,HORNBACH TIMISOARA 1,False,HORNBACH CENTRALA SRL,17777320,TASEDAN CAIUS,,NONSUMAL,FIZICA,FIZICA,1776157457477,1776179057477,0.3,,,,,0,2026-04-14T18:12:38.439187
AP26007632000001010404141204,1,Locul Recoltării,45.040785,25.72906,708363,MAGURENIPH205,2400011200050,2400011200050 - 813,False,ANDUȚA INTERSERV FOREST SRL,RO 33734003,dimulescu iulian ,,NONSUMAL,FIZICA,FIZICA,1776157442874,1776179042874,0.651,,,,,0,2026-04-14T18:12:39.353174
AP26001562000201201204141204,1,Locul Recoltării,44.922769,24.338351,883713,VL81BAD,2600156201220,2600156201220 - 7422 BALASA IOANA,False,OCOLUL SILVIC STOICENI,1590120,badeanu adrian,,NONSUMAL,FIZICA,FIZICA,1776157441539,1776168241539,2.572938,,,,,0,2026-04-14T18:12:40.231360
AP26015986000105679704141203,1,Locul Recoltării,44.11022599999999,25.676966000000004,881961,TR81CAF,2600121700030,2600121700030 - COMANESCU GEORGE VALENTIN,False,VALI FOREST CER SRL,43817076,VALI FOREST CER SRL,43817076,SUMAL,FIZICA,FIZICA,1776157423580,1776179023580,1.9964,,,,,3,2026-04-14T18:12:42.224104
DC26011647000604025904141203,2,Depozit,46.319333,25.317403,45989,HR06VEI,,TRATARE TERMICA,False,Juvenal S.R.L.,8772308,Veiron Forest S.R.L.,42753187,SUMAL,JURIDICA,JURIDICA,1776157418087,1776175418087,6.656,,,,,3,2026-04-14T18:12:43.435924
AP26010655000209671904141203,1,Locul Recoltării,47.141428,22.454697999999997,867247,SJ14BKO,2500259507210,2500259507210 - RACORDARE SINTEU 25703,False,Slovforest S.R.L.,7973028,Bako Jeno,1720409311814,SUMAL,FIZICA,FIZICA,1776157411163,1776179011163,2.01666,,,,,3,2026-04-14T18:12:45.157151
AP26001394000706848004141203,1,Locul Recoltării,46.542163,25.600053,837804,HR06TAK,2500139405130,2500139405130 - Hidlás2794Comp.Danesti,False,OCOLUL SILVIC DE REGIM CIUC,14064500,Fülöp Zoltan,,NONSUMAL,FIZICA,FIZICA,1776157400910,1776179000910,7.82925,,,,,0,2026-04-14T18:12:46.064431
DA26004384000209527004141203,2,Depozit,46.351458,25.129271,916,HR98NRB,,DEPOZIT CADACIU MARE,False,SC BORSILV SRL,12004120,Bajko Nrb S.R.L.,49582831,SUMAL,FIZICA,FIZICA,1776157394184,1776178994184,2.475,,,,,3,2026-04-14T18:12:47.278508
DA26030021006010380604141203,2,Depozit,46.857105,25.430965,549409,,,Peleti,False,Copet Biomass S.R.L.,46356384,,,FARA,JURIDICA,JURIDICA,1776157393648,1776200399999,60.0,,,,,0,2026-04-14T18:12:48.187796
DC26033492000412335604141203,2,Depozit,44.486131,26.020797,753140,B128EDU,,depozit chitila,False,M&R 1 CONCEPT SRL,51331696,Claudiu Constantin gașca ,,NONSUMAL,JURIDICA,JURIDICA,1776157389133,1776193389133,4.8,,,,,0,2026-04-14T18:12:49.298274
AP26001192000101490104141202,1,Locul Recoltării,44.728895,26.137225,866718,DB02ZNG,2500119201890,2500119201890 - 1202 Toader I,False,OCOLUL SILVIC SNAGOV,1590120,Necula Adrian ,,NONSUMAL,FIZICA,FIZICA,1776157378299,1776168178299,1.07,,,,,0,2026-04-14T18:12:50.481776
DC26023985000008169104141202,2,Depozit,45.603876,21.053486,276143,HD14RDK,,Depozit_peciu,False,SC CVI CALUS DEPOZIT SRL,RO42302128,lupas raul sebastian,,NONSUMAL,FIZICA,FIZICA,1776157364739,1776164564739,0.38,,,,,0,2026-04-14T18:12:51.366339
DC26007199000000936104141202,2,Depozit,44.352358,25.957408,341,B79JJJ,,SC LUK GRUP TRANS SRL,False,LUK GRUP TRANS SRL,16833430,LUK GRUP TRANS SRL,16833430,SUMAL,JURIDICA,JURIDICA,1776157352904,1776175352904,0.64,,,,,3,2026-04-14T18:12:52.564388
DA26008165000302876204141202,2,Depozit,46.538341,25.346299,451091,HR11HSC,,DEP. TISZTAS NR 44,False,Larici S.R.L.,9116441,Pal Csaba,1850916194057,SUMAL,FIZICA,FIZICA,1776157345716,1776178945716,3.348,,,,,3,2026-04-14T18:12:54.241543
DC26000141000008806304141202,2,Depozit,47.78512,22.84004,1966,SM33FLX,,MAGAZIN DEDEMAN SATU MARE,False,SC DEDEMAN SRL,RO 2816464,POP IOAN,,NONSUMAL,JURIDICA,JURIDICA,1776157343421,1776178943421,0.2058,,,,,0,2026-04-14T18:12:55.573738
AP26001196000202279804141202,1,Locul Recoltării,44.492836,26.36581,883619,IF40BGD,2600119600040,2600119600040 - 323 Pasarea Tarc,False,OCOLUL SILVIC BRĂNEȘTI,1590120,STANCU ALEXE,1730406470060,SUMAL,FIZICA,FIZICA,1776157325578,1776178925578,2.0,,,,,0,2026-04-14T18:12:56.838864
AP26002601000311182204141202,1,Locul Recoltării,47.331238,23.722204,787966,0208,2500260104220,2500260104220 - Composesorat Ticlau Batalaua Mada Liviu si altii,False,OCOLUL SILVIC PALTINUL 2018,403151725,Mihis Ioan,,NONSUMAL,JURIDICA,JURIDICA,1776157323639,1776171723639,3.133728,,,,,0,2026-04-14T18:12:58.626213
DC26003116000402864004141201,2,Depozit,47.0541,21.86988,2846,B102TST,,Depozit Sîntandrei Tudilemn SRL,False,TUDILEMN SRL,RO39519799,Chis Adrian,,NONSUMAL,JURIDICA,JURIDICA,1776157318878,1776193318878,4.2,,,,,0,2026-04-14T18:13:01.252732
DA26009746000208073904141201,2,Depozit,44.417675,27.829117,23034,IL04WNK,,I.I. Merisanu Irina,False,Merisanu Irina Intreprindere Individuala,22710971,Merisanu Irina Intreprindere Individuala,22710971,SUMAL,FIZICA,FIZICA,1776157312214,1776171712214,2.772,,,,,3,2026-04-14T18:13:03.402769
DC26005616000301815904141201,2,Depozit,47.223794,23.007365000000004,2478,SJ11DEC,,SC DECO NATURE BOIS SRL,False,Deco Nature Bois SRL,ro36504831,Deco Nature Bois SRL,ro36504831,SUMAL,FIZICA,FIZICA,1776157305260,1776178905260,3.3415,,,,,3,2026-04-14T18:13:05.389325
AP26030884000310837804141201,1,Locul Recoltării,47.085567,27.71419,870754,IS13LNG,2500105900490,2500105900490 - 655 Tomești,False,SC ROMARIO FOREST SRL,49538267,SC ROMARIO FOREST SRL,49538267,SUMAL,JURIDICA,JURIDICA,1776157303355,1776178903355,3.18425,,,,,3,2026-04-14T18:13:06.995437
DC26010739000006623704141201,2,Depozit,44.214339,23.194571,16693,DJ52BYT,,DEPOZIT IRA,False,Bytely Com S.R.L.,26081670,Bytely Com S.R.L.,26081670,SUMAL,FIZICA,FIZICA,1776157302959,1776178902959,0.74,,,,,3,2026-04-14T18:13:08.798269
DA26001510000301667604141201,2,Depozit,47.104617,22.404776,9900,B116SFT,,DEPOZIT CFP PESTIS KM 6,False,OCOLUL SILVIC ALEȘD,1590120,OCOLUL SILVIC ALEȘD,1590120,SUMAL,FIZICA,FIZICA,1776157284137,1776168084137,3.2487,,,,,3,2026-04-14T18:13:10.359915
AP26001439000312256604141201,1,Locul Recoltării,46.458937,25.523171,851937,HR06SAM,2500143900500,2500143900500 - 768 Kecskevesz 1,False,OCOLUL SILVIC DE REGIM ZETEA,35279375,Biro Sandor,1781204192461,SUMAL,JURIDICA,JURIDICA,1776157282054,1776178882054,3.1,,,,,3,2026-04-14T18:13:12.009345
DA26001447000300565404141201,2,Depozit,45.962861,25.56012,455,CV06DWL,,AITA MARE,False,OCOLUL SILVIC PRIVAT BARAOLT,RO21687579,MIHALY IOAN,1610207140017,SUMAL,FIZICA,FIZICA,1776157278465,1776164478465,3.72,,,,,3,2026-04-14T18:13:15.311430
DA26001771001712303104141201,2,Depozit,46.779961,24.737994,578021,MS93KST,,Depozit Extern,False,SC KASTAMONU ROMANIA SA,1235668,ROTSIN COM SRL,7174489,SUMAL,JURIDICA,JURIDICA,1776157270542,1776164470542,17.6,,,,,0,2026-04-14T18:13:16.489914
AP26001467002302923204141201,1,Locul Recoltării,46.875016,22.361668,865822,BH09BLL,2500146700650,2500146700650 - MERISORU VALE(505),False,OCOLUL SILVIC DOBREȘTI,1590120,Bellaberg Impex SRL,25778971,SUMAL,JURIDICA,JURIDICA,1776157261680,1776189661680,23.48695,,,,,3,2026-04-14T18:13:18.466298
DC26014265000107225104141200,2,Depozit,44.096746,23.314368,40283,DJ05BRE,,BRENADO FOR HOUSE,False,Brenado For House S.R.L.,42311924,Brenado For House S.R.L.,42311924,SUMAL,FIZICA,FIZICA,1776157243279,1776178843279,1.5956,,,,,6,2026-04-14T18:13:20.676718
DA26010301000102631604141200,2,Depozit,45.78727,20.892289,7871,TM85YKB,,SC Iakab Wood srl,False,SC IAKAB WOOD SRL,RO - 38319938,SC IAKAB WOOD SRL,RO - 38319938,SUMAL,FIZICA,FIZICA,1776157235601,1776178835601,1.539,,,,,3,2026-04-14T18:13:22.402779
AP26001460000300506604141200,1,Locul Recoltării,46.666871,24.685196,879371,GORNESTIMS100,2500146000580,2500146000580 - APV396PII137UnitateGornesti,False,OCOLUL SILVIC REGHIN,1590120,Kovacs karoly,,NONSUMAL,FIZICA,FIZICA,1776157227571,1776168027571,3.099998,,,,,0,2026-04-14T18:13:24.096399
DC26005065003502075804141200,2,Depozit,45.125622,24.659729,4060,AG31LKW,,CURTEA DE ARGES -  F2,False,EUROCOM EXPANSION SA,182034,AXM TRANSALEX FAST SRL,41456412,SUMAL,JURIDICA,JURIDICA,1776157224101,1776286824101,35.46,,,,,3,2026-04-14T18:13:25.881674
AP26001753001408992204141159,1,Locul Recoltării,46.59303,25.079228,695500,MS11MHU,2400138500420,2400138500420 - ASOC.3395,False,SC HUNI & SZIDI SRL,17492056,SC HUNI & SZIDI SRL,17492056,SUMAL,JURIDICA,JURIDICA,1776157196545,1776178796545,14.06387,,,,,3,2026-04-14T18:13:27.921805
AP26001299001012864804141159,1,Locul Recoltării,45.816597,25.725105,755001,CV35BOG,2500129901030,2500129901030 - 2857N Com Ilieni 14,False,OCOLUL SILVIC HATOD S.R.L.,RO23317696,PRELUCRAREA LEMNULUI GEREND SRL,RO6041093,SUMAL,JURIDICA,JURIDICA,1776157196277,1776193196277,10.7851,,,,,3,2026-04-14T18:13:30.485015
DA26016106000206361704141159,2,Depozit,46.585836,25.084481999999998,189885,MS18YNP,,DEPOZIT SOVATA,False,Aran Exfor S.R.L.,43736435,Aran Exfor S.R.L.,43736435,SUMAL,FIZICA,FIZICA,1776157187447,1776171587447,2.52,,,,,3,2026-04-14T18:13:32.722130
AP26029806000212259504141159,1,Locul Recoltării,46.875809,21.808022000000005,819837,BH29SBL,2500142902320,2500142902320 - P-986 Peri,False,Sebanlavinia Forest S.R.L.,48957321,Sebanlavinia Forest S.R.L.,48957321,SUMAL,FIZICA,FIZICA,1776157186857,1776178786857,2.90928,,,,fara,3,2026-04-14T18:13:35.491092
DA26000139002202234304141159,2,Depozit,44.767597,25.235977000000002,5031,DB36VRX,,VIRIX PROD,False,VIRIX PROD SRL,6681637,VIRIX PROD SRL,6681637,SUMAL,JURIDICA,JURIDICA,1776157183569,1776221983569,22.0,,,,,3,2026-04-14T18:13:37.283813
DC26002834000000618704141159,2,Depozit,47.468666,23.29566,7153,MM05EXE,,ULMENI TINERETULUI 3,False,SASMILCONS SRL,25622190,Stoica Marius Mircea,,NONSUMAL,FIZICA,FIZICA,1776157179613,1776164379613,0.3625,,,,,0,2026-04-14T18:13:38.485737
DC26008125000001229604141159,2,Depozit,43.935284,25.976912,472,GR06PLS,,PALAS,False,Palas S.R.L.,16796359,Palas S.R.L.,16796359,SUMAL,FIZICA,FIZICA,1776157171133,1776164371133,0.72,,,,,3,2026-04-14T18:13:40.726880
DC26030813000013380604141159,2,Depozit,44.894217,24.819273999999997,575871,AG07GSI,,BASCOV,False,GRIGOSTRUCT INVEST SRL,49768290,GRIGOSTRUCT INVEST SRL,49768290,SUMAL,FIZICA,FIZICA,1776157170228,1776175170228,0.2112,,,,,3,2026-04-14T18:13:42.292942
DC26007303000100954304141159,2,Depozit,46.821322,25.536748,467476,HR27TRK,,Depozit material lemnos Zso-Lo Forest,False,Zso-lo Forest S.R.L.,42463884,Zso-lo Forest S.R.L.,42463884,SUMAL,JURIDICA,JURIDICA,1776157165225,1776178765225,1.39,,,,,3,2026-04-14T18:13:44.494388
AP26002585000202706904141159,1,Locul Recoltării,47.06285,23.258968,884846,SINMIHAIU050,2600258500270,2600258500270 - COMPOSESORAT SINMIHAIU ALMASULUI,False,OCOLUL SILVIC ALMAȘ,1590120,Bura Isai Ioan ,,NONSUMAL,FIZICA,FIZICA,1776157161482,1776178761482,2.86254,,,,,0,2026-04-14T18:13:46.146809
DA26013376000212739204141159,2,Depozit,46.558255,25.130687000000005,31355,HR02FBT,,FABOLTRAY DEPOZIT,False,Faboltray S.R.L.,43531324,Faboltray S.R.L.,43531324,SUMAL,FIZICA,FIZICA,1776157156677,1776171556677,2.73,,,,,3,2026-04-14T18:13:47.881941
DA26032393000511857404141159,2,Depozit,46.129407,25.609558,694401,CV21ZGY,,Depozit Bradut 1,False,Delney Forest S.R.L.,50645097,SZANTHO ZOLTAN PFA,43654718,SUMAL,FIZICA,FIZICA,1776157155508,1776193155508,5.58,,,,,0,2026-04-14T18:13:49.394033
DA26024556000712279104141159,2,Depozit,46.608448,22.421775,293881,BH07TMR,,SFL1,False,European Food International SRL,46325965,TRANSILVANIA GENERAL IMPORT EXPORT SRL,RO97800,SUMAL,JURIDICA,JURIDICA,1776157153067,1776164353067,7.521,,,,,3,2026-04-14T18:13:51.426900
DA26021363002707555404141159,2,Depozit,46.984187,25.827484,386664,NT94CML,,Bradu,False,SC Cml Naturainvest S.R.L.,45844204,SC Cml Naturainvest S.R.L.,45844204,SUMAL,JURIDICA,JURIDICA,1776157152226,1776286752226,27.5,,,,,3,2026-04-14T18:13:53.516397
DA26007943000108717804141158,2,Depozit,44.398745,28.661484,251727,CT30DMX,,DEPOZIT DAN MIXT 2,False,Sc Dan Mixt Cons S.R.L.,30115215,Sc Dan Mixt Cons S.R.L.,30115215,SUMAL,FIZICA,FIZICA,1776157136530,1776164336530,1.0,,,,,0,2026-04-14T18:13:54.980312
AP26001192000001548004141158,1,Locul Recoltării,44.671606,26.249021,880309,IF09DKA,2500119201250,2500119201250 - 1147 Dobanda V,False,OCOLUL SILVIC SNAGOV,1590120,bulearca sorinel,,NONSUMAL,FIZICA,FIZICA,1776157129219,1776167929219,0.49984,,,,,0,2026-04-14T18:13:56.188301
DC26000431000002368504141158,2,Depozit,45.563167,21.232088,5738,TM24CIA,,JEBEL,False,SC FANORIA COMPANY SRL,RO-9193657,COSTEA IOAN,,NONSUMAL,FIZICA,FIZICA,1776157126409,1776160726409,0.5824,,,,,0,2026-04-14T18:13:57.661178
DC26005523000200598904141158,2,Depozit,45.289545,22.274587,5047,CS38PPP,,SC PAUN PRODUCT SRL,False,S.C.PAUN PRODUCT S.R.L.,19031199,S.C.PAUN PRODUCT S.R.L.,19031199,SUMAL,FIZICA,FIZICA,1776157125140,1776178725140,2.55,,,,,3,2026-04-14T18:13:59.961224
AP26001394000600164404141158,1,Locul Recoltării,46.577418,25.640567,879176,HR564CARTA,2500139402200,2500139402200 - Fábián2639Comp.Ineu,False,OCOLUL SILVIC DE REGIM CIUC,14064500,Ágoston Barnabás ,,NONSUMAL,FIZICA,FIZICA,1776157124972,1776178724972,6.17667,,,,,0,2026-04-14T18:14:01.380346
DC26004533000100335504141158,2,Depozit,45.26872,27.938676,2248,BR04FUL,,DEPOZIT OBOR CRINICRIS STYLE,False,CRINICRIS STYLE S.R.L.,27943838,CRINICRIS STYLE S.R.L.,27943838,SUMAL,JURIDICA,JURIDICA,1776157119505,1776167919505,1.2,,,,,3,2026-04-14T18:14:04.132614
DA26002165003401049604141158,2,Depozit,46.194025,25.913122,873750,HR25YPA,,TUSNAD NOU,False,SC SELEMEN HOLZBAU SRL,29875071,SC IPA COMPANY SRL,8049760,SUMAL,JURIDICA,JURIDICA,1776157112091,1776221912091,34.06122,,,,,3,2026-04-14T18:14:06.224403
AP26012929000304336404141158,1,Locul Recoltării,44.306576,23.681615000000004,888763,DJ99CMT,2500083600360,2500083600360 - 1298 LEAMNA,False,Ciocflor Silvo S.R.L.,40403835,SIMAD EDU INVEST S.R.L.,45843284,SUMAL,FIZICA,FIZICA,1776157111093,1776178711093,3.54144,,,,,3,2026-04-14T18:14:08.488323
DC26007578000101001904141158,2,Depozit,44.13774,25.319011,3248,,,ORBEASCA,False,Florexim Servcom S.R.L.,5094812,andreica nicoleta petruta,,NONSUMAL,FIZICA,FIZICA,1776157104356,1776164304356,1.5,,,,,0,2026-04-14T18:14:09.873524
DC26028858000009976504141158,2,Depozit,44.373534,23.780842,470374,DJ13AXA,,Dudovicesti,False,Uxero Silva S.R.L.,48672421,Croitoru Gabriel,,NONSUMAL,FIZICA,FIZICA,1776157103322,1776164303322,0.7056,,,,,0,2026-04-14T18:14:11.795032
DA26001276000202452804141158,2,Depozit,44.682508000000006,25.571859,6890,DB95DNG,,"sat Branistea, nr. 33, str. Principala, com. Branistea, jud. DB.",False,RADU GEORGIAN DĂNUȚ INTREPRINDERE INDIVIDUALĂ,36543709,RADU GEORGIAN DĂNUȚ INTREPRINDERE INDIVIDUALĂ,36543709,SUMAL,FIZICA,FIZICA,1776157093108,1776178693108,2.2848,,,,,3,2026-04-14T18:14:13.278231
DA26001171000305150604141158,2,Depozit,45.13725,25.402294,852212,DB13PWL,,COSTESTI,False,SILVADOR COMPANY SRL,12386631,SILVADOR COMPANY SRL,12386631,SUMAL,FIZICA,FIZICA,1776157086991,1776164286991,3.03912,,,,,3,2026-04-14T18:14:15.611138
AP26001201000010641504141157,1,Locul Recoltării,44.487944,25.649321,861713,GR97MKI,2500120100450,2500120100450 - 793/ Acc I Căscioarele,False,OCOLUL SILVIC BOLINTIN,1590120,MARIN CRISTIAN-PETRICĂ-MIREL PERSOANĂ FIZICĂ AUTORIZATĂ,52235808,SUMAL,FIZICA,FIZICA,1776157079455,1776167879455,0.69,,,,,3,2026-04-14T18:14:17.699476
AP26003123000901770404141157,1,Locul Recoltării,45.986342,21.630192000000005,880076,AR12DGU,2500238301140,2500238301140 - 1550 / Pc Zabrani,False,SC MONI FOREST SRL,15184203,SC MONI FOREST SRL,15184203,SUMAL,JURIDICA,JURIDICA,1776157059463,1776221859463,9.41,,,,,3,2026-04-14T18:14:20.449183
AP26002595000102379604141157,1,Locul Recoltării,47.336423,22.929373,889204,203SAMSUD,2600259500750,2600259500750 - PF SAMUSD 26069,False,OCOLUL SILVIC BLIDARU,25534861,Markus Laszlo,1820815314006,SUMAL,FIZICA,FIZICA,1776157059083,1776164259083,1.395,,,,,0,2026-04-14T18:14:22.098770
DA26007765000201045604141157,2,Depozit,44.239433,26.47171,13902,CL09HDA,,SC Ajax SRL,False,Ajax S.R.L.,3638330,Ajax S.R.L.,3638330,SUMAL,FIZICA,FIZICA,1776157052165,1776178652165,2.8644,,,,,3,2026-04-14T18:14:24.216258
DA26004139000903443404141156,2,Depozit,46.40951900000001,21.634182999999997,7020,AR02EDF,,ZARAND NR 2 STR ZARANDULUI,False,SC EDUARD FOREST EXPLORER SRL,36348066,SC EDUARD FOREST EXPLORER SRL,36348066,SUMAL,FIZICA,FIZICA,1776157014305,1776178614305,9.94988,,,,,3,2026-04-14T18:14:26.024397
AP26000123001002341604141156,1,Locul Recoltării,45.209435000000006,26.214995,848679,PH64YXY,2400010301940,2400010301940 - 400 P ROGOAZE,False,FORMOBI CONSTRUCT S.R.L.,RO16562625,FORMOBI CONSTRUCT S.R.L.,RO16562625,SUMAL,FIZICA,FIZICA,1776156989304,1776178589304,10.12,,,,,3,2026-04-14T18:14:27.456944
DA26003850000202274604141156,2,Depozit,45.41878,26.305670000000003,645134,NEHOIU411,,Termo Prest PON Nehoiu depozit Biomasa,False,TERMO PREST PON S.R.L.,36595635,TERMO PREST PON S.R.L.,36595635,SUMAL,JURIDICA,JURIDICA,1776156975573,1776178575573,2.72,,,,,3,2026-04-14T18:14:28.709341
DC26019719000007086604141155,2,Depozit,47.22504899999999,22.399226,263125,BH04KEK,,Inovativ detail construct srl ,False,Inovativ Detail Construct S.R.L.,42647771,Inovativ Detail Construct S.R.L.,42647771,SUMAL,FIZICA,FIZICA,1776156957475,1776164157475,0.12,,,,,3,2026-04-14T18:14:29.914228
DC26004332000804179504141155,2,Depozit,45.145015,26.854062,236,BZ10LEW,,BRMD SRL,False,BRMD S.R.L.,26421720,BRMD S.R.L.,26421720,SUMAL,JURIDICA,JURIDICA,1776156957040,1776218157040,8.136,,,,,3,2026-04-14T18:14:31.110207
AP26001357000401812804141155,1,Locul Recoltării,46.727732,27.866546,854128,SOLESTI85,2500135701770,2500135701770 - 605 acc I Solesti,False,OCOLUL SILVIC VASLUI,1590120,Larion Ionuț ,,NONSUMAL,FIZICA,FIZICA,1776156942067,1776171342067,4.000333,,,,,0,2026-04-14T18:14:32.187398
AP26008739000901456904141155,1,Locul Recoltării,46.126614999999994,21.960493,875390,AR43NTY,2602632200020,2602632200020 - 342-Tujva,False,SC EXPLO DANIEL FOREST SRL,40246706,SC EXPLO DANIEL FOREST SRL,40246706,SUMAL,JURIDICA,JURIDICA,1776156940862,1776164140862,9.264,,,,,3,2026-04-14T18:14:36.271265
DA26000078000007036204141155,2,Depozit,44.796778999999994,26.19568,4587,PH06XHL,,Depozit Olari,False,BARBOI & CO SRL,RO2996012,BARBOI & CO SRL,RO2996012,SUMAL,FIZICA,FIZICA,1776156938285,1776178538285,0.7381,,,,,3,2026-04-14T18:14:38.799687
DC26018855000406725604141155,2,Depozit,44.27617999999999,23.809520000000003,134455,DJ08YBT,,FACAI 3,False,Sisab Lemncom S.R.L.,42634640,Filip V.c. Florin Persoană Fizică Autorizată,39670561,SUMAL,FIZICA,FIZICA,1776156934930,1776192934930,4.825,,,,,3,2026-04-14T18:14:40.834205
AP26001461000302364804141155,1,Locul Recoltării,45.905403,25.44705,827440,BV22UFJ,2400146100870,2400146100870 - 1904 CARBUNI,False,REGIA PUBLICĂ LOCALĂ A PĂDURILOR MĂIERUȘ R.A.,30350806,BODOR ȘTEFAN,1830818080037,SUMAL,FIZICA,FIZICA,1776156934167,1776167734167,3.1,,,,,3,2026-04-14T18:14:42.982531
AP26001439000301108804141155,1,Locul Recoltării,46.484361,25.538099,813656,HR11KAM,2500143904340,2500143904340 - 961 21A Harmadik,False,OCOLUL SILVIC DE REGIM ZETEA,35279375,Boros V. Ildikó Întreprindere Familială,39888362,SUMAL,FIZICA,FIZICA,1776156929832,1776178529832,3.72,,,,,3,2026-04-14T18:14:45.873123
DC26000520004712172504141155,2,Depozit,45.965888,23.549066,7182,AB39GSR,,TIMBER SEBEȘ,False,KRONOSPAN TIMBER SEBES S.R.L.,RO45417718,SC RAUL SEBY TRANS SRL,21736566,SUMAL,JURIDICA,JURIDICA,1776156907650,1776286507650,47.301417,,,,,3,2026-04-14T18:14:49.295067
DA26002089000010449604141155,2,Depozit,44.560294,24.268658,732990,SB77MRT,,Dep.Runcu Mare ,False,MARYTRANS CIS SRL,30555771,MARYTRANS CIS SRL,30555771,SUMAL,FIZICA,FIZICA,1776156907044,1776164107044,0.7,,,,,3,2026-04-14T18:14:51.814597
DC26034330000012732604141154,2,Depozit,45.231804,27.938825,814876,BR25VBR,,Bricostore Braila,False,ALTEX ROMANIA SRL,2864518,Tanase Marcel,,NONSUMAL,JURIDICA,JURIDICA,1776156899646,1776174899646,0.225,,,,,0,2026-04-14T18:14:53.228892
DC26008311000201280104141154,2,Depozit,45.849821,22.167221,5851,AB87VSA,,DEPOZIT FAGET WOOD,False,SC WOOD VESA INVEST SRL,RO - 40779733,SC WOOD VESA INVEST SRL,RO - 40779733,SUMAL,JURIDICA,JURIDICA,1776156883060,1776185683060,2.32,,,,,3,2026-04-14T18:14:55.074577
DA26008093000107325604141154,2,Depozit,44.21745000000001,27.319158,566,CL23LUI,,Luz forest ,False,LUZ FOREST SRL,41938071,LUZ FOREST SRL,41938071,SUMAL,FIZICA,FIZICA,1776156883047,1776164083047,1.86,,,,,3,2026-04-14T18:14:56.780643
DC26000132000106677504141154,2,Depozit,44.60596999999999,25.54895,7755,DB04XYX,,ODOBESTI,False,SPERANȚA SERAFIM 2010 SRL,27265344,SPERANȚA SERAFIM 2010 SRL,27265344,SUMAL,FIZICA,FIZICA,1776156880525,1776174880525,1.4569,,,,,3,2026-04-14T18:14:59.084692
DC26000607000002684504141154,2,Depozit,45.136009,25.747919,421,PH18BBG,,BOGDACONS 3 CALEA DOFTANEI-CAMPINA,False,BOGDACONS SRL,RO 16691760,BOGDACONS SRL,RO 16691760,SUMAL,FIZICA,FIZICA,1776156869784,1776164069784,0.3712,,,,,3,2026-04-14T18:15:01.082868
DA26008165000302876204141154,2,Depozit,46.545746,25.346135,7152,HR42LAR,,Depozit Varsag,False,Larici S.R.L.,9116441,Larici S.R.L.,9116441,SUMAL,FIZICA,FIZICA,1776156856567,1776192856567,3.4782,,,,,3,2026-04-14T18:15:03.785905
AP26001544000202933904141154,1,Locul Recoltării,44.644099,24.099513,879056,VL081SUSANI,2600154400100,2600154400100 - 261 PLATOU FRUMUSICA,False,OCOLUL SILVIC DRĂGĂȘANI,1590120,preda Ilie ,,NONSUMAL,FIZICA,FIZICA,1776156856062,1776171256062,2.02368,,,,,0,2026-04-14T18:15:05.267140
AP26010668001612415804141154,1,Locul Recoltării,46.601992,25.395763,880714,HR02BSF,2500117503840,2500117503840 - 2878  - pad Csiki Laszlo,False,Borsos Forest S.R.L.,39925045,Borsos Forest S.R.L.,39925045,SUMAL,JURIDICA,JURIDICA,1776156854722,1776178454722,16.746,,,,,3,2026-04-14T18:15:07.230527
AP26002598000101426104141153,1,,47.13696,22.930123,884564,,,,,,,,,,,,,,,,,,,0,2026-04-14T18:15:27.550834
AP26000068002202446904141153,1,Locul Recoltării,46.482533,27.341384,875815,BC95RCA,2500006801060,2500006801060 - 836 Dealu Viei,False,OCOLUL SILVIC ZELETIN,1590120,SC KATYTRANS&FOREST SRL,41774068,SUMAL,JURIDICA,JURIDICA,1776156835177,1776178435177,22.9173,,,,,3,2026-04-14T18:15:36.652470
DA26032393000511857404141153,2,Depozit,46.129407,25.609558,694401,CV21ZGY,,Depozit Bradut 1,False,Delney Forest S.R.L.,50645097,Delney Forest S.R.L.,50645097,SUMAL,FIZICA,FIZICA,1776156825464,1776192825464,5.58,,,,,0,2026-04-14T18:15:39.480890
DA26000946000302200004141153,2,Depozit,47.753457,23.264216,1443,SM20ZSA,,SEINI EROILOR NR 30,False,POP FRANCE SRL,10114533,NAGY BENCE & SZANET SRL,46209910,SUMAL,FIZICA,FIZICA,1776156815182,1776178415182,3.564,,,,,3,2026-04-14T18:15:45.028552
DA26001302000002134004141153,2,Depozit,45.55542499999999,28.035956,3940,GL58SRN,,Depozit 2,False,SOR CONSTRUCT TRADING S.R.L.,26099537,SOR CONSTRUCT TRADING S.R.L.,26099537,SUMAL,FIZICA,FIZICA,1776156805656,1776164005656,0.999936,,,,,3,2026-04-14T18:15:48.873957
DA26003844000100107904141153,2,Depozit,45.426362000000005,26.304422,3707,BZ99LUG,,DEPOZIT NEHOIU,False,PRODFOR S.R.L.,16737590,PRODFOR S.R.L.,16737590,SUMAL,FIZICA,FIZICA,1776156801596,1776171201596,1.008,,,,,3,2026-04-14T18:15:52.704982
AP26001439000501107204141153,1,Locul Recoltării,46.36057400000001,25.442168999999996,879506,HR374,2600143900430,2600143900430 - 1119 PROG INSAM 18B,False,OCOLUL SILVIC DE REGIM ZETEA,35279375,Composesoratul Nagyvesz Kozbirtokossag,14423523,SUMAL,FIZICA,FIZICA,1776156800714,1776178400714,5.7269,,,,,3,2026-04-14T18:15:56.654578
DA26004791000202133004141153,2,Depozit,45.199457,26.736598,4390,BZ30KLK,,depozit ,False,ELECTRA GREEN TAL S.R.L.,28305030,ALINIKVAL TOTAL TRANS SRL,44055768,SUMAL,FIZICA,FIZICA,1776156792666,1776178392666,2.0,,,,,6,2026-04-14T18:16:01.890239
DA26029839000210311504141153,2,Depozit,43.67155499999999,25.364414,530881,TR06ZHV,,Depozit Lemne Calu,False,CALU COMERȚ SRL,49092783,CALU COMERȚ SRL,49092783,SUMAL,FIZICA,FIZICA,1776156791982,1776163991982,2.5,,,,,3,2026-04-14T18:16:06.662684
AP26001838000002290904141153,1,Locul Recoltării,45.227516,26.602121,820743,BZ7443,2500183800120,2500183800120 - 729 IG Barbuncesti,False,OCOLUL SILVIC TISĂU,1590120,Androne Stefan Marian,,NONSUMAL,FIZICA,FIZICA,1776156791469,1776178391469,0.5,,,,,0,2026-04-14T18:16:08.339927
AP26005218000503835604141153,1,Locul Recoltării,47.538272,22.677792999999998,882298,SM056TASNAD,2500147301390,2500147301390 - 2040 Crang -Erd Conditor,False,TRICART SRL,RO 14775830,TRICART SRL,RO 14775830,SUMAL,JURIDICA,JURIDICA,1776156785176,1776178385176,5.3327,,,,,3,2026-04-14T18:16:17.437591
DA26000239002300722504141152,2,Depozit,46.015327000000006,23.537849999999995,2890,AB68DLM,,Vintu de Jos,False,SC  DML INVEST  SRL,RO23110878,SC  DML INVEST  SRL,RO23110878,SUMAL,JURIDICA,JURIDICA,1776156766854,1776178366854,23.03,,,,,6,2026-04-14T18:16:26.986051
AP26001415000302476504141152,1,Locul Recoltării,46.684244,21.698949,829600,BH20ALJ,2500141501310,2500141501310 - 1271 Frasinet,False,OCOLUL SILVIC LĂZĂRENI R.A.,RO34963676,LAR MONT FAB SRL,RO 41197571,SUMAL,FIZICA,FIZICA,1776156766394,1776174766394,3.11904,,,,,3,2026-04-14T18:16:29.626673
DC26008125000001229604141152,2,Depozit,43.935284,25.976912,472,GR13EVA,,PALAS,False,Palas S.R.L.,16796359,Avram Ion,,NONSUMAL,FIZICA,FIZICA,1776156759458,1776163959458,0.078,,,,,0,2026-04-14T18:16:30.643768
DC26005172000900520804141152,2,Depozit,46.953464,25.097692,1902,HR19YVO,,L.B fnr,False,CIOCAN ADI SRL,RO 16624183,Ilyes Trans S.R.L.,24468271,SUMAL,JURIDICA,JURIDICA,1776156758011,1776329558011,9.7425,,,,,3,2026-04-14T18:16:33.602154
AP26001422000405003704141152,1,Locul Recoltării,46.493731,22.151907000000005,866427,AR15HCL,2500142201900,2500142201900 - COMPOSESORATUL BARZESTI,False,OCOLUL SILVIC CODRII BEIUȘULUI R.A,18019510,SC HCL COSMIN GROUP FOREST SRL,38898643,SUMAL,JURIDICA,JURIDICA,1776156750281,1776171150281,4.11804,,,,,3,2026-04-14T18:16:37.848717
DC26006326000107767204141152,2,Depozit,45.712237,25.78319,14094,BV23FEG,,Prejmer,False,PRIME WOOD SRL,36025650,Mazilu Valerii ,,NONSUMAL,FIZICA,FIZICA,1776156747883,1776178347883,1.075,,,,BV19RCS ,0,2026-04-14T18:16:38.871008
AP26000988000301930704141152,1,Locul Recoltării,44.69225500000001,24.31228,712018,AG15TCC,2400098802350,2400098802350 - 207- Surduiu,False,OCOLUL SILVIC VULTUREȘTI,1590120,DARIA & ALEX INVEST SRL,39620938,SUMAL,FIZICA,FIZICA,1776156746761,1776192746761,3.0132,,,,,3,2026-04-14T18:16:44.252834
DC26001998000202537804141152,2,Depozit,47.077675,21.799010999999997,181,BH59TCA,,DEPOZIT PIAȚA TARIAN ,False,Todea Traian Trans SRL,35179600,Todea Traian Trans SRL,35179600,SUMAL,JURIDICA,JURIDICA,1776156746087,1776178346087,2.8,,,,,3,2026-04-14T18:16:46.643599
DC26003729000106757704141152,2,Depozit,44.577357,27.388917000000003,3213,IL09CXC,,Depozit Slobozia,False,FLORIFOREST SRL,RO17245013,CARACOSTEA D. VICTOR ÎNTREPRINDERE INDIVIDUALĂ,43655837,SUMAL,FIZICA,FIZICA,1776156745485,1776163945485,1.39,,,,,3,2026-04-14T18:16:50.453959
DC26007318000200958704141152,2,Depozit,44.12762,28.600231,265981,CT97LDV,,LDVWOOD 2,False,LDVWOOD.SRL,40709991,LDVWOOD.SRL,40709991,SUMAL,JURIDICA,JURIDICA,1776156743481,1776163943481,2.125,,,,,3,2026-04-14T18:16:54.590997
AP26001357000401812804141152,1,Locul Recoltării,46.727732,27.866546,854128,POPESTI90,2500135701770,2500135701770 - 605 acc I Solesti,False,OCOLUL SILVIC VASLUI,1590120,Dima Ionut ,,NONSUMAL,FIZICA,FIZICA,1776156743082,1776171143082,4.000333,,,,,0,2026-04-14T18:16:56.300573
AP26002601000411182204141152,1,Locul Recoltării,47.331238,23.722204,787966,0208,2500260104220,2500260104220 - Composesorat Ticlau Batalaua Mada Liviu si altii,False,OCOLUL SILVIC PALTINUL 2018,403151725,Mihis Ioan,,NONSUMAL,JURIDICA,JURIDICA,1776156742507,1776167542507,4.82112,,,,,0,2026-04-14T18:16:57.999206
DA26004237000000412304141152,2,Depozit,46.118235,22.790054,1330,HD97PAL,,Poienita nr 8,False,SC PALROM PRODUCTS SRL,RO 22490760,CUNIAL PIETRO LUIGI,,NONSUMAL,FIZICA,FIZICA,1776156731619,1776178331619,0.6,,,,,0,2026-04-14T18:17:06.007878
DC26004619000409808104141152,2,Depozit,45.080819,26.641502,4256,BZ12CEF,,ULMENI 1 ,False,CĂTĂLINA ETNO FOREST S.R.L.,34037381,CĂTĂLINA ETNO FOREST S.R.L.,34037381,SUMAL,JURIDICA,JURIDICA,1776156725041,1776178325041,4.5,,,,,3,2026-04-14T18:17:11.017138
DC26008311000501280104141152,2,Depozit,45.849821,22.167221,5851,AB11VSA,,DEPOZIT FAGET WOOD,False,SC WOOD VESA INVEST SRL,RO - 40779733,SC WOOD VESA INVEST SRL,RO - 40779733,SUMAL,FIZICA,FIZICA,1776156722037,1776185522037,5.6025,,,,,3,2026-04-14T18:17:13.040961
DC26006210000207260704141151,2,Depozit,45.25331400000001,26.364537,9927,BZ77MXM,,Depozit Cislau,False,DAMAR WOOD SERV S.R.L.,26077733,DAMAR WOOD SERV S.R.L.,26077733,SUMAL,FIZICA,FIZICA,1776156713746,1776171113746,2.688,,,,,3,2026-04-14T18:17:15.929118
DA26001033000100431804141151,2,Depozit,46.41339,26.48017,5531,BC13HXD,,DEPOZIT ,False,SC WOOD PLANET COMPANY SRL,RO 12486371,SC VENOGRUP ALEX SRL,RO30260240,SUMAL,JURIDICA,JURIDICA,1776156707893,1776178307893,1.4,,,,,3,2026-04-14T18:17:20.608262
DA26004945000403995904141151,2,Depozit,46.193544,25.914160999999996,9099,HR11XTH,,Depozit Tusnad,False,SC DAKO ALFA IMPEX SRL,14708016,SC DAKO ALFA IMPEX SRL,14708016,SUMAL,FIZICA,FIZICA,1776156703620,1776178303620,4.8,,,,,3,2026-04-14T18:17:24.165560
DA26004619000102095604141151,2,Depozit,45.078837,27.285625999999997,437263,BZ69CEF,,DEPOZIT FAUREI,False,CĂTĂLINA ETNO FOREST S.R.L.,34037381,CĂTĂLINA ETNO FOREST S.R.L.,34037381,SUMAL,FIZICA,FIZICA,1776156698454,1776163898454,1.5,,,,,3,2026-04-14T18:17:33.745364
AP26006210001502871404141151,1,Locul Recoltării,45.389006,26.083403,887579,B686MXM,2500207104860,2500207104860 - 2058 FF Girbea Gheorghe,False,DAMAR WOOD SERV S.R.L.,26077733,DAMAR WOOD SERV S.R.L.,26077733,SUMAL,JURIDICA,JURIDICA,1776156694604,1776192694604,15.00411,,,,,3,2026-04-14T18:17:39.046692
DC26012678000107939304141151,2,Depozit,46.207589000000006,21.286834,426454,AR27CDR,,Gai,False,SC ANTON & S PAVAJE SRL,18448059,SC ANTON & S PAVAJE SRL,18448059,SUMAL,FIZICA,FIZICA,1776156694563,1776178294563,1.8096,,,,,3,2026-04-14T18:17:43.064618
DA26001645002413058404141151,2,Depozit,45.417326,23.360394,479,HD22PGI,,PETROSANI,False,SC IMPERIAL PG SRL,RO 12470162,SC IMPERIAL PG SRL,RO 12470162,SUMAL,JURIDICA,JURIDICA,1776156692780,1776221492780,24.33081,,,,,3,2026-04-14T18:17:48.121513
DC26032882000412059004141151,2,Depozit,45.182798,28.240842,738976,TL06KVU,,DEPOZIT GRECI ,False,UNIVERSAL DELIVERY S.R.L.,38160130,UNIVERSAL DELIVERY S.R.L.,38160130,SUMAL,FIZICA,FIZICA,1776156689204,1776178289204,4.54,,,,,3,2026-04-14T18:17:54.061613
AP26006616000303541404141151,1,Locul Recoltării,46.566723,24.656046,881092,MS50ZIM,2500163000900,2500163000900 - 619 Cotus,False,Binalemn Zima S.R.L.,1262573,Binalemn Zima S.R.L.,1262573,SUMAL,JURIDICA,JURIDICA,1776156684503,1776178284503,3.1,,,,,3,2026-04-14T18:17:57.109726
AP26004627001100371304141151,1,Locul Recoltării,46.81528,21.857122,883903,BH06WOD,2600159300080,2600159300080 - 28116-G2-HODIȘ-UAT TULCA,False,Wood Decor Company SRL,28988404,Art Samara S.R.L.,19131813,SUMAL,JURIDICA,JURIDICA,1776156680583,1776171080583,11.81642,,,,,3,2026-04-14T18:18:03.541810
DC26032411000411611704141151,2,Depozit,44.28133,23.78808,695455,DJ51GYO,,SC MTB CONSTRUCT SRL,False,Mtb Construct S.R.L.,50892143,Surugiu Ion ,,NONSUMAL,FIZICA,FIZICA,1776156674582,1776163874582,4.4,,,,,0,2026-04-14T18:18:04.549561
DC26002834000000618704141151,2,Depozit,47.468666,23.29566,7153,MM11AXF,,ULMENI TINERETULUI 3,False,SASMILCONS SRL,25622190,Igel Nicolaie,,NONSUMAL,FIZICA,FIZICA,1776156673775,1776163873775,0.4,,,,,0,2026-04-14T18:18:05.555218
DC26008388000103402304141151,2,Depozit,44.114067,25.003146,6448,TR89YGL,,DEPOZIT ZAVOI,False,CONLEMN LIVIANA SRL,27346090,CONLEMN LIVIANA SRL,27346090,SUMAL,FIZICA,FIZICA,1776156672418,1776163872418,1.9822,,,,,6,2026-04-14T18:18:09.940980
DA26003300000200207304141151,2,Depozit,47.72807,22.48906,5149,SM10JAZ,,DEPOZIT CAMIN,False,SZAKOLA ALEXANDRU ÎNTREPRINDERE FAMILIALĂ,RO 18318997,SZAKOLA ALEXANDRU ÎNTREPRINDERE FAMILIALĂ,RO 18318997,SUMAL,FIZICA,FIZICA,1776156661796,1776174661796,2.706,,,,,0,2026-04-14T18:18:12.380282
DC26019407000206947004141150,2,Depozit,46.978473,25.409044000000005,567820,HR18SRN,,Monument,False,Mdf Forest Legna S.R.L.,38579261,Mdf Forest Legna S.R.L.,38579261,SUMAL,JURIDICA,JURIDICA,1776156659884,1776178259884,2.988,,,,,3,2026-04-14T18:18:15.835226
DA26007775000204446604141150,2,Depozit,43.943017,24.896236,28127,TR20TAV,,OCTALEMN SRL TUDOR VLADIMIRESCU,False,Octalemn S.R.L.,28985483,Octalemn S.R.L.,28985483,SUMAL,FIZICA,FIZICA,1776156658581,1776163858581,2.0,,,,,3,2026-04-14T18:18:18.563541
DC26000179000001896904141150,2,Depozit,47.154251,23.876327,2882,E4039JYJ,,DEPOZIT 1 PRINCIPAL CHERESTEA,False,SC MASSA COMIMPEX SRL,RO8224534,ILIE EMIL ,,NONSUMAL,FIZICA,FIZICA,1776156653571,1776167453571,0.16,,,,,0,2026-04-14T18:18:21.348799
AP26000691000300261804141150,1,Locul Recoltării,46.086242,24.456157,871090,MOSNA227,2600069100030,2600069100030 - 169 C. NEMSA,False,OCOLUL SILVIC AGNITA,1590120,Ghebenei Marius Dumitru,,NONSUMAL,FIZICA,FIZICA,1776156629004,1776167429004,3.038,,,,,0,2026-04-14T18:18:23.132153
DC26000141000008811704141150,2,Depozit,44.424433,25.996651,614,IF20DCG,,MAGAZIN DEDEMAN BUCURESTI 2,False,SC DEDEMAN SRL,RO 2816464,CARAGIA SERGHEI,,NONSUMAL,JURIDICA,JURIDICA,1776156625450,1776163825450,0.132,,,,,0,2026-04-14T18:18:26.333698
DC26003623002102669804141150,2,Depozit,47.32097,22.378708,8890,BH59BMA,,SC LATIROM FOREST PRODUCT SRL,False,Latirom Forest Product SRL,12011437,Tiramit Prest S.R.L.,31014723,SUMAL,JURIDICA,JURIDICA,1776156618831,1776289818831,21.825003,,,,,0,2026-04-14T18:18:27.347145
AP26001385000201396304141150,1,Locul Recoltării,46.528602,25.053834,868908,HR587ATID,2500138503440,2500138503440 - ASOC.3616,False,FILIALA OCOLUL SILVIC GHINDARI,23521105,Márton denes,,NONSUMAL,FIZICA,FIZICA,1776156615354,1776171015354,2.976,,,,,0,2026-04-14T18:18:28.348549
AP26014795000405281704141150,1,Locul Recoltării,44.323488,22.563948999999997,863790,MH73MAS,2500187201570,2500187201570 - P 1159 - OSTROVU MARE,False,Bramas Forest 2001 S.R.L.,43564615,Bramas Forest 2001 S.R.L.,43564615,SUMAL,FIZICA,FIZICA,1776156613210,1776178213210,4.08425,,,,,3,2026-04-14T18:18:31.985723
AP26000096001400947704141150,1,Locul Recoltării,45.36954,25.736454999999996,863212,PH23FLL,2500009601730,2500009601730 - 221 P / ORJOGOAIA,False,OCOLUL SILVIC CÂMPINA,1590120,OCOLUL SILVIC CÂMPINA,1590120,SUMAL,JURIDICA,JURIDICA,1776156604822,1776174604822,14.1626,,,,,3,2026-04-14T18:18:42.215960
AP26001394001306848004141150,1,Locul Recoltării,46.542162999999995,25.600053,837804,HR590DANESTI,2500139405130,2500139405130 - Hidlás2794Comp.Danesti,False,OCOLUL SILVIC DE REGIM CIUC,14064500,Asociatia Composesorala Danesti,12929649,SUMAL,FIZICA,FIZICA,1776156601631,1776178201631,13.6486,,,,,3,2026-04-14T18:18:45.222707
AP26001394001000164404141150,1,Locul Recoltării,46.577418,25.640567,879176,HR951CARTA,2500139402200,2500139402200 - Fábián2639Comp.Ineu,False,OCOLUL SILVIC DE REGIM CIUC,14064500,Péter Sándor ,,NONSUMAL,FIZICA,FIZICA,1776156600999,1776178200999,10.9357,,,,,0,2026-04-14T18:18:46.244773
DA26002189003413135904141150,2,Depozit,46.194115,25.912766,878666,HR25YPA,,TUSNAD NOU,False,SC IPA COMPANY SRL,8049760,SC IPA COMPANY SRL,8049760,SUMAL,JURIDICA,JURIDICA,1776156600367,1776178200367,34.06122,,,,,0,2026-04-14T18:18:48.759834
DC26006465000400816604141150,2,Depozit,46.213658,24.664188,1846,MS94RDU,,depozit laslea,False,Len Simba S.R.L.,21324875,Len Simba S.R.L.,21324875,SUMAL,JURIDICA,JURIDICA,1776156600216,1776163800216,4.6875,,,,,3,2026-04-14T18:18:53.250613
DA26007868000101088804141149,2,Depozit,44.129739,28.612132,845,CT27GES,,SC SILVIX GAN SRL,False,Silvix Gan S.R.L.,36014210,Silvix Gan S.R.L.,36014210,SUMAL,FIZICA,FIZICA,1776156590347,1776163790347,1.0013,,,,,3,2026-04-14T18:18:55.876360
DA26004938000000464304141149,2,Depozit,45.064913,24.872446,1306,AG11EEE,,Cosesti SC LEMNRO PRODPIN 2005 SRL,False,LEMNRO PRODPIN 2005 SRL,17202594,ENESCU GHEORGHE ,,NONSUMAL,FIZICA,FIZICA,1776156585405,1776163785405,0.33,,,,,0,2026-04-14T18:18:57.449636
AP26002689000204735304141149,1,Locul Recoltării,47.376662,22.299436,879009,BH19TMS,2500152300430,2500152300430 - 487 G1 SPRE LAC,False,Faforestdepo SRL,38422606,Sarkany Depozit lemn SRL,54158922,SUMAL,FIZICA,FIZICA,1776156562637,1776178162637,2.6334,,,,,3,2026-04-14T18:19:02.848636
DC26007720000101033304141149,2,Depozit,43.994964,25.283725,8512,TR03RMM,,NANOV,False,Confort Probmd S.R.L.,32640113,Confort Probmd S.R.L.,32640113,SUMAL,FIZICA,FIZICA,1776156553281,1776163753281,1.4876,,,,,3,2026-04-14T18:19:08.390270
DC26007065000000901904141149,2,Depozit,46.282264,25.872597,15565,HR291SANTIMBRU,,Depozit Exforcomp,False,Exforcomp S.R.L.,13680740,Ballo Sandor ,,NONSUMAL,FIZICA,FIZICA,1776156543762,1776170943762,0.888,,,,,0,2026-04-14T18:19:10.556354
DA26003861000008329304141149,2,Depozit,45.384793,27.066886,322040,BZ71TEN,,DT EXPLOFOREST,False,EXPLOFOREST 71 S.R.L.,5637617,EXPLOFOREST 71 S.R.L.,5637617,SUMAL,FIZICA,FIZICA,1776156543332,1776178143332,0.31,,,,,3,2026-04-14T18:19:16.187716
AP26001299000208573104141149,1,Locul Recoltării,46.009461,25.812687,868677,CV02DOA,2500129902350,2500129902350 - 2991N C Olteni 3A,False,OCOLUL SILVIC HATOD S.R.L.,RO23317696,dombi arpad,,NONSUMAL,FIZICA,FIZICA,1776156543053,1776178143053,2.4552,,,,,0,2026-04-14T18:19:19.485680
AP26001299000303182604141149,1,Locul Recoltării,45.863884000000006,25.745458,878236,CV04BAT,2600129900090,2600129900090 - 3043N C Szemerja es G 39B - nr. 2,False,OCOLUL SILVIC HATOD S.R.L.,RO23317696,BATZULA BELA,16510221410039,SUMAL,JURIDICA,JURIDICA,1776156540198,1776178140198,3.1,,,,,3,2026-04-14T18:19:30.968743
DA26003534000311519304141148,2,Depozit,46.515229,25.156189,4971,HR44EST,,Ocna De Sus 1/A,False,SC ESTERER SRL,13233903,SC ESTERER SRL,13233903,SUMAL,FIZICA,FIZICA,1776156536492,1776192536492,3.036,,,,,3,2026-04-14T18:19:35.888091
DA26018505000106628504141148,2,Depozit,44.019912,25.155446,112454,TR01SMC,,PLOSCA,False,PATRICK & INGRID SRL,40026298,PATRICK & INGRID SRL,40026298,SUMAL,FIZICA,FIZICA,1776156529898,1776192529898,1.395,,,,,3,2026-04-14T18:19:40.770138
DA26008177000201231204141148,2,Depozit,45.791457,26.130689,6898,CV71BRA,,Depozit Bracovex,False,BRACOVEX,RO16442203,BRACOVEX,RO16442203,SUMAL,FIZICA,FIZICA,1776156527664,1776178127664,2.48,,,,,3,2026-04-14T18:19:43.146888
DA26002211000202122804141148,2,Depozit,45.32231,26.35515,4494,BZ72WAS,,DEPOZIT PATARLAGELE,False,ANDY LEMN PREST S.R.L.,25061003,OCHIVERZI CLAUDIU IONEL PERSOANĂ FIZICĂ AUTORIZATĂ,46053763,SUMAL,FIZICA,FIZICA,1776156525555,1776192525555,2.02895,,,,,3,2026-04-14T18:19:45.375054
AP26001357000401812804141148,1,Locul Recoltării,46.727732,27.866546,854128,POPESTI120,2500135701770,2500135701770 - 605 acc I Solesti,False,OCOLUL SILVIC VASLUI,1590120,Popa Mihai ,,NONSUMAL,FIZICA,FIZICA,1776156524805,1776174524805,4.000333,,,,,0,2026-04-14T18:19:47.415537
DC26000141000008780704141148,2,Depozit,45.325762,21.86593,678,CS06UEC,,MAGAZIN DEDEMAN RESITA,False,SC DEDEMAN SRL,RO 2816464,BASUT EMIL,,NONSUMAL,FIZICA,FIZICA,1776156523334,1776188923334,0.132,,,,,0,2026-04-14T18:19:50.680447
DA26028946000210002204141148,2,Depozit,46.805460000000004,21.639660000000003,471050,BH35ZAH,,Depozit Salonta,False,Zaha Adel-ildiko Întreprindere Individuală,48457644,Zaha Adel-ildiko Întreprindere Individuală,48457644,SUMAL,FIZICA,FIZICA,1776156523266,1776163723266,2.628697,,,,,3,2026-04-14T18:19:56.457566
DA26008140000201557104141148,2,Depozit,46.413918,25.378963,1537,HR635,,Depozit Neval Zetea ,False,Neval S.R.L.,5594060,Szabo Szabolcs,,NONSUMAL,JURIDICA,JURIDICA,1776156517705,1776167317705,2.1,,,,,0,2026-04-14T18:19:57.489245
DC26002666000302219304141148,2,Depozit,44.928956,25.434502999999996,6121,DB11WEM,,IANCU CRISTINA,False,IANCU C CRISTINA INTREPRINDERE INDIVIDUALĂ,28135571,Dorado Trans S.R.L.,17358403,SUMAL,FIZICA,FIZICA,1776156508136,1776188908136,3.495,,,,,3,2026-04-14T18:19:58.996354
DC26010179000002606504141148,2,Depozit,45.836585,25.004107,213093,CJ49SRR,,DEPOZIT FAGARAS,False,STEFION TRANS SRL,32572337,PATACEAN RAZVAN,,NONSUMAL,JURIDICA,JURIDICA,1776156507215,1776221307215,0.55,,,,,0,2026-04-14T18:20:01.795786
DC26006578000200831704141148,2,Depozit,45.7596,25.646009000000003,6236,BV08SZN,,Bod Sat,False,LARIX FOR SRL,14985971,LARIX FOR SRL,14985971,SUMAL,FIZICA,FIZICA,1776156500697,1776163700697,2.0,,,,,3,2026-04-14T18:20:05.542390
DA26001771001312303104141148,2,Depozit,46.77996099999999,24.737994,578021,VL06FAO,,Depozit Extern,False,SC KASTAMONU ROMANIA SA,1235668,ROTSIN COM SRL,7174489,SUMAL,JURIDICA,JURIDICA,1776156499780,1776163699780,13.0,,,,,3,2026-04-14T18:20:08.567245
AP26005691000800661904141148,1,Locul Recoltării,45.221521,23.727334,874139,B103BUS,2500158904190,2500158904190 - P 3200 CULMEA CU FRASIN,False,SC LARDI FOREST SRL,RO30093460,SC BUSMARICARP SRL,RO 30513229,SUMAL,FIZICA,FIZICA,1776156494421,1776178094421,8.03355,,,,,3,2026-04-14T18:20:11.743382
DC26001425000111201804141147,2,Depozit,46.749514,23.539356,4084,CJ90SLN,,Dnn impex,False,SC DNN IMPEX,RO35119196,Munteanu Viorel ,,NONSUMAL,JURIDICA,JURIDICA,1776156475958,1776221275958,1.5,,,,,0,2026-04-14T18:20:12.758544
DC26002755000112377604141147,2,Depozit,44.864984,25.519375,12309,DB33TRW,,BUNGETU 1,False,TIMBER REAL WOOD SRL,31966694,TIMBER REAL WOOD SRL,31966694,SUMAL,FIZICA,FIZICA,1776156466441,1776178066441,1.792,,,,,3,2026-04-14T18:20:19.163366
AP26000500000301446604141147,1,Locul Recoltării,46.131827,23.337895,807374,AB0009METES,2500050001750,2500050001750 - 529 BIBART,False,OCOLUL SILVIC  ALBA IULIA,1590120,Man Gheorghe ,,NONSUMAL,FIZICA,FIZICA,1776156465663,1776163665663,3.129,,,,,0,2026-04-14T18:20:20.988585
DA26007655000201014804141147,2,Depozit,43.864749999999994,25.922322999999995,8087,GR30FLY,,Depozit Busteni,False,Baciu Comert S.R.L.,24202880,Baciu Comert S.R.L.,24202880,SUMAL,FIZICA,FIZICA,1776156462917,1776163662917,2.999737,,,,GR 30 FLY,3,2026-04-14T18:20:24.040625
DC26000431000002368504141147,2,Depozit,45.563167,21.232088,5738,TM33PAN,,JEBEL,False,SC FANORIA COMPANY SRL,RO-9193657,SC FANORIA COMPANY SRL,RO-9193657,SUMAL,FIZICA,FIZICA,1776156457987,1776163657987,0.805,,,,,3,2026-04-14T18:20:27.318136
DC26008576000102920104141147,2,Depozit,47.40409400000001,23.161470999999995,991,SJ08RMT,,DEPOZIT,False,RIMAT CONS SRL,RO18181430,RIMAT CONS SRL,RO18181430,SUMAL,FIZICA,FIZICA,1776156455574,1776163655574,1.288,,,,,3,2026-04-14T18:20:32.906798
AP26006210001302871404141147,1,Locul Recoltării,45.389006,26.083403,887579,BZ20MXM,2500207104860,2500207104860 - 2058 FF Girbea Gheorghe,False,DAMAR WOOD SERV S.R.L.,26077733,DAMAR WOOD SERV S.R.L.,26077733,SUMAL,JURIDICA,JURIDICA,1776156446315,1776192446315,13.7549,,,,,3,2026-04-14T18:20:42.204776
DC26008125000001229604141147,2,Depozit,43.935284,25.976912,472,GR77BOX,,PALAS,False,Palas S.R.L.,16796359,Stanculet Gheorghe,,NONSUMAL,FIZICA,FIZICA,1776156443356,1776163643356,0.28,,,,,0,2026-04-14T18:20:49.681988
AP26004627001200371304141147,1,Locul Recoltării,46.81528,21.857122,883903,BH05WOD,2600159300080,2600159300080 - 28116-G2-HODIȘ-UAT TULCA,False,Wood Decor Company SRL,28988404,Art Samara S.R.L.,19131813,SUMAL,JURIDICA,JURIDICA,1776156442583,1776170842583,12.70636,,,,,3,2026-04-14T18:20:53.216711
DA26004791000202133004141147,2,Depozit,45.199457,26.736598,4390,BZ76ARY,,depozit ,False,ELECTRA GREEN TAL S.R.L.,28305030,ARICIU C VALERICĂ PERSOANĂ FIZICĂ AUTORIZATĂ,43713440,SUMAL,FIZICA,FIZICA,1776156442163,1776178042163,2.0,,,,,3,2026-04-14T18:20:59.541972
DA26012511000704209004141147,2,Depozit,46.307544,25.944878,25720,HR1509CIUCSANGEORGI,,DEPOZIT APROFA,False,Aprofa S.R.L.,11241438,nyiro,,NONSUMAL,FIZICA,FIZICA,1776156441827,1776163641827,7.5828,,,,,0,2026-04-14T18:21:01.369678
DC26001106000203233404141147,2,Depozit,47.245874,26.700081,9864,,,Viosand,False,SC VIOSAND TRICOTEX SRL,1997524,Fanu Ionut,,NONSUMAL,FIZICA,FIZICA,1776156441220,1776178041220,2.793,,,,,0,2026-04-14T18:21:02.624446
DA26004626000100428704141147,2,Depozit,45.281951,28.006781,28105,TL18BLD,,Boldea V,False,BOLDEA VALENTIN ÎNTREPRINDERE INDIVIDUALĂ,36633712,BOLDEA VALENTIN ÎNTREPRINDERE INDIVIDUALĂ,36633712,SUMAL,FIZICA,FIZICA,1776156438761,1776192438761,1.1718,,,,,3,2026-04-14T18:21:07.083199
AP26001355000102226404141147,1,Locul Recoltării,46.324451,25.184862,877183,HR236FELICENI,2600135500430,2600135500430 - COMP. CIRESENI P-4097 / 76A,False,FILIALA OCOLUL SILVIC PRIVAT ODORHEIUL SECUIESC,24113341,Kovacs Gergely ,,NONSUMAL,FIZICA,FIZICA,1776156425725,1776178025725,1.55,,,,,0,2026-04-14T18:21:12.591592
DC26001564000302573604141146,2,Depozit,44.576844,27.388662,6250,IL16BAF,,Depozit Obor Slobozia,False,SC ROSINIC PROD SRL,19003466,BONCIU GIGEL ÎNTREPRINDERE FAMILIALĂ,53271116,SUMAL,FIZICA,FIZICA,1776156418392,1776178018392,3.682,,,,,0,2026-04-14T18:21:13.607448
DA26004381002702271704141146,2,Depozit,46.034625,26.05986,1985,CV06TCW,,Turia,False,PRODUCTIE VOINA,RO2969816,PRODUCTIE VOINA,RO2969816,SUMAL,JURIDICA,JURIDICA,1776156418073,1776221218073,27.437452,,,,,3,2026-04-14T18:21:18.938262
AP26002601000411182204141146,1,Locul Recoltării,47.331238,23.722204,787966,0208,2500260104220,2500260104220 - Composesorat Ticlau Batalaua Mada Liviu si altii,False,OCOLUL SILVIC PALTINUL 2018,403151725,Mihis Ioan,,NONSUMAL,JURIDICA,JURIDICA,1776156411115,1776160011115,4.82112,,,,,0,2026-04-14T18:21:23.701089
AP26001415000102446704141146,1,Locul Recoltării,46.641607,22.235914,871442,FINISBH216TRACTOR,2500141501590,2500141501590 - 1299 Suncuis,False,OCOLUL SILVIC LĂZĂRENI R.A.,RO34963676,harna Dănuț ,,NONSUMAL,FIZICA,FIZICA,1776156403787,1776178003787,1.00315,,,,,0,2026-04-14T18:21:25.498854
DC26012678000104147304141146,2,Depozit,46.207589000000006,21.286834,426454,AR15GLI,,Gai,False,SC ANTON & S PAVAJE SRL,18448059,SC GLIGOR TRANS LOLY SRL,46945606,SUMAL,FIZICA,FIZICA,1776156402784,1776178002784,1.8096,,,,,3,2026-04-14T18:21:28.281490
DA26033840000112488604141146,2,Depozit,45.507747,26.28873,864146,BZ12VFA,,CASOCA,False,14 SCAUNE TURISM MONTAN S.R.L.,42702728,Aldescu Nicolae,,NONSUMAL,FIZICA,FIZICA,1776156398209,1776217598209,1.298,,,,,0,2026-04-14T18:21:29.278428
DC26019387000006940604141146,2,Depozit,46.524371,24.518582,355699,MS34VRA,,S.C. ADIANA COM S.R.L.,False,Adiana Com S.R.L.,16536618,Szabo levente,,NONSUMAL,FIZICA,FIZICA,1776156392469,1776167192469,0.09,,,,,0,2026-04-14T18:21:32.221785
DA26002337000100400004141146,2,Depozit,45.03436200000001,21.685575,676310,CS50JES,,DEPOZIT PRINCIPAL ORAVITA,False,S.C.FORELLE-WOODART S.R.L.,31039477,S.C.VILELLA INTER S.R.L.,17168433,SUMAL,FIZICA,FIZICA,1776156384743,1776177984743,1.86,,,,,3,2026-04-14T18:21:36.014168
DC26009031000003373604141146,2,Depozit,44.829768,26.293410000000005,2007,PH32AGV,,depozit Draganesti,False,ADGIVA CONS S.R.L.,RO 18439166,ADGIVA CONS S.R.L.,RO 18439166,SUMAL,FIZICA,FIZICA,1776156375184,1776167175184,0.752,,,,,3,2026-04-14T18:21:38.018055
DA26006650000006555704141146,2,Depozit,44.083092,23.718302000000005,1492,DJ31PXS,,segarcea,False,Robymar Prest Com S.R.L.,39008239,Robymar Prest Com S.R.L.,39008239,SUMAL,FIZICA,FIZICA,1776156374511,1776177974511,0.503595,,,,,3,2026-04-14T18:21:44.873481
DA26004927000202119304141146,2,Depozit,43.818665,25.469051,874,AG52CNC,,CERVENIA ,False,CRINEX-RET SRL,15214177,CRINEX-RET SRL,15214177,SUMAL,FIZICA,FIZICA,1776156370770,1776177970770,2.61888,,,,,0,2026-04-14T18:21:46.683514
DC26032476000313490504141146,2,Depozit,44.39666,25.905204,862569,IF47EOK,,DOMNESTI,False,MASTER CONSTRUCT EXPERT SRL,50883587,MASTER CONSTRUCT EXPERT SRL,50883587,SUMAL,JURIDICA,JURIDICA,1776156364526,1776177964526,3.2256,,,,,3,2026-04-14T18:21:51.086564
DA26001568000300380804141145,2,Depozit,45.623903000000006,25.707908,23718,BV98CSY,,DEPOZIT LEMN DE FOC SACELE,False,REGIA PUBLICĂ LOCALĂ A PĂDURILOR SĂCELE R.A.,18856511,GODRI M. CSABA PERSOANĂ FIZICĂ AUTORIZATĂ,43706604,SUMAL,FIZICA,FIZICA,1776156347175,1776177947175,3.100062,,,,,3,2026-04-14T18:21:54.639507
DC26006420000002948804141145,2,Depozit,47.21876699999999,22.887777,455544,SJ18BAN,,DEPOZIT PERICEI 2,False,SC BARNABAS SRL,RO11732001,SC BARNABAS SRL,RO11732001,SUMAL,FIZICA,FIZICA,1776156346966,1776177946966,0.576,,,,,3,2026-04-14T18:21:57.189370
AP26005972001703339704141145,1,Locul Recoltării,45.856658,26.284387,879937,CV78FEJ,2300138909030,2300138909030 - J1619,False,COMERT PRODUCTIE SERVICII HELIKON SRL,RO540000,COMERT PRODUCTIE SERVICII HELIKON SRL,RO540000,SUMAL,FIZICA,FIZICA,1776156336489,1776177936489,17.3983,,,,,3,2026-04-14T18:22:02.048112
DC26000135000000767804141145,2,Depozit,46.607494,26.85946,3031,BC13HCZ,,HEMEIUS,False,SC CIP&DOR SRL,RO18607375,SOCIU IOSIF DANIEL ,,NONSUMAL,FIZICA,FIZICA,1776156332270,1776163532270,0.52272,,,,,0,2026-04-14T18:22:05.625497
DA26025232000308496104141145,2,Depozit,45.895919,20.614654,607458,TM50TNG,,Depozit Comlosu Mare,False,SC TNG - TRANS SRL,46823773,SC TNG - TRANS SRL,46823773,SUMAL,FIZICA,FIZICA,1776156320142,1776177920142,3.0225,,,,,3,2026-04-14T18:22:12.868816
