idDepozit,codAviz,tipAviz,lat,lng
5087,DA26002083002600392904141419,2,46.932296,25.328161
12095,DC26003239000000024604141419,2,46.51453,25.15759
106112,DA26002463000302878604141419,2,47.362049,22.081433
5129,DA26010008000002470404141419,2,46.345949,25.524927
1323,DC26003838000002169404141419,2,47.0617,23.306081
12091,DA26007722000202659404141418,2,43.925956,25.364393
5031,DA26000139000102234304141418,2,44.767597,25.235977
866603,AP26003025000701299904141418,1,46.610804,25.882402
883619,AP26001196000002279804141418,1,44.492836,26.36581
15305,DC26000234000013178804141418,2,45.006657,25.299383
872005,AP26001523000003247104141418,1,47.51446,22.033238
493524,DC26005808000201050204141418,2,46.52908,24.472305
158,DC26005612000001124404141417,2,45.18358,24.669242
293881,DA26024556000612279104141417,2,46.608448,22.421775
870576,AP26001299001701701304141417,1,46.167608,25.768919
19907,DA26006661000200843104141417,2,46.450067,25.394776
22904,DA26003765000104238604141417,2,44.288141,23.850476
873532,AP26024571000008322204141417,1,46.202863,26.592417
8371,DA26002028000302702804141416,2,46.71274400000001,25.511384000000003
2532,DC26009397000001752504141416,2,47.777121,22.859472
28708,DC26003676000006814204141416,2,44.226771,24.343017
208164,DC26000393000107325004141416,2,43.990353,28.627516
888235,AP26023011001610140304141416,1,46.661404,25.716098
626354,DC26031591000011220804141416,2,47.513847,22.139838
6036,DC26002189000012439304141416,2,46.352693,25.286644
9048,DC26006792004200857604141416,2,46.541486,25.752212
2108,DA26004305000411951104141416,2,46.037796,26.058978
12087,DC26010460000006563704141416,2,46.036831,25.203395
889240,AP26001385000512355504141415,1,46.538655,25.015443
862938,AP26003781001702542404141415,1,46.35852400000001,26.078108
23352,DC26012664000506595004141415,2,44.495718,26.204588
1842,DC26003990000201631104141415,2,46.641205,27.715474
884037,AP26001835000102803004141415,1,45.247388,26.545808
829600,AP26001415000302476504141415,1,46.684244,21.698949
1870,DC26000141000008797804141415,2,44.370772,26.090984
888924,AP26003773002601905704141415,1,45.864506,26.232082000000002
866603,AP26003025000901299904141415,1,46.610804,25.882402
13415,DC26008008000203204904141414,2,45.137537,25.633307
853536,DA26006625000400837404141414,2,46.518909,24.610996
8819,DC26009307000201705604141414,2,46.511153,25.383053
885411,AP26001220000201273904141414,1,44.208031,24.940119
7376,DA26007149001302632904141414,2,45.930761999999994,26.266522999999996
860349,AP26001175004503331404141414,1,46.82831000000001,25.326869
7202,DA26007003000200878304141414,2,46.361129,22.129704
7362,DC26006961000001213204141414,2,44.726469,26.226598
1854,DC26000141000003201304141413,2,44.210342,28.610941
807962,AP26000974000800991304141413,1,44.371463,24.467437
493524,DC26005808000101050204141413,2,46.52908,24.472305
427828,DA26023540000208528304141413,2,45.237112,26.872753
1071,DA26003542000301578504141413,2,46.815292,25.509992
127429,DA26018786000806706004141413,2,45.976736,22.973941
883619,AP26001196000002279804141413,1,44.492836,26.36581
14772,DC26001569000012271404141413,2,44.727588,25.892765
575871,DC26030813000213380604141413,2,44.894217,24.819273999999997
889520,AP26011127002503758104141413,1,46.178827,25.915412
8658,DC26006978000005677904141413,2,44.38308,25.991517
868677,AP26001299000308573104141413,1,46.009461,25.812687
775112,DA26024885001008399604141413,2,45.992654,20.688246
629656,DA26031089000310988204141413,2,44.095506,27.753931000000005
3037,DC26007334000200961504141413,2,44.97306,24.239271
861504,AP26001683000404888204141413,1,45.049622,22.911737
1210,DC26007376000000972704141413,2,44.237204999999996,28.259497
8217,DA26001171000203350704141413,2,44.963855,25.296059
5279,DA26003643000002799604141413,2,46.427386,25.235724
864222,AP26000353000101108504141412,1,44.976794,25.521691
8489,DA26002644000211333204141412,2,44.90108899999999,25.510404000000005
855812,AP26001630000300359304141412,1,46.56519,24.931848
3715,DC26002720000211297004141412,2,47.143454999999996,22.876681
878551,AP26001198000404507404141412,1,44.026927,27.726333999999998
-1,LA26001687001700155304141412,10,45.70539855957031,25.593299865722656
22410,DC26008651000107593704141411,2,46.88737,22.8244
3682,DC26005392000102079004141411,2,45.159137,25.767831
3355,DA26001753003313156204141411,2,46.659305999999994,24.939382
2549,DA26001780000200072004141411,2,47.070788,22.182215
4390,DA26004791000202133004141411,2,45.199457,26.736598
862589,AP26001413000613330404141411,1,46.326636,25.158085
300,DC26001263000001063904141411,2,45.440496,28.036581
623616,DC26019387000011242404141411,2,46.537102,24.81698
18152,DC26011081000503258604141411,2,46.391205,25.30852
12087,DC26010460000006563704141411,2,46.036831,25.203395
882099,DA26002755001803509404141410,2,45.091,25.748606
439,DC26002225000001128804141410,2,45.489742,28.031273
789197,AP26002348000106647104141410,1,47.05991,24.370693
8549,DC26009041000002749404141410,2,46.513958,24.611005
886314,DC26035574000013475204141410,2,46.819531,21.670974
879009,AP26002689000104735304141410,1,47.376662,22.299436
792054,AP26001464000312029704141410,1,47.951798,23.289632
1406,DC26002260000000443504141410,2,45.49032,28.03255
869084,AP26007525003002414604141409,1,44.331729,28.005239
6983,DC26006583000000832204141409,2,45.639918,25.420572
854604,AP26002583000102788604141409,1,47.174671,22.647038
879529,AP26007046001005296204141409,1,46.441653,24.742547
879858,AP26001299001702636004141409,1,46.063588,25.789817
24519,DA26012535000204446004141409,2,44.384667,23.780327
14437,DC26007825000001061804141409,2,44.369235,28.450518
27733,DC26008849000201512904141409,2,44.568588,27.890625
3289,DA26003434000401940304141409,2,46.367772,22.119545
163,DA26002226000313448504141408,2,45.191808,27.942463
15958,DC26009243000303394404141408,2,46.487497,25.74797
9614,DA26006760000202395604141408,2,44.630777,23.19507
6890,DA26001276000102452804141408,2,44.682508000000006,25.571859
863872,AP26002558001501501304141408,1,46.238991,21.713641
5682,DC26003165002502368804141408,2,47.693419,22.414347
3248,DC26007578000101001904141408,2,44.13774,25.319011
32339,DC26011730000003581804141408,2,46.429653,27.490791
872005,AP26001523000103247104141408,1,47.51446,22.033238
868781,AP26001175000202028704141408,1,46.635317,25.486582
35666,DC26002360001100028304141408,2,47.22587,24.727044
3706,DA26001923000309990004141408,2,46.09737,21.664234
1712,DA26007826000001062004141408,2,44.60491,27.511930000000003
12726,DC26006096000403150104141408,2,47.675052,22.479326
889520,AP26011127001503758104141407,1,46.178827,25.915412
24766,DA26007538000306075004141407,2,43.91509,25.362025
884950,AP26003754003900075104141407,1,45.704395,26.307588999999997
4500,DA26004865000103434504141407,2,45.270198,27.927838999999995
7622,DC26000142000208889804141407,2,44.65376799999999,25.578615
867247,AP26010655000209671904141407,1,47.141428,22.454698
797667,AP26015681000205567104141406,1,45.856823999999996,25.637446
12309,DA26002755000112377604141406,2,44.864984,25.519375
42062,DC26015371000011886604141406,2,44.193385,26.449497999999995
736858,DC26033241000012252204141406,2,45.433868,27.833163
10648,DA26007741000201037804141406,2,43.891437,28.496635
581726,DC26030895000010849304141406,2,44.974312,24.960573
3734,DC26008087000301184904141406,2,44.452621,26.163489
1306,DA26004938000300464304141406,2,45.064913,24.872446
773970,AP26001439000301096704141406,1,46.342162,25.397315
178699,DC26007387000011421204141406,2,43.792845,25.135834
7416,DC26001793000002450404141406,2,47.51308,22.147949999999998
270222,DA26003585000112547904141405,2,46.370591,25.770251
14148,DA26010998000403256604141405,2,46.30947,25.023800000000005
355699,DC26019387000008733004141405,2,46.524371,24.518582
7194,DA26009796003501943704141405,2,45.248636,22.297477
6773,DC26005461000002681204141405,2,45.837931,21.290906
2890,DA26000239002500722504141405,2,46.01532699999999,23.537850000000002
1087,DC26003173000002826604141404,2,46.262498,25.880344
4971,DA26003534002300045804141404,2,46.515229,25.156189
4132,DC26000696000101129004141404,2,47.127709,27.577005
807962,AP26000974000400991304141404,1,44.371463,24.467437
888953,AP26002209001001216604141404,1,46.167329,25.624756
22532,DC26000755000000014404141404,2,47.090928999999996,26.82429
15144,DC26010883000403472504141404,2,44.23715000000001,26.46854
718011,DA26004348000112287804141404,2,44.387587,28.383872
3809,DA26003448000102034204141404,2,46.762565,21.934979
851329,AP26003222002801807604141403,1,46.050105,22.087821
-1,EC26006447004000815004141403,7,46.515899658203125,24.52090072631836
3277,DC26002872000100193904141403,2,45.651128,21.171255
42127,DC26002613000409934004141403,2,46.319172,23.728606
4256,DC26004619000509808104141403,2,45.080819,26.641502
26781,DA26002707000000259404141402,2,47.716341,22.500759
310,DA26001609000601153904141402,2,44.890566,21.708314
810,DA26006564000210480604141402,2,47.158208,22.726786
15380,DA26008383000101301504141402,2,44.113971,25.003002
5695,DA26004067000300380904141402,2,44.887438,28.736544
20927,DA26011591000303513704141402,2,43.899376,25.361731000000002
270222,DA26003585000312547904141402,2,46.370591,25.770251
35666,DC26002360001100028304141402,2,47.22587000000001,24.727043999999996
8549,DC26009041000002749404141402,2,46.513958,24.611005
425,DC26002868000400105004141401,2,47.02430900000001,21.950825
22814,DA26011420000103460704141401,2,44.118213,24.490859
837671,DC26019719000307086604141401,2,47.508345,22.111614
861242,AP26000974000211270604141401,1,44.409673,24.692207
295225,DC26011603000503521904141401,2,44.06314,28.233075
813656,AP26001439000801108804141401,1,46.484361,25.538099
657697,DC26000141000011565404141400,2,47.24401,26.714919999999996
430629,DA26001171000009753604141400,2,45.003675,25.637052
1257,DC26002156003309886104141400,2,44.44263800000001,25.956404000000003
876181,AP26001215000505266304141400,1,44.497349,28.052529
870882,AP26001192000101511004141400,1,44.680416,26.291977
322,DC26002805000005868404141400,2,47.643258,23.532184
887193,AP26002869001001215104141400,1,46.283671,22.66531
25526,DC26004415000104528904141400,2,44.249388,24.329341
851,DC26008373000010634104141359,2,47.043596,21.909012
807962,AP26000974000400991304141359,1,44.371463,24.467437
865,DC26008373000001595204141359,2,44.383981,26.001914
12309,DA26002755000208877104141359,2,44.864984,25.519375
7033,DC26010089000006574204141359,2,45.188714,25.666403
208164,DC26000393000112670604141359,2,43.990353,28.627516
233494,DC26006653001501728304141359,2,44.039779,23.643771
9864,DC26001106000103233404141358,2,47.245874,26.700081
2606,DC26003544000000049504141358,2,47.313455,22.337472
17369,DC26002382000503690504141358,2,47.746885999999996,23.091857
862392,AP26001413001701163304141358,1,46.19544,25.4627
12155,DA26008504000201343904141357,2,43.998528,25.270557
19137,DC26011990000005787004141357,2,45.8717,25.801371
21128,DC26010167000302441504141357,2,46.554876,25.770653
12087,DC26010460000006563704141357,2,46.036831,25.203395
774314,DC26006988000112727704141357,2,45.723973,21.282091
7622,DC26000142000102655704141357,2,44.65376799999999,25.578615
1492,DA26006650000106555704141356,2,44.083092,23.718302000000005
14148,DA26010998000205606204141356,2,46.30947,25.023800000000005
526038,DC26014530000005206604141356,2,47.856976,22.878019
818616,AP26001389000704796904141356,1,45.924832,25.935643
887751,AP26001473000202565204141356,1,47.463437,22.648705
10648,DA26007741000201037804141356,2,43.891437,28.496635
13142,DC26005812000103233204141356,2,45.620785,25.668306
4971,DA26003534000002229104141356,2,46.515229,25.156189
835010,AP26001781000202877304141356,1,45.139873,24.959635
876615,AP26007195001403632004141356,1,44.391642,28.042559999999998
12848,DA26010103002710583504141356,2,46.357963000000005,25.538864
876181,AP26001215000605266304141356,1,44.497349,28.052529
873765,DA26035264000113286604141355,2,47.61115900000001,23.056726
773070,DC26033433000012317904141355,2,45.499266,28.032986
6674,DC26002343000300399504141355,2,45.034362,21.685575
4031,DA26007834000301905304141355,2,45.789715,26.130375
30240,DC26011587000003512704141355,2,44.2004,26.596226
6701,DA26005957000304250204141354,2,47.666406,22.946072
3734,DC26008087000301184904141354,2,44.452621,26.163489
888411,AP26001424000102903704141354,1,46.430875,25.934531
737355,DC26006988000011262204141354,2,44.478866,26.161806
10973,DA26007901000101104904141354,2,43.757085,24.901175
15585,DC26010836000003395504141354,2,46.80334,21.64856
4430,DC26003798000010064404141354,2,45.872401,26.18813
2532,DC26009397000001752504141354,2,47.777121,22.859472
15786,DC26008380000003396404141354,2,44.323742,28.612759
5658,DC26001776000000476304141354,2,47.050984,21.87892
13286,DC26006122000111537704141354,2,47.671322,22.46459
697,DA26001235000111109904141354,2,45.878175,27.92153
787571,DC26033499000012339704141354,2,44.717389,27.988861
260606,DC26023411000108080804141354,2,44.391719,25.895721999999996
4698,DC26009807005105357904141354,2,46.775568,24.941915000000005
19694,DA26000163000303827904141353,2,44.613057,25.424911999999996
880423,AP26007239001502435004141353,1,46.15378,25.569114
7622,DC26000142000306723104141353,2,44.65376799999999,25.578615
1210,DC26007376000000972704141353,2,44.237204999999996,28.259497
876615,AP26007195001303632004141353,1,44.391642,28.042559999999998
350121,DC26025214000108745504141353,2,44.214599,27.152846
848659,AP26001299000203159904141353,1,45.88504,25.733448
19864,DC26008171000601226004141353,2,46.34825,25.524984
20985,DA26005070000204038004141352,2,46.478388,26.556994
861504,AP26001683000304888204141352,1,45.049622,22.911737
882899,AP26003138001600727704141352,1,46.925131,22.773629
1934,DC26000622005112779304141352,2,47.854477,25.969456999999995
694401,DA26032393000311857404141352,2,46.129407,25.609558
2953,DA26007478000206515204141352,2,44.364325,26.795779999999997
880629,AP26002378000301792204141352,1,46.329185,21.985806
3544,DA26000437000000225604141352,2,44.557167,24.268811
490,DA26002209000301237604141351,2,46.125304,25.602832
233494,DC26006653001601728304141351,2,44.039779,23.643771
5031,DA26000139000102234304141351,2,44.767597,25.235977
17684,DC26004213000010966604141351,2,46.216003,28.015528
6425,DC26010049000002575604141351,2,44.25177299999999,27.580289000000004
4645,DA26003754003100075104141351,2,45.84875,26.165044000000005
562733,DA26009802000105572804141351,2,46.689855,24.666857000000004
136870,DA26017976000306433604141351,2,46.010134,22.239335999999998
12155,DA26008504000101343904141350,2,43.998528,25.270557
25251,DC26002916000204504004141350,2,44.588114,25.928979
136267,DC26002531000012251204141350,2,46.978995,21.858574
1837,DC26003609005001698204141350,2,45.855445,25.942212
8658,DC26006978000010692904141350,2,44.38308,25.991517
200346,DC26019697000111362604141350,2,44.446566,25.880291
608968,DA26031415000211142104141350,2,46.110569,20.443623
8549,DC26009041000002749404141350,2,46.513958,24.611005
94443,DC26003136000000143104141350,2,46.204259,21.287169
870267,AP26001483001708428004141349,1,47.739505,23.387856
14148,DA26010998000203256604141349,2,46.30947,25.0238
2241,DC26002091000101766704141349,2,47.132453,21.910287
849,DC26008373000010799604141349,2,44.409351,26.196899
35666,DC26002360002500028304141349,2,47.22587000000001,24.727043999999996
78925,DA26004365000410709004141349,2,45.799119,20.909554
862896,AP26018786001506706004141348,1,46.01086999999999,23.006536999999998
9521,DC26003857000200111504141348,2,45.37455500000001,26.324303
5824,DC26006127000002830304141348,2,47.78323,22.828752000000005
4645,DA26003754002400075104141348,2,45.84875,26.165044000000005
9642,DC26005146000107862104141348,2,44.916063,26.672474
806231,AP26000084000101687104141348,1,47.917498,26.286652
867128,AP26001196000202323904141348,1,44.475164,26.275469
1515,DA26006544000100826204141348,2,45.020304,24.282805
3250,DC26009198000001963404141348,2,43.838358,25.142257
3517,DA26005570003700619604141348,2,45.206453,24.780022
809193,AP26000104000301400004141348,1,44.996801,26.168578
12087,DC26010460000006563704141348,2,46.036831,25.203395
813656,AP26001439000901108804141348,1,46.484361,25.538099
847433,DA26031258000011073804141347,2,46.049014,20.490101
737355,DC26006988000011262204141347,2,44.478866,26.161806
5047,DC26005523000100598904141347,2,45.289545,22.274587
20985,DA26005070000204038004141347,2,46.478388,26.556994
25047,DA26009554000301838404141347,2,43.757422,24.276674
276143,DC26023985000008169104141347,2,45.603876,21.053486
6432,DA26001410000502687504141347,2,47.022983,23.893547
1880,DC26003990000011244504141347,2,46.623462999999994,27.751804000000003
51517,DC26016149000005854304141347,2,44.864773,24.288856
26595,DA26013343000604626804141347,2,45.082945,24.863949
12673,DC26000188000003358504141347,2,46.468875,26.889264
889429,AP26001501001303094204141347,1,46.866557,25.604223
3852,DC26006988000004832704141346,2,45.821238,24.149163
270222,DC26003585000012547904141346,2,46.370591,25.770251
1822,DA26003538002810449304141346,2,46.884625,25.450135
20924,DC26001903000000451404141346,2,45.116098,28.191695
6773,DC26005461000002681204141346,2,45.837931,21.290906
865498,AP26001533000303092404141346,1,47.142137,22.046428
233494,DC26006653001701728304141346,2,44.039779,23.643771
882899,AP26003138001500727704141346,1,46.925131,22.773629
412496,DC26027604000409568304141346,2,44.492368,26.191654
17456,DC26008695000401931304141346,2,46.516629,21.504218999999996
881125,AP26002598000301558104141346,1,47.325864,22.659304
3915,DC26004569000200350204141346,2,45.185421999999996,27.925674
750600,DC26032185000012418304141346,2,44.389152,27.843027
18677,DA26010045000302250404141346,2,46.35684,25.545828
873889,AP26002087001801400404141346,1,45.929586,22.295223000000004
1806,DA26003549002300047004141345,2,46.91326,25.409673
16314,DA26008786000203460304141345,2,44.087319,26.242797
5096,DC26009176001401633204141345,2,46.377917,23.150897
888194,AP26002108000300269704141345,1,47.95601,23.296389
5426,DA26007525000202410804141345,2,44.413221,27.802567999999997
844451,AP26001389000404798404141345,1,46.007802,25.929698
4494,DA26002211000202122804141345,2,45.322309999999995,26.35515
758577,AP26000746000408634204141345,1,46.914506,27.935649
1838,DC26000141000008812404141345,2,44.29029,23.84829
530881,DA26029839000210311504141345,2,43.67155499999999,25.364414
774001,AP26001439000401096704141345,1,46.358103,25.397305
878298,AP26007187001900934704141344,1,45.094238,25.731498
200346,DC26019697000007076204141344,2,44.446566,25.880291
1443,DA26000946000302200004141344,2,47.753457,23.264216
863683,AP26002926001202572704141344,1,46.591472,25.140647
2846,DC26003116000202864004141344,2,47.0541,21.86988
877480,AP26007628000201610204141343,1,44.106179,26.017844
712381,DA26001332000102460104141343,2,44.804136,25.987587
1852,DC26000141000005160704141343,2,44.945141,25.455192
-1,LA26001299000103182604141343,10,45.86880111694336,25.79199981689453
726944,AP26002043000302665804141343,1,46.569529,25.199549
863790,AP26014795000405281704141343,1,44.323488,22.563948999999997
807962,AP26000974000400991304141343,1,44.371463,24.467437
15305,DC26000234000013178804141343,2,45.006657,25.299382999999995
3059,DC26002541000000782704141343,2,46.545404,23.761434
889378,AP26001424000702720904141343,1,46.357351,25.591285
6250,DC26001564000102573604141343,2,44.576844,27.388662
377238,DA26024913000108404004141342,2,46.591057,24.803065
4952,DA26001929000500840104141342,2,44.78555500000001,22.993411
575871,DC26030813000010776504141342,2,44.894217,24.819274
865750,AP26001558000000579204141342,1,45.935712,25.472895
4153,DC26007964000102256404141342,2,44.97414899999999,26.018199999999997
13286,DC26006122000111537704141342,2,47.671322,22.46459
863683,AP26002926001002572704141342,1,46.591472,25.140647
715099,DC26032704001412031804141342,2,43.988321,22.94527
16180,DA26010026000402221704141342,2,46.580718,25.787718
889430,AP26001501001803094204141342,1,46.866676000000005,25.604699
5330,DA26000123000311363004141342,2,45.17676600000001,25.949542999999995
25450,DC26006170000000778004141342,2,45.028625,26.792894
433,DC26004394003501201004141342,2,46.874839,25.446977
8217,DA26001171000203350704141342,2,44.963855,25.296059
870263,AP26001705000302792104141342,1,46.132054,25.155496
9999,DC26004620000000429504141341,2,45.177546,28.7691
19908,DC26004198000800216204141341,2,46.447991,25.404934
833166,AP26001143000101344404141341,1,44.868798,25.745042
873889,AP26002087001601400404141341,1,45.929586,22.295223000000004
425,DC26002868000000105004141341,2,47.024308999999995,21.950825
806189,AP26000084000101687104141341,1,47.916846,26.286569
15508,DA26004106000400780804141341,2,46.626966,26.859154
812722,DC26008928000113428004141340,2,44.567986,23.710251
233494,DC26006653001601728304141340,2,44.039779,23.643771
5121,DC26003540000200737804141340,2,47.051686999999994,22.045638
2890,DA26000239002300722504141340,2,46.01532699999999,23.537850000000002
6370,DC26000879000312969104141340,2,44.025116,23.091967999999998
813330,AP26000303000000968204141340,1,47.686347,25.320347
349,DC26000125000000247004141340,2,45.125114,26.249051
4586,DC26000565000006575804141339,2,44.594211,26.069658
13966,DC26011036000003249304141339,2,46.291362,25.040218
871591,AP26001877001310693904141239,1,44.732347,22.167135
794501,AP26000982001200487904141339,1,43.89687,24.234689
4952,DA26001929001000840104141339,2,44.78555500000001,22.993411
7020,DA26004139000400198004141339,2,46.40951900000001,21.634182999999997
24766,DA26007538003206075004141338,2,43.91509,25.362025
864169,AP26002165003001049604141338,1,46.062943,25.897076
836983,AP26030939000511046504141338,1,46.278944,26.142827
3953,DC26008373000011512404141338,2,46.78071,23.63829
2982,DA26008938000201546704141338,2,46.374411,26.499632000000002
20985,DA26005070000204038004141337,2,46.478388,26.556994
12801,DA26007177000400933704141337,2,45.947737999999994,26.215462
871591,AP26001877001210693904141237,1,44.732347,22.167135
807962,AP26000974000400991304141337,1,44.371463,24.467437
455544,DC26006420000302948804141337,2,47.21876699999999,22.887777
865165,AP26001558000412851904141337,1,46.035616,25.450422
160,DC26005612000005164704141337,2,44.969018,24.913044
25503,DA26008391000104291904141336,2,43.889537,25.390598999999998
870799,AP26010946000303177204141336,1,45.72437299999999,26.179717
873532,AP26024571000108322204141336,1,46.202863,26.592417
862760,DA26007699000001489804141336,2,44.3868,28.6675
773994,AP26001439000501096704141336,1,46.361293,25.396809
834257,DC26003990000001634504141335,2,46.837632000000006,27.463129999999996
265981,DC26007318000000958704141335,2,44.12762,28.600230999999997
5695,DA26004067000200380904141335,2,44.887438,28.736544
6482,DC26010049000102604704141335,2,44.338571,27.765473
51517,DC26016149000005854304141335,2,44.864773,24.288856
7948,DC26004584000100357404141335,2,45.14482999999999,26.854206
45989,DC26011647000404025904141335,2,46.319333,25.317403
23718,DA26001568000300380804141335,2,45.623903000000006,25.707908
866800,AP26004105000208893104141335,1,46.89088,27.008771
160,DC26005612000005164704141335,2,44.969018,24.913044
578021,DA26001771001712303104141334,2,46.779961,24.737994
1973,DC26000141000011562804141334,2,47.041279,21.899443
6232,DA26006120002502783904141334,2,47.024087,23.889585
3706,DC26001923000309990004141334,2,46.09736999999999,21.664234000000004
17528,DC26001584000104151604141334,2,45.236568,25.426553
806186,AP26000084000201687104141334,1,47.918595,26.291718
871591,AP26001877001110693904141234,1,44.732347,22.167135
858639,AP26000094001800584304141334,1,45.308236,25.557914
942,DC26001816000100421904141334,2,45.18413900000001,28.773420999999995
9900,DA26001510000301667604141333,2,47.104617,22.404776
9784,DC26007723000101034004141333,2,46.16946099999999,24.377335
871293,AP26002743000009788904141333,1,45.018631,25.594085
599775,DA26001244000306698904141333,2,45.41038799999999,22.192087
455544,DC26006420000002948804141333,2,47.218767,22.887777
1099,DC26002750000301448204141333,2,45.7078,21.09771
860205,AP26001439000301091804141333,1,46.583783000000004,25.342291
865590,AP26002126001100323904141333,1,46.124799,22.022914
3681,DA26002423000200260904141333,2,45.421539,23.360142
878236,AP26001299000303182604141333,1,45.863884000000006,25.745458
22985,DC26006452000000815404141333,2,46.618381,24.080074
11278,DA26002910000112351904141333,2,47.563641,27.205555
731510,AP26001349003101058904141333,1,47.68366799999999,23.716294
283187,DA26013534000304718904141333,2,45.841824,21.020647
5326,DC26007945000301129404141332,2,44.432667,25.488816
783,DC26002008000200497604141332,2,43.886077,23.283617
18042,DA26000241000102710104141332,2,44.953465,25.29617
566,DA26008093000607325604141332,2,44.21745,27.319158
6285,DC26007689000410294004141332,2,45.755721,24.524416
878343,DA26005262000000533004141332,2,46.14051800000001,21.336185
33,DA26003858000300825604141332,2,44.439233,23.957747
822008,AP26001623001102231504141332,1,44.920762,23.190963
208164,DC26000393000012670604141332,2,43.990353,28.627516
783229,AP26001510000401662604141332,1,47.069009,22.455325
626516,DA26004182000909711904141332,2,46.447543,26.717263
54243,DA26016486000205841404141332,2,44.117207,25.329293
758577,AP26000746000508634204141332,1,46.914506,27.935649
578021,DA26001771001212303104141332,2,46.77996099999999,24.737994
876918,AP26002689000212910504141332,1,47.341392000000006,22.219065
5056,DC26006382000012030604141332,2,46.58986000000001,24.620459999999998
885261,AP26001355000206286404141332,1,46.396549,25.197652
880874,AP26001429001006798704141331,1,46.900455,22.565378
1582,DC26006782000000856504141331,2,46.527549,24.535513
5682,DA26003165000102368804141331,2,47.693419,22.414347000000003
20820,DC26001831000003955404141331,2,46.632766,27.592645
862589,AP26001413000313330404141331,1,46.326636,25.158085
833166,AP26001143000401344404141331,1,44.868798,25.745042
2478,DC26005616000001818604141331,2,47.223794,23.007365
838886,AP26002585000202693704141331,1,46.975954,23.156117
567028,DA26030539000010619004141331,2,44.980411,26.453989
2120,DC26009031000103388004141331,2,44.870082,26.194352
9388,DC26004037000000169304141331,2,47.039832,21.898085
5343,DC26007135000000924304141331,2,45.945684,26.214722
8930,DC26008823000101498804141330,2,43.826872,24.796320999999995
7416,DC26001793000302450404141330,2,47.51308,22.14795
42127,DC26002613000409934004141330,2,46.319172,23.728606
17684,DC26004213000010966604141330,2,46.216003,28.015528
605,DC26000141000008817804141330,2,47.735896,26.634688
209756,DC26013593000204911204141330,2,45.436869,22.227284
789128,AP26010005000403245504141330,1,46.606039,25.284813
871591,AP26001877001310693904141230,1,44.732347,22.167135
876463,AP26001501004301072304141329,1,46.630964,25.508815
876615,AP26007195002704272704141329,1,44.391642,28.042559999999998
865675,AP26005791002700702404141329,1,45.951854,25.659813
6250,DC26001564000102573604141329,2,44.576844,27.388662
14437,DC26007825000407817504141329,2,44.369235,28.450518
6036,DA26002189001002172904141329,2,46.35269300000001,25.286644
117,DA26007856000102076904141329,2,44.557723,27.894235999999996
866957,AP26000356000508892504141329,1,44.846917,25.283233
720469,DC26000141000012086604141328,2,43.984501,25.361802
6890,DA26001276000202552004141328,2,44.682508000000006,25.571859
865473,DA26011117000412658104141328,2,46.555319,25.770037
836979,AP26030939000511046504141328,1,46.279362,26.142738
867128,AP26001196000302323904141328,1,44.475164,26.275469
2890,DA26000239002200722504141328,2,46.01532699999999,23.537850000000002
20927,DA26011591000303513704141328,2,43.899376,25.361731000000002
884564,AP26002598000301426104141327,1,47.13696,22.930123
265981,DC26007318000000958704141327,2,44.12762,28.600231
376862,DC26017586000406356604141327,2,45.704095,27.729782
6482,DC26010049000002604704141327,2,44.338571,27.765473
107384,DA26001777001506152804141327,2,45.188647,24.844724
881380,AP26001428000602985904141327,1,45.951699,25.610142
40457,DC26000141000011578804141326,2,45.870481,25.797451
889618,AP26028148000309717904141326,1,45.093528,24.373158
832288,AP26001439000301096704141326,1,46.369226,25.388211
334,DC26001864000000428804141326,2,44.649666,22.678268
5127,DA26001522000401018504141326,2,47.480921,23.307243
833166,AP26001143000401344404141326,1,44.868798,25.745042
5738,DC26000431000102368504141326,2,45.563167,21.232088
888101,DC26035511000213426504141325,2,44.589079,25.927706
467865,DC26000141000010047604141325,2,44.329640000000005,23.772409999999997
1837,DC26003609003901699104141325,2,45.855445,25.942212
806185,AP26000084000401687104141325,1,47.923248,26.292271
876411,AP26002598000201435504141325,1,47.163338,22.754821000000003
1835,DA26000141000003219604141325,2,46.894249,26.423512
14437,DC26007825000307817504141325,2,44.369235,28.450518
877083,AP26002725000405466104141325,1,46.114006999999994,21.885577
7010,DA26000874000200178304141325,2,43.983798,22.946063
2405,DA26008560000201764804141325,2,46.40747000000001,26.461463999999996
22778,DA26003113000308493404141325,2,45.902314,22.500429
5804,DC26002198000002398104141325,2,45.642518,25.654578
8549,DC26009041000002749404141324,2,46.513958,24.611005
870267,AP26001483001908428004141324,1,47.739505,23.387856
868677,AP26001299000308573104141324,1,46.00946100000001,25.812687
9091,DC26005638000000648304141324,2,45.38148900000001,21.737490999999995
865959,AP26001189000000627804141324,1,44.585416,26.034354
5343,DC26007135000500924304141324,2,45.945684,26.214722
149736,DC26000249000200650604141324,2,44.636056,22.696543000000002
2290,DA26001023002312809604141323,2,47.930254,23.936462
19137,DC26011990000005787004141323,2,45.8717,25.801371
872862,AP26001753001800736804141323,1,46.678097,25.090529
7774,DA26007615000001006104141323,2,43.915898,25.950445
853830,AP26002706002101694204141323,1,45.497852,25.830285
6568,DC26002059000012348404141323,2,44.528136,26.187041
276143,DA26023985000208169104141323,2,45.60387599999999,21.053486
48486,DC26016231000206846504141323,2,45.187667,26.190499
758577,AP26000746000508634204141323,1,46.914506,27.935649
17369,DC26002382000203690504141323,2,47.746885999999996,23.091857
2549,DA26001780000100072004141323,2,47.070788,22.182215
731510,AP26001349003201058904141323,1,47.68366799999999,23.716294
20199,DC26003963000500403704141322,2,45.165541,28.820521
6482,DC26010049000302604704141322,2,44.338571,27.765473
3059,DC26002541000000782704141322,2,46.545404,23.761434
886188,AP26006879001201578104141322,1,46.295646,25.984886
16294,DC26004346000300280604141322,2,46.292778,25.850838999999997
847326,AP26004384001410532704141322,1,46.093866,25.442472
862938,AP26003781000302542404141321,1,46.35852400000001,26.078108
783563,AP26003446000004720704141321,1,45.979065,22.295534
1582,DC26006782000000856504141321,2,46.527549,24.535512999999998
419160,DA26002296000200258304141321,2,45.84021099999999,23.157081
618,DC26000141000003223704141321,2,44.106227,28.606697
863212,AP26000096001300947704141321,1,45.36954,25.736454999999996
885730,AP26003538003901809304141321,1,46.899679,25.49918
771576,DA26015916001005662504141321,2,45.989861,20.821694
882206,AP26034667003713344504141320,1,46.646422,25.995343
860318,AP26001228000202425704141320,1,44.346476,25.199396
833166,AP26001143000401344404141320,1,44.868798,25.745042
9388,DC26004037000300169304141319,2,47.039832,21.898085
879009,AP26002689000204735304141319,1,47.376662,22.299436
868819,AP26001284000602485004141319,1,46.499807,25.353341
872862,AP26001753001500736804141319,1,46.678097,25.090529
872026,AP26001439000301287804141319,1,46.50043,25.468436
7015,DC26000328000002627004141319,2,44.980422,25.651698
881795,AP26001835001408927204141319,1,45.241813,26.493451000000004
200346,DC26019697000111362604141319,2,44.446566,25.880291
5570,DA26006304000100802204141318,2,45.304478,25.06924
-1,LA26001389000704793404141318,10,45.919700622558594,25.984800338745117
427828,DA26023540000308528304141318,2,45.237112,26.872753
855,DC26008373000012306004141318,2,44.19249,28.60041
1873,DC26005397000000552004141318,2,45.215576,25.651721
209152,DA26020218000412488004141318,2,46.806523,25.490051000000005
64504,DA26007175000800933304141318,2,46.0923,26.198829
863986,AP26001175000906800404141318,1,46.677216,25.305744
3071,DA26007046000200891304141318,2,46.407682,24.705114
9856,DC26000880006301695704141318,2,44.04016,23.644186
3734,DC26008087000301184904141318,2,44.452621,26.163489
832503,AP26001439000201096704141318,1,46.348599,25.431078
2671,DC26000339000013317104141317,2,45.127184,25.735358
853830,AP26002706001601694204141317,1,45.497852,25.830285
121511,DC26018662000006683304141317,2,44.10042,24.356608
3410,DC26007366000101973904141317,2,44.199356,27.345894
2515,DA26001038000402107204141317,2,47.94285399999999,23.911109999999997
580115,DA26008383000012407704141316,2,44.115326,24.971001
608968,DA26031415000211142104141316,2,46.110569,20.443623
873750,DA26002165003101049604141316,2,46.194025,25.913122
3831,DC26006988000006727904141316,2,44.372732,26.117485
2162,DA26001398002500734204141316,2,45.69550999999999,21.933111
1421,DC26007682000602968504141316,2,44.16783,28.643503
107384,DA26001777001706152804141316,2,45.188647,24.844724
865750,AP26001558000300579204141316,1,45.935712,25.472895000000005
874302,DC26019742000407103304141316,2,45.32373900000001,21.868282000000004
2290,DA26001023000113019604141316,2,47.930254,23.936462
5305,DA26008100000212210304141316,2,46.36521,25.547944
748090,DC26003585000001119704141316,2,46.300676,25.283705
1000,DC26001356000300247504141315,2,45.226844,26.054322
833166,AP26001143000101344404141315,1,44.868798,25.745042
581726,DC26030895000010849304141315,2,44.974312,24.960573
868677,AP26001299000108573104141315,1,46.00946100000001,25.812687
4102,DA26005609000113139804141315,2,44.80809200000001,25.072934
736858,DC26033241000012252204141315,2,45.433868,27.833163
806182,AP26000084000201687104141315,1,47.924659,26.294486
783563,AP26003446000804720704141315,1,45.979065,22.295534
4587,DC26000078000007036204141315,2,44.796779,26.19568
578021,DA26001771001712303104141314,2,46.779961,24.737994
871090,AP26000691000200261804141314,1,46.086242,24.456157
1712,DA26007826000101062004141314,2,44.60491,27.511929999999996
575871,DC26030813000010776504141314,2,44.894217,24.819274
7182,DC26000520005012172504141314,2,45.965888,23.549066
844718,AP26001835000008927204141314,1,45.270498,26.492157
6232,DA26006120003002783904141314,2,47.024087,23.889585
881476,AP26001175000401574704141314,1,46.771308,25.542740999999996
6425,DC26010049000002575604141313,2,44.25177300000001,27.580288999999997
4494,DA26002211000102122804141313,2,45.322309999999995,26.35515
9534,DC26007214000302847304141313,2,45.94880800000001,26.216715000000004
2108,DC26004305003509709904141313,2,46.03779599999999,26.058978
4629,DA26003445000400151904141313,2,46.38069,22.121839
204689,DC26020005000507198504141313,2,44.360549,26.197996
-1,LA26001687001700155304141312,10,45.70539855957031,25.593399047851562
880058,AP26008650000201417604141312,1,44.774425,27.856193
878666,DA26002189003108834604141312,2,46.19411499999999,25.912766
1421,DC26007682000802968504141312,2,44.16783,28.643503
636984,DC26031739000011330404141312,2,47.484317,22.086759
5031,DA26000139000602234304141312,2,44.767597,25.235977000000002
18476,DA26010975000006882204141312,2,44.128891,24.581188
47966,DA26001860000308741604141311,2,44.71885799999999,22.353861
31000,DC26011851000303644104141311,2,44.735807,27.290313
853830,AP26002706003801694204141311,1,45.497852,25.830285
6713,DC26010142000102418704141310,2,44.199713,25.683767
868677,AP26001299000208573104141310,1,46.00946100000001,25.812687
3731,DC26007635000209525604141310,2,44.25548799999999,28.272035
4726,DC26000368000002162204141310,2,44.967667,25.791918
11872,DA26005985000310582504141310,2,45.927268,26.272262
1582,DC26006782000000856504141310,2,46.527549,24.535512999999998
-1,LA26001687001700155304141310,10,45.70539855957031,25.593299865722656
7526,DC26005170000107265604141310,2,47.81543200000001,22.848148
26781,DA26002707000200259404141310,2,47.716341,22.500759
5087,DA26002083004300392904141310,2,46.932296,25.328161
10752,DA26005477000100579804141310,2,45.788199999999996,20.7113
887510,AP26003968000006192104141309,1,47.179521,23.063351
847326,AP26004384001510532704141309,1,46.093866,25.442472
921,DC26008061000105602804141309,2,44.55925100000001,23.495736999999995
867128,AP26001196000202323904141309,1,44.475164,26.275469
889137,AP26008684000201432404141309,1,44.04836600000001,26.023715
521020,DC26029673000110244204141309,2,44.48514,26.0236
857206,AP26000356001101116504141309,1,44.810026,25.24851
886314,DC26035574000013475204141309,2,46.819531,21.670974
15380,DA26008383000001301504141308,2,44.113971,25.003002
6701,DA26005957000304250204141308,2,47.666406,22.946072
1443,DA26000946000002200004141308,2,47.753457,23.264216
368,DA26001347000200593304141308,2,45.292792,25.726418
4075,DC26004444002510673804141308,2,47.66215300000001,23.615841
7622,DC26000142000308889804141308,2,44.65376799999999,25.578615
4586,DC26000565000106575804141308,2,44.594211,26.069658
19847,DA26002703000103464804141308,2,44.87462300000001,28.370238
714248,AP26000836000001206304141308,1,44.236949,23.673246
882206,AP26034667000113344504141307,1,46.646422,25.995343
230295,DC26002285000002759204141307,2,47.83445,23.317311
806176,AP26000084000201687104141307,1,47.923147,26.299804
16221,DA26003873000012370304141307,2,45.154922,26.889197
860806,AP26002585000202669004141307,1,47.206822,23.071422
694401,DA26032393000211857404141307,2,46.12940699999999,25.609558000000003
821043,AP26001217000209826304141307,1,43.797945,25.449297
1951,DC26000141000008805304141307,2,45.017115,23.2612
849512,AP26001699000103001004141307,1,45.226573,26.331805
534939,DA26026278000208852304141307,2,47.055213,22.213304
-1,EC26006447004000815004141307,7,46.51599884033203,24.52090072631836
9346,DC26007891000003472604141306,2,44.176693,25.195676000000002
812722,DC26008928000013428004141306,2,44.567986,23.710251
837762,AP26001247000410035904141306,1,45.950537,26.778298
18334,DC26000214000807717304141306,2,44.898033,25.445446
334,DC26001864000200428804141306,2,44.649666,22.678268
786264,DA26034011000212769304141306,2,46.160328,22.754694
1443,DC26000946000302200004141306,2,47.753457,23.264216
886242,AP26006438001613173904141306,1,46.641084,25.005256
885824,AP26001385000211394504141306,1,46.562453,25.053384000000005
861,DC26008373000001551204141305,2,47.14961,27.60179
865117,AP26006395000903433404141305,1,46.444053,24.922846000000003
739474,AP26002934000308932704141305,1,46.50376,22.235099
3706,DA26001923000201514604141305,2,46.09736999999999,21.664234000000004
874302,DC26019742000007103304141305,2,45.323739,21.868282
7020,DA26004139000400198004141305,2,46.409518999999996,21.634183000000004
821043,AP26001217000209826304141304,1,43.797945,25.449297
804726,AP26001198000404043504141304,1,44.063623,27.818482
1837,DC26003609005401699104141304,2,45.855445,25.942212
3688,DA26005938002206301604141304,2,47.08328600000001,22.221865999999995
876411,AP26002598000101435504141304,1,47.163338,22.754821
880505,AP26001422000305126204141304,1,47.375207,22.373915
231898,DC26021492000113404704141304,2,44.71886,25.83492
3410,DC26007366002701973904141304,2,44.199356,27.345894
885996,AP26003798001809951904141304,1,45.811792,26.200453999999997
9927,DA26006210000207260704141304,2,45.25331400000001,26.364537
611009,DC26002036000000127504141303,2,46.213414,21.290718
5531,DA26001033000100431804141303,2,46.41339,26.48017
841552,AP26001428000402743104141303,1,45.88387600000001,25.680951000000004
200346,DC26019697000009918904141303,2,44.446566,25.880291
293881,DA26024556000712279104141303,2,46.608448,22.421775
2962,DA26003773000208410304141302,2,45.858276,26.177050999999995
2211,DC26007511000111377404141302,2,45.66093,25.546303000000005
853407,AP26005107001900508504141302,1,45.056611,25.036217000000004
4052,DC26005065002810495904141302,2,45.045353,24.703003999999996
13286,DC26006122000500764004141302,2,47.671322,22.46459
24688,DC26004167000009629104141302,2,46.32935,27.017058000000002
872630,AP26009123000103492204141302,1,46.795763,24.661755
10820,DC26007897000101103604141302,2,46.078983,25.576713
750871,DA26006457000202573904141302,2,46.13858100000001,20.571861
1365,DA26008709000101446104141302,2,44.662943000000006,26.784302
867793,AP26004305001201714104141302,1,46.207467,26.235603
676310,DA26002337000000400004141302,2,45.03436200000001,21.685575
876918,AP26002689000206991604141302,1,47.341392000000006,22.219065
42127,DC26002613000209934004141302,2,46.319172,23.728606
12091,DA26007722000102659404141302,2,43.925956,25.364393
327612,DC26000141000008816204141302,2,46.24515399999999,27.680933
886314,DC26035574000213475204141301,2,46.819531,21.670974
739474,AP26002934000508932704141301,1,46.50376,22.235099
848637,AP26001413000301170204141301,1,46.234552,24.989661
881537,AP26002816000401754804141301,1,46.500344000000005,22.039582
93966,DA26018117000206493904141301,2,43.99265499999999,25.027942
7182,DC26000520004912172504141301,2,45.965888,23.549066
10362,DC26006983000010269104141301,2,44.74388100000001,26.132317
3652,DC26009512001001818004141301,2,44.335972,24.688614
4700,DC26004951000100468104141301,2,45.227284,26.400839
4430,DA26003798000210064404141301,2,45.872401,26.18813
10898,DA26005476001801796004141301,2,45.466467,24.317875
762004,DC26013593000004911204141300,2,45.436529,22.227588
821043,AP26001217000109826304141300,1,43.797945,25.449297
4971,DA26003534000102229104141300,2,46.515229,25.156189
437263,DA26004619000402095604141300,2,45.078837,27.285625999999997
21128,DA26010167000211520204141300,2,46.554876,25.770653
879009,AP26002689000204735304141300,1,47.376662,22.299436
7153,DC26002834000100618704141300,2,47.468666000000006,23.29566
3213,DC26003729000106757704141300,2,44.577357,27.388917000000003
479,DA26001645000102621104141300,2,45.417326,23.360394
853407,AP26005107001600508504141259,1,45.056611,25.036217000000004
806172,AP26000084000201687104141259,1,47.925319,26.296517
1582,DC26006782000000856504141259,2,46.527549,24.535513
856,DC26008373000002553804141259,2,45.70376,21.18262
882187,AP26006716001300849304141259,1,46.686283,26.026065
886242,AP26006438001513173904141259,1,46.641084,25.005256
6474,DA26007943000106612604141259,2,44.398647000000004,28.661483
161883,DC26014911000005319104141259,2,47.896441,22.966138
511152,DA26029465000310542904141259,2,46.753005,23.847456000000005
873868,AP26002383000303362704141259,1,46.002846,21.669527
883693,AP26002595000302324604141259,1,47.103866,24.103812
5031,DA26000139002202234304141259,2,44.767597,25.235977000000002
9556,DC26004696000102843304141259,2,45.550406,27.500879
579279,DC26000141000003214704141259,2,46.175145,21.373896
883074,AP26003955000301664404141258,1,46.954146,23.954037
51270,DA26014067000205843404141258,2,47.69324,22.44008
19415,DA26008771000105234904141258,2,44.613399,26.126722
821043,AP26001217000109826304141258,1,43.797945,25.449297
739474,AP26002934000708932704141258,1,46.50376,22.235099
19823,DC26011869000203653904141258,2,46.541268,25.499601
867791,AP26004305000301714104141258,1,46.206584,26.235169
1404,DA26006827000900861504141258,2,46.967467,25.730377
293881,DA26024556000612279104141258,2,46.608448,22.421775
17156,DC26004665001203130504141257,2,46.331885,25.507316
20500,DA26004446000003968404141257,2,46.11721,24.25458
732990,DA26002089000010449604141257,2,44.560294,24.268658
8549,DC26009041000102749404141257,2,46.513958,24.611005
869478,AP26001218000100951704141257,1,44.769609,27.860744
718011,DA26004348000112287804141257,2,44.387587,28.383872
2532,DC26009397000201752504141257,2,47.777121,22.859472
878853,AP26004176000303971204141257,1,47.353987,22.975906999999996
11275,DC26004070000003008704141256,2,45.18847400000001,28.816635
1404,DA26006827000900861504141256,2,46.967467,25.730377
7755,DC26000132000002825504141256,2,44.60597,25.54895
76,DC26004000000600148604141256,2,44.448741000000005,26.165429
5541,DC26005735000000684804141256,2,45.713222,25.783891
840450,AP26001877001110693904141156,1,44.70757,22.26882
2290,DA26001023000613019604141256,2,47.930254,23.936461999999995
10585,DC26006620000000836904141256,2,46.657835,24.921181
208164,DA26000393000112670604141256,2,43.990353,28.627516
834257,DC26003990000001634504141255,2,46.837632,27.46313
821043,AP26001217000209826304141255,1,43.797945,25.449297
883105,AP26001447000300564504141255,1,45.909489,25.65819
381618,DC26026438000212972704141255,2,44.063610000000004,27.701994
29105,DA26006597000300833404141255,2,46.12842800000001,25.551125
8471,DC26010201000003148704141255,2,47.245741,22.770259
2563,DA26002823000500100704141255,2,46.58698999999999,22.517418000000003
5034,DC26001963000000604104141255,2,47.58322,23.409006
6701,DA26005957000304250204141255,2,47.666406,22.946072
1902,DC26005172000900520804141255,2,46.953464,25.097692
93966,DA26018117000306493904141255,2,43.99265499999999,25.027942
21480,DC26010901000105236004141255,2,44.216451,27.459412
797780,AP26024155000110067804141255,1,47.719273,26.572646
12726,DC26006096000210090604141254,2,47.675052,22.479326
889379,AP26001428001907447904141254,1,46.301487,25.653272
2241,DC26002091000101766704141254,2,47.132453,21.910287
863152,AP26002583000603439204141254,1,47.348606999999994,22.722506
867791,AP26004305002201714104141254,1,46.206584,26.235169
1515,DA26006544000100826204141254,2,45.020304,24.282805
23718,DA26001568000300380804141254,2,45.623903000000006,25.707908
875240,AP26002755000113291304141254,1,44.729118,26.011033
755445,AP26027640000711000804141254,1,46.434576,25.494643
2540,DC26000937000400190504141254,2,46.995838,26.419278000000002
10898,DA26005476001601796004141254,2,45.466467,24.317875
8357,DC26010110000006342104141254,2,46.54989,23.892709
619084,DA26011293000303389204141254,2,46.663920999999995,25.563594
12565,DA26006014000200743404141254,2,47.975764,23.023987
265981,DC26007318000000958704141254,2,44.12762,28.600230999999997
2263,DC26004261000000254604141254,2,47.146943,22.873221
19852,DA26008554000208233504141253,2,43.862632999999995,25.445155
206889,DA26009904000302008604141253,2,45.035134,21.678051999999997
9583,DC26010554000004334904141253,2,43.947667,28.086504
884564,AP26002598000201426104141253,1,47.13696,22.930123
879278,AP26004973001306668904141253,1,44.320952,22.776428999999997
737702,AP26008235002402814404141252,1,45.721948,26.353298
5809,DC26006127000002390004141252,2,47.824112,22.943358
840986,AP26001699000103001004141252,1,45.233945,26.322047
22814,DA26011420000003460704141252,2,44.118213,24.490859
864859,AP26001196000502270004141252,1,44.480234,26.357571
840450,AP26001877001310693904141152,1,44.70757,22.26882
5120,DC26007941000001903404141252,2,44.41121999999999,27.814529000000004
17156,DC26004665001103130504141252,2,46.331885,25.507316
7182,DC26000520005212172604141252,2,45.965888,23.549066
865396,AP26003629001203301204141252,1,46.88670299999999,22.444185
879278,AP26004973002412127204141252,1,44.320952,22.776428999999997
196,DC26004190000213277204141252,2,47.202329999999996,23.05537
2518,DC26007282000501804904141251,2,44.34211,26.163469000000003
806395,AP26008511000304759404141251,1,44.028151,25.182683
844887,AP26008207000501241704141251,1,46.253502,25.624062
25720,DA26012511000504209004141251,2,46.307544,25.944878
874790,AP26002383002401634304141251,1,45.991672,21.718555
10404,DC26007860000301081104141250,2,46.047948,26.319296999999995
192243,DA26019692000410130504141250,2,45.093928,26.77932
1934,DC26000622005012779304141250,2,47.854477,25.969456999999995
868715,AP26001415000102455904141250,1,46.608077,22.618152
8835,DC26002638000102771104141250,2,46.623938,27.730258000000003
864859,AP26001196000502270004141250,1,44.480234,26.357571
884525,AP26001284000210355804141250,1,46.491243,25.047206
888953,AP26002209001201213404141250,1,46.167329,25.624756
854808,AP26001464000202947804141249,1,47.852813,23.550691
28708,DC26003676000006814204141249,2,44.226771,24.343017
2073,DC26005291000005666704141249,2,44.972869,26.019785
4840,DC26000325000302179204141249,2,45.226076,25.639504
31355,DA26013376000212739204141249,2,46.558255,25.130687
868908,AP26001385000201396304141249,1,46.528602,25.053834
11846,DA26008515000101346804141249,2,44.01774,24.81895
3250,DC26009198000102512704141248,2,43.838358,25.142257
11926,DA26010197000303038704141248,2,46.342025,25.810457
840450,AP26001877001210693904141148,1,44.70757,22.26882
879278,AP26004973001106668904141248,1,44.320952,22.776428999999997
7066,DA26002926000202571104141248,2,46.659934,24.936513
865,DC26008373000001595704141248,2,44.383981,26.001914
20735,DC26005965003400732904141248,2,45.107548,23.841814
822637,AP26024155000210067804141248,1,47.721899,26.584723
864859,AP26001196000502270004141247,1,44.480234,26.357571
430629,DA26001171000009753604141247,2,45.00367500000001,25.637052
829600,AP26001415000302476504141247,1,46.684244,21.698949
11501,DC26007510000000994904141247,2,45.016861,23.265118
3731,DC26007635000312102304141247,2,44.25548799999999,28.272035
876411,AP26002598000201435504141247,1,47.163338,22.754821000000003
737702,AP26008235001802814404141247,1,45.721948,26.353298
3184,DA26003629001602564604141247,2,46.820474,22.382223
617469,DC26031493000311183404141247,2,44.267809,28.284518000000002
14505,DA26005395000200551704141247,2,46.97888700000001,21.856561
877810,AP26001742000701042604141246,1,44.499042,22.794000999999998
885436,AP26001803002300072404141246,1,47.106416,22.426768
3706,DC26001923000309990004141246,2,46.09736999999999,21.664234000000004
889301,AP26001588000306245004141246,1,46.610552,25.082876
286721,DC26018864000006729904141246,2,44.905933,23.529462
2405,DA26008560000201764804141246,2,46.40747000000001,26.461463999999996
4964,DA26000315000402190604141246,2,45.208181,26.041621000000003
879657,AP26006492001300819204141245,1,47.404149999999994,23.066693
21992,DC26002956000007318904141245,2,46.164042,24.344188
6811,DC26000383000200499504141245,2,44.990869,25.719665000000003
706738,AP26001201000501232104141245,1,44.43069,25.674637
578021,DA26001771001212303104141245,2,46.77996099999999,24.737994
367709,DA26000318000400665604141244,2,46.7106,23.339700000000004
864859,AP26001196000502270004141244,1,44.480234,26.357571
9869,DC26010594000202877404141244,2,44.875953,24.042264
430629,DA26001171000009753604141244,2,45.00367500000001,25.637052
840450,AP26001877001310693904141144,1,44.70757,22.26882
11047,DC26008372000012404704141244,2,45.926528,25.798387
863152,AP26002583000603439204141244,1,47.348606999999994,22.722506
1837,DC26003609005301699104141244,2,45.855445,25.942212
370631,DA26026287000208853904141244,2,46.65661599999999,24.903811
438656,DC26005795000300700104141244,2,45.69044399999999,25.590884
9388,DC26004037000000169304141244,2,47.039832,21.898085
3731,DC26007635000312102304141244,2,44.255488,28.272035
879009,AP26002689000104735304141244,1,47.376662,22.299436
866427,AP26001422000405003704141244,1,46.493731,22.151907000000005
1243,DC26004803000200425704141244,2,45.269031,27.918787
426029,DC26027938000209660804141243,2,44.710598,25.307813
54243,DA26016486000205841404141243,2,44.117207,25.329292999999996
882306,AP26019752001809111804141243,1,46.191719,21.767805999999997
13286,DC26006122000300764004141243,2,47.671322,22.46459
5541,DC26005735000000684804141243,2,45.713222,25.783891
8489,DA26002644000111333204141243,2,44.901089000000006,25.510403999999998
6308,DA26002908000500223504141243,2,45.848909,22.176531999999998
5031,DA26000139000102234304141243,2,44.767597,25.235977
9091,DC26005638000000648304141242,2,45.38148900000001,21.737490999999995
1943,DC26000141000008807804141242,2,44.473696,26.162481
872862,AP26001753001513424404141242,1,46.678097,25.090529
884525,AP26001284000310355804141242,1,46.491243,25.047206
876618,AP26009962000902119004141242,1,45.86536900000001,22.628564
873532,AP26024571000208322204141242,1,46.202863,26.592417
879278,AP26004973002412127204141242,1,44.320952,22.776428999999997
9784,DC26007723000001034004141242,2,46.169461,24.377335
1537,DA26008140000101557104141242,2,46.413918,25.378963
789128,AP26010005000403245504141241,1,46.606039,25.284813
852212,DA26001171000105150604141241,2,45.13725,25.402294
864859,AP26001196000502270004141241,1,44.480234,26.357571
816110,AP26001405000301790904141241,1,46.804995999999996,22.346031
673539,DC26007182000009752004141241,2,45.690361,25.622836
455,DA26001447000300565404141240,2,45.962861,25.56012
873157,AP26001211000401434104141240,1,44.704542,27.895175
8840,DC26004424000100304404141240,2,45.145564,26.854428
5223,DC26007198000100935804141240,2,45.96415,26.03506
428,DA26007191000105789104141240,2,46.073822,25.571952999999997
866597,AP26001699000003001004141240,1,45.230931,26.339321
879657,AP26006492001600819204141240,1,47.404149999999994,23.066693
872862,AP26001753001413424404141240,1,46.678097,25.090529
640905,DA26031782000111302204141240,2,47.024081,26.867888
877083,AP26002725000405466104141240,1,46.114006999999994,21.885577
814906,DA26034330000112732504141239,2,45.764,21.234
6121,DC26002666000202219304141239,2,44.928956,25.434502999999996
875390,AP26008739000301456904141239,1,46.126614999999994,21.960493
1822,DC26003538004301637204141239,2,46.884625,25.450135
45989,DC26011647000504025904141239,2,46.319333,25.317403
3734,DC26008087000301184904141239,2,44.452621,26.163489
1892,DC26000141000010328904141239,2,45.767216,21.236519
20005,DA26006606001000834204141239,2,46.450076,25.396371
811145,AP26000429000300422004141239,1,44.202314,24.3965
3250,DC26009198000013138104141239,2,43.838358,25.142257
23034,DA26009746000208073904141238,2,44.417675,27.829117
876580,AP26002305001511335004141238,1,46.210817999999996,26.560174
883585,AP26002272000206566204141238,1,46.63774,22.171963
640897,DA26018486000606615204141238,2,47.717572999999994,23.34651
578021,DA26001771001712303104141238,2,46.779961,24.737994
887193,AP26002869000501215104141238,1,46.283671,22.66531
239417,DC26006973000008303404141238,2,44.403742,24.274108
-1,EC26005417004100558404141237,7,47.097999572753906,21.863500595092773
888953,AP26002209001101216604141237,1,46.167329,25.624756
1837,DC26003609005001699104141237,2,45.855445,25.942212
873157,AP26001211000401434104141237,1,44.704542,27.895175
865807,AP26001621002200217204141237,1,46.075922,25.129113
490,DC26002209000001237604141237,2,46.125304,25.602832
406468,DC26027439000009488304141237,2,45.85850200000001,27.915871
586,DC26006925000200871904141237,2,46.536549,25.496284
6122,DA26000586000409321104141237,2,45.100659,26.050985
1443,DA26000946000102200004141236,2,47.753457,23.264216
5305,DA26008100001002349604141236,2,46.36521,25.547944
581366,DC26030877000011767204141236,2,44.647411,25.574266000000005
186605,DC26002903000200139304141236,2,46.187377,21.373114
879009,AP26002689000204735304141236,1,47.376662,22.299436
505947,DC26029378000110143204141236,2,47.102295,27.560038000000002
868838,AP26001468000002271204141235,1,48.006917,23.104424
2549,DC26001780001000072004141235,2,47.070788,22.182215
869316,AP26012457001411267204141235,1,46.12847200000001,26.115165
838524,AP26001510000201679104141235,1,46.924883,22.550418
607458,DA26025232000608496104141235,2,45.895919,20.614654
5087,DA26002083001100392904141235,2,46.932296,25.328161
18487,DC26004940000003700504141235,2,45.186779,26.749766
6882,DC26004377000302993404141234,2,45.193683,26.743167
126,DC26002220000704812004141234,2,46.63451,27.057504999999995
450366,DC26028454000009844804141234,2,46.430301,24.824864
4430,DC26003798000100085304141234,2,45.872401,26.18813
7970,DA26002189000103223404141234,2,46.362097,25.296616
16747,DC26000165000000779604141234,2,46.317446,27.396916
865750,AP26001558000300579204141234,1,45.935712,25.472895000000005
210427,DA26020268000407268504141234,2,45.80318400000001,21.279002
455544,DC26006420000002948804141234,2,47.21876699999999,22.887777
13286,DC26006122000511537704141234,2,47.671322,22.46459
1439,DA26000946000108501804141233,2,47.768334,23.285126
883585,AP26002272000206566204141233,1,46.63774,22.171963
5087,DA26002083001100392904141233,2,46.932296,25.328161
5245,DA26005228000100556404141233,2,47.698568,22.650161
876411,AP26002598000101435504141233,1,47.163338,22.754821
32,DA26003657000601634204141233,2,45.859681,26.156623
863986,AP26001175000906800404141233,1,46.67721600000001,25.305744
1267,DA26001914000401485804141233,2,46.076293,21.695095
467865,DC26000141000010047304141233,2,44.32964,23.77241
864169,AP26002165003301049604141232,1,46.062943,25.897076
24766,DA26007538000306075004141232,2,43.91509,25.362025
880113,AP26001317001602452404141232,1,46.016097,26.394438999999995
15476,DC26007869000302224004141232,2,44.18255200000001,28.597269999999998
3922,DA26002939000002139204141231,2,45.619724999999995,28.051767
862392,AP26001413000301163304141231,1,46.19544,25.4627
569655,DA26026452000213268204141231,2,46.198104,21.345685
1863,DC26000141000009634304141231,2,45.678571,25.589004
876580,AP26002305001511335004141231,1,46.210817999999996,26.560174
136267,DC26002531000107281604141231,2,46.978995,21.858574
311355,DA26014530000205206604141230,2,47.904724,22.907577
5682,DA26003165000102368804141230,2,47.693419,22.414347000000003
4153,DC26007964000102256404141230,2,44.97414899999999,26.018199999999997
15305,DC26000234000113178804141230,2,45.006657,25.299382999999995
8549,DC26009041000002749404141230,2,46.513958,24.611004999999995
1973,DC26000141000008814904141230,2,47.041279,21.899443
5148,DC26007468000112265404141230,2,45.059032,26.24299
835560,AP26001245000200231604141230,1,46.595672,27.294024
4779,DA26006680000102136404141229,2,46.44984,25.84415
873157,AP26001211000401434104141229,1,44.704542,27.895175
869086,AP26001175000002028404141229,1,46.633645,25.482992
5121,DC26003540000300737804141229,2,47.051686999999994,22.045638
5738,DC26000431000002368504141229,2,45.563167,21.232088
161,DC26005612000006108404141229,2,44.800626,24.737864
16112,DA26007594000109666404141229,2,44.39374899999999,25.816734
568313,DA26030561000010670004141229,2,45.052054,26.761991
213093,DC26010179000102606504141229,2,45.83658499999999,25.004107
560467,AP26002594000501574104141229,1,46.527748,22.136864
868677,AP26001299000308573104141229,1,46.00946100000001,25.812687
652878,AP26001888000402895704141229,1,45.134237,22.685393
16596,DC26001796000106406404141228,2,44.677099,23.377045
755001,AP26001299000812864804141228,1,45.816597,25.725105
878298,AP26007187001900934704141228,1,45.094238,25.731498
20927,DA26011591000303513704141228,2,43.899376,25.361731000000002
889378,AP26001424000502720904141228,1,46.357351,25.591285
809096,AP26001478000103289404141228,1,47.720413,22.325399
865807,AP26001621002100217204141227,1,46.075922,25.129113
1902,DC26005172001600520804141227,2,46.953464,25.097692
862998,AP26002098000103216104141227,1,46.163323,21.16918
887298,AP26000114000001051104141227,1,45.036746,25.306863
873157,AP26001211000401434104141227,1,44.704542,27.895175
208164,DC26000393000012670604141227,2,43.990353,28.627516
7707,DC26003051000100140404141227,2,46.213414,21.290718
412341,DC26009846000001976504141226,2,45.330861,21.865139
6525,DC26002059000010825204141226,2,45.75914,25.555143
263125,DC26019719000007086604141226,2,47.22504899999999,22.399226
1872,DC26000141000009689004141226,2,44.636017,22.679172
858,DC26008373000009025504141226,2,46.746367,23.590752
2133,DC26003247000100179804141226,2,47.33708099999999,22.332064
16489,DC26006988000002049004141226,2,44.435343,25.959586
18107,DC26007401000104453704141226,2,44.916772,24.454488
300,DC26001263000000231704141225,2,45.440496,28.036581
887193,AP26002869000501215104141225,1,46.283671,22.66531
488976,DA26029237000410093104141225,2,44.686291000000004,25.586686
8658,DC26006978000010692904141225,2,44.38308,25.991517
6465,DC26008814005801492704141225,2,47.09851799999999,24.35888
6458,DC26010193000306635904141225,2,44.65710099999999,25.55157
886314,DC26035574000013475204141225,2,46.819531,21.670974
862227,AP26003955000201715204141224,1,46.989115,23.645223
416470,DA26027708000109577704141224,2,44.793565,28.507024
868647,AP26001415000802452304141224,1,46.541783,22.552936
600,DA26000141000308818404141224,2,45.176783,28.7677
1246,DC26007604000011111004141224,2,44.167865,28.643708
288408,DA26024491000308305304141224,2,44.097613,25.328805
23718,DA26001568000300380804141224,2,45.623903000000006,25.707908
847451,AP26001957000801817904141224,1,46.660903999999995,25.132346
866885,AP26001877001401810704141224,1,45.128363,22.493906999999997
300,DC26001263000001063904141223,2,45.440496,28.036581
871293,AP26002743000002437304141223,1,45.018631,25.594084999999996
835560,AP26001245000400231604141223,1,46.595672,27.294024
11982,DA26009933000002053004141223,2,44.672866,26.55013
2549,DA26001780000300072004141223,2,47.070788,22.182215
6805,DA26008342000101290704141222,2,44.124007,25.020754999999998
539,DC26000976005405216804141222,2,47.377521,24.392039999999998
872826,AP26001630000300359304141222,1,46.56548999999999,24.941842999999995
847450,AP26001957001013510504141222,1,46.668119,25.142847
6073,DC26009198000009254004141222,2,43.654573,25.383243000000004
868819,AP26001284000602485004141222,1,46.499807,25.353341
1842,DC26003990000101631104141222,2,46.64120499999999,27.715474
856088,AP26007181001500934104141222,1,45.731393,25.963869
132,DA26006684000109625204141222,2,46.93894,25.369038
149736,DC26000249000002385904141222,2,44.636056,22.696543
713870,AP26000123002102327804141221,1,45.407433,26.080080999999996
885436,AP26001803002400072404141221,1,47.106416,22.426768
813656,AP26001439000301108804141221,1,46.484361,25.538099
787967,AP26002601000311182204141221,1,47.329474,23.721419
4109,DA26005187000202074804141221,2,45.186896,26.84604
870576,AP26001299000701701304141221,1,46.167608,25.768919
868677,AP26001299000308573104141221,1,46.00946100000001,25.812687
48486,DC26016231000206846504141221,2,45.187667,26.190499
293881,DA26024556000812279104141220,2,46.608448,22.421775
270222,DA26003585000212547904141220,2,46.370591,25.770251
884288,AP26006601002502508804141220,1,45.669377,26.469138
2890,DA26000239002500722504141220,2,46.01532699999999,23.537850000000002
856119,AP26028036001110048904141220,1,46.938696,23.107663
3071,DA26007046000200891304141220,2,46.407682,24.705114
57853,DC26016899000106778404141220,2,47.65202,23.601072
864222,AP26000353000301108504141220,1,44.976794000000005,25.521691
1837,DA26003609002112222104141220,2,45.855445,25.942212
22814,DA26011420000103460704141220,2,44.118213,24.490859
4964,DA26000315000402190604141220,2,45.208181,26.041621000000003
889204,AP26002595000302379604141220,1,47.336423,22.929373
12321,DA26008501000301343404141219,2,43.990815,25.279275
490,DC26002209000301376104141219,2,46.125304,25.602831999999996
835560,AP26001245001400231604141219,1,46.595672,27.294024
873332,AP26001196000102264504141219,1,44.503513,26.377844
6105,DC26000348000000246204141219,2,45.330255,25.554847
5099,DA26004625000400371204141219,2,45.269736,27.943932
1880,DC26003990000111244504141219,2,46.623462999999994,27.751804000000003
865590,AP26002126001300323904141219,1,46.124799,22.022914
866532,AP26006393002802236004141219,1,46.98915,25.109747
6425,DC26010049000002575604141219,2,44.251773,27.580289
13303,DC26006327000110907304141219,2,44.894215,24.819273999999997
867128,AP26001196000302323904141218,1,44.475164,26.275469
1822,DC26003538005001637204141218,2,46.884625,25.450135
873378,AP26007174002300933004141218,1,46.173327,26.290427000000005
866885,AP26001877001401810704141218,1,45.128363,22.493906999999997
13902,DA26007765000301045604141218,2,44.239433,26.47171
798967,DA26033726000212440904141218,2,44.186283,24.654771999999998
766271,AP26001394000106848004141218,1,46.533501,25.607127
801642,AP26010840000203816404141217,1,47.328875000000004,22.605003
270222,DC26003585000000050204141217,2,46.370591,25.770251
428,DA26007191000305789104141217,2,46.073822,25.571952999999997
881125,AP26002598000301558104141217,1,47.325864,22.659304000000002
413221,DA26027640000209551304141217,2,46.36236,25.515838
796174,AP26000142000206881104141217,1,44.72252799999999,25.426117
13286,DC26006122000011537704141217,2,47.671322,22.46459
1468,DA26006733000000851504141217,2,44.03463200000001,23.354063
876523,AP26001415000302426304141217,1,46.852539,22.275396
868647,AP26001415001002452304141217,1,46.541783,22.552936
8658,DC26006978000010692904141217,2,44.38308,25.991517
3031,DC26000135000600767804141217,2,46.607494,26.85946
567028,DA26030539000010619004141217,2,44.980411,26.453989000000004
14513,DA26003867000100227004141217,2,44.446611,24.341965
850,DC26008373000001839404141216,2,44.340294,23.765042000000005
25720,DA26012511000604209004141216,2,46.307544,25.944878
678,DC26000141000008780804141216,2,45.325762,21.86593
134455,DC26018855000506725604141216,2,44.27617999999999,23.809520000000003
856580,AP26003781000602542404141216,1,46.353292,26.07522
863355,AP26000084000101707204141216,1,48.140633,26.348238999999996
17369,DC26002382000703690504141215,2,47.746885999999996,23.091857
578021,DA26001771001212303104141215,2,46.77996099999999,24.737994
856,DC26008373000001623404141215,2,45.70376,21.18262
9388,DC26004037000100169304141215,2,47.039832,21.898085
862998,AP26002098001203216104141215,1,46.163323,21.16918
859896,DA26009896000102005204141215,2,43.653702,25.357735
5287,DC26009911000002010704141215,2,46.230952,24.837323
838524,AP26001510000301679104141215,1,46.924883,22.550418
544,DC26000665000205361604141215,2,47.20821900000001,27.510606
42127,DC26002613000409934004141215,2,46.319172,23.728606
888063,AP26000865001301520404141215,1,47.371081,24.706921000000005
17399,DC26005308000100687604141214,2,44.99336400000001,24.912486
787969,AP26002601000211182204141214,1,47.326567,23.730567
15046,DC26005278000300534504141214,2,44.870123,24.891411
858639,AP26000094001900584304141214,1,45.308236,25.557914
568313,DC26030561000010635204141214,2,45.052054,26.761991
1193,DC26006935000100872804141214,2,46.361682,25.786838
874459,DC26004031000009992804141214,2,47.350662,22.810308000000003
12185,DA26010640000202923904141214,2,46.497861,25.750666
879858,AP26001299001702636004141214,1,46.063588,25.789817
5809,DC26006127000102829404141213,2,47.82411199999999,22.943358
1822,DC26003538004901637204141213,2,46.884625,25.450135
873775,AP26001285000400933504141213,1,45.880833,24.213828
884364,AP26003643001900061904141213,1,46.444458,25.243034000000005
807374,AP26000500000701446604141213,1,46.131827,23.337895
24688,DC26004167000000768404141213,2,46.32935,27.017058
880076,AP26003123001101770404141212,1,45.986342,21.630192000000005
2405,DA26008560000201764804141212,2,46.40747000000001,26.461463999999996
1837,DA26003609001312222104141212,2,45.855445,25.942212
746690,DA26010803000403473204141212,2,44.367032,26.353438999999998
21247,DC26000311000012450504141212,2,45.419417,25.544843
446288,DC26028317000009781804141212,2,46.550523,23.892956
6700,DC26010147000002763304141212,2,44.56127,23.49629
868647,AP26001415000902452304141212,1,46.541783,22.552936
889204,AP26002595000302379604141211,1,47.336423,22.929373
4779,DA26006680000102136404141211,2,46.44984,25.84415
208164,DC26000393000007325004141211,2,43.990353,28.627516
7017,DC26005420000300560504141211,2,46.617533,25.565093
2606,DC26003544000011297704141210,2,47.313455,22.337472
694401,DA26032393000211857404141210,2,46.12940699999999,25.609558000000003
13966,DC26011036000003249304141210,2,46.291362,25.040218
2211,DC26007511000111377404141210,2,45.66093,25.546303
884288,AP26006601002202508804141210,1,45.669377,26.469138
729025,DA26003520000703691304141210,2,45.712299,25.783257000000003
479,DA26001645000202621104141210,2,45.417326,23.360394
837780,DA26034514002012827004141210,2,44.65376799999999,25.578615
884364,AP26003643001800061904141210,1,46.444458,25.243034000000005
136870,DA26017976000306433604141210,2,46.010134,22.239335999999998
816944,AP26002776000003200004141210,1,46.169147,23.396404
866885,AP26001877001501810704141209,1,45.128363,22.493906999999997
8263,DC26000569000000154504141209,2,44.99927499999999,26.018737
1958,DC26000141000008780104141209,2,44.404998,26.200783
37832,DC26011361000405368604141209,2,45.030411,26.018095
260606,DC26023411000008171704141209,2,44.391719,25.895722000000003
43655,DA26003222000401807204141209,2,46.332894,22.04845
13526,DC26001140000200387604141209,2,44.25243,23.916491
51270,DA26014067000205843404141209,2,47.69324,22.44008
3580,DC26000910000101989304141209,2,43.850476,25.425151
7010,DA26000874000100178304141209,2,43.983798,22.946063
867401,AP26000353000112674504141209,1,44.801579,25.384045
873378,AP26007174001300933004141209,1,46.173327,26.290426999999998
20820,DC26001831000101300704141209,2,46.632766,27.592645
810,DA26006564000210480604141209,2,47.158208,22.726786
880058,AP26008650000301417604141209,1,44.774425,27.856193
428,DC26007191000205789104141209,2,46.073822,25.571953
5940,DA26005052000603856604141209,2,47.656839,23.625363000000004
887510,AP26003968000006192104141209,1,47.179521,23.063351
475741,DA26029013000110026104141208,2,47.181925,24.258743
23118,DC26007493000511012904141208,2,43.848751,24.646182999999997
6700,DC26010147000002763304141208,2,44.56127,23.49629
706738,AP26001201000501232104141208,1,44.43069,25.674637
640528,DA26004425002200304704141208,2,45.841953,21.958625
593880,DC26030291000210511004141208,2,46.355,21.4868
806463,AP26031798000311311104141208,1,47.039073,23.359351
370631,DA26026287000208853904141207,2,46.65661600000001,24.903811
568313,DA26030561000010670004141207,2,45.052054,26.761991
837804,AP26001394000606848004141207,1,46.542163,25.600053
341,DC26007199000100936104141207,2,44.352358,25.957408
2606,DC26003544000011297704141207,2,47.313455,22.337472
850504,AP26025421000508542804141207,1,46.644297,27.755479999999995
848659,AP26001299000103159904141207,1,45.88504,25.733448
8549,DC26009041000002749404141206,2,46.513958,24.611005
17684,DC26004213000010966604141206,2,46.216003,28.015528
866019,AP26006879000501578104141206,1,46.293283,25.996164
863660,AP26002050001302560404141206,1,46.45394100000001,24.991817
300,DC26001263000001063904141206,2,45.440496,28.036581
19852,DA26008554000408233504141206,2,43.862632999999995,25.445155
770119,DC26032448000111644804141206,2,46.078742,21.693391
352180,DC26025938000008696504141206,2,45.236217,26.863992
276138,DA26023985000108169104141205,2,45.517716,21.137781
5831,DA26001199000100306804141205,2,44.23644099999999,23.786615
7152,DA26008165000302876204141205,2,46.545746,25.346135
494973,DA26002225000110094304141205,2,45.440314,28.035552999999997
370631,DA26026287000208853904141205,2,46.656616,24.903811
341,DC26007199000200936104141205,2,44.352358,25.957408
837780,DA26034514001512827004141205,2,44.65376799999999,25.578615
259228,DC26000141000008787504141205,2,45.619104,25.648646
841103,AP26003197000102853904141205,1,46.494633,23.634282
866885,AP26001877001501810704141205,1,45.128363,22.493906999999997
15245,DC26009006000101587704141205,2,45.772423,23.97904
4817,DC26003737000008463104141204,2,45.773991,24.177494
812722,DC26008928000313428004141204,2,44.567986,23.710251
3849,DC26006988000002297104141204,2,45.787379,21.223127
708363,AP26007632000001010404141204,1,45.040785,25.72906
883713,AP26001562000201201204141204,1,44.922769,24.338351
881961,AP26015986000105679704141203,1,44.11022599999999,25.676966000000004
45989,DC26011647000604025904141203,2,46.319333,25.317403
867247,AP26010655000209671904141203,1,47.141428,22.454697999999997
837804,AP26001394000706848004141203,1,46.542163,25.600053
916,DA26004384000209527004141203,2,46.351458,25.129271
549409,DA26030021006010380604141203,2,46.857105,25.430965
753140,DC26033492000412335604141203,2,44.486131,26.020797
866718,AP26001192000101490104141202,1,44.728895,26.137225
276143,DC26023985000008169104141202,2,45.603876,21.053486
341,DC26007199000000936104141202,2,44.352358,25.957408
451091,DA26008165000302876204141202,2,46.538341,25.346299
1966,DC26000141000008806304141202,2,47.78512,22.84004
883619,AP26001196000202279804141202,1,44.492836,26.36581
787966,AP26002601000311182204141202,1,47.331238,23.722204
2846,DC26003116000402864004141201,2,47.0541,21.86988
23034,DA26009746000208073904141201,2,44.417675,27.829117
2478,DC26005616000301815904141201,2,47.223794,23.007365000000004
870754,AP26030884000310837804141201,1,47.085567,27.71419
16693,DC26010739000006623704141201,2,44.214339,23.194571
9900,DA26001510000301667604141201,2,47.104617,22.404776
851937,AP26001439000312256604141201,1,46.458937,25.523171
455,DA26001447000300565404141201,2,45.962861,25.56012
578021,DA26001771001712303104141201,2,46.779961,24.737994
865822,AP26001467002302923204141201,1,46.875015999999995,22.361667999999998
40283,DC26014265000107225104141200,2,44.096746,23.314368
7871,DA26010301000102631604141200,2,45.78727,20.892289
879371,AP26001460000300506604141200,1,46.666871,24.685196
4060,DC26005065003502075804141200,2,45.125622,24.659729
695500,AP26001753001408992204141159,1,46.59303,25.079228
755001,AP26001299001012864804141159,1,45.816597,25.725105
189885,DA26016106000206361704141159,2,46.585836,25.084481999999998
819837,AP26029806000212259504141159,1,46.875809,21.808022000000005
5031,DA26000139002202234304141159,2,44.767597,25.235977000000002
7153,DC26002834000000618704141159,2,47.468666,23.29566
472,DC26008125000001229604141159,2,43.935284,25.976912
575871,DC26030813000013380604141159,2,44.894217,24.819273999999997
467476,DC26007303000100954304141159,2,46.821322,25.536748
884846,AP26002585000202706904141159,1,47.06285,23.258968
31355,DA26013376000212739204141159,2,46.558255,25.130687000000005
694401,DA26032393000511857404141159,2,46.12940699999999,25.609558000000003
293881,DA26024556000712279104141159,2,46.608448,22.421775
386664,DA26021363002707555404141159,2,46.984187,25.827484
251727,DA26007943000108717804141158,2,44.398745,28.661484
880309,AP26001192000001548004141158,1,44.671606,26.249021
5738,DC26000431000002368504141158,2,45.563167,21.232088
5047,DC26005523000200598904141158,2,45.289545,22.274587
879176,AP26001394000600164404141158,1,46.577418,25.640567
2248,DC26004533000100335504141158,2,45.26872,27.938676
873750,DA26002165003401049604141158,2,46.194025,25.913122
888763,AP26012929000304336404141158,1,44.306576,23.681615000000004
3248,DC26007578000101001904141158,2,44.13774,25.319011
470374,DC26028858000009976504141158,2,44.373534,23.780842
6890,DA26001276000202452804141158,2,44.682508000000006,25.571859
852212,DA26001171000305150604141158,2,45.13725,25.402294
861713,AP26001201000010641504141157,1,44.487944,25.649321
880076,AP26003123000901770404141157,1,45.986342,21.630192000000005
889204,AP26002595000102379604141157,1,47.336423,22.929373
13902,DA26007765000201045604141157,2,44.239433,26.47171
7020,DA26004139000903443404141156,2,46.40951900000001,21.634182999999997
848679,AP26000123001002341604141156,1,45.209435000000006,26.214995
645134,DA26003850000202274604141156,2,45.41878,26.305670000000003
263125,DC26019719000007086604141155,2,47.22504899999999,22.399226
236,DC26004332000804179504141155,2,45.145015,26.854062
854128,AP26001357000401812804141155,1,46.727732,27.866546
875390,AP26008739000901456904141155,1,46.126614999999994,21.960493
4587,DA26000078000007036204141155,2,44.796778999999994,26.19568
134455,DC26018855000406725604141155,2,44.27617999999999,23.809520000000003
827440,AP26001461000302364804141155,1,45.905403,25.44705
813656,AP26001439000301108804141155,1,46.484361,25.538099
7182,DC26000520004712172504141155,2,45.965888,23.549066
732990,DA26002089000010449604141155,2,44.560294,24.268658
814876,DC26034330000012732604141154,2,45.231804,27.938825
5851,DC26008311000201280104141154,2,45.849821,22.167221
566,DA26008093000107325604141154,2,44.21745000000001,27.319158
7755,DC26000132000106677504141154,2,44.60596999999999,25.54895
421,DC26000607000002684504141154,2,45.136009,25.747919
7152,DA26008165000302876204141154,2,46.545746,25.346135
879056,AP26001544000202933904141154,1,44.644099,24.099513
880714,AP26010668001612415804141154,1,46.601992,25.395763
884564,AP26002598000101426104141153,1,47.13696,22.930123
875815,AP26000068002202446904141153,1,46.482533,27.341384
694401,DA26032393000511857404141153,2,46.129407,25.609558
1443,DA26000946000302200004141153,2,47.753457,23.264216
3940,DA26001302000002134004141153,2,45.55542499999999,28.035956
3707,DA26003844000100107904141153,2,45.426362000000005,26.304422
879506,AP26001439000501107204141153,1,46.36057400000001,25.442168999999996
4390,DA26004791000202133004141153,2,45.199457,26.736598000000004
530881,DA26029839000210311504141153,2,43.67155499999999,25.364414
820743,AP26001838000002290904141153,1,45.227516,26.602121
882298,AP26005218000503835604141153,1,47.538272,22.677792999999998
2890,DA26000239002300722504141152,2,46.015327000000006,23.537849999999995
829600,AP26001415000302476504141152,1,46.684244,21.698949
472,DC26008125000001229604141152,2,43.935284,25.976912
1902,DC26005172000900520804141152,2,46.953464,25.097692
866427,AP26001422000405003704141152,1,46.493731,22.151907000000005
14094,DC26006326000107767204141152,2,45.712237,25.78319
712018,AP26000988000301930704141152,1,44.69225500000001,24.31228
181,DC26001998000202537804141152,2,47.077675,21.799010999999997
3213,DC26003729000106757704141152,2,44.577357,27.388917000000003
265981,DC26007318000200958704141152,2,44.12762,28.600230999999997
854128,AP26001357000401812804141152,1,46.727732,27.866546
787966,AP26002601000411182204141152,1,47.331238,23.722204
1330,DA26004237000000412304141152,2,46.118235,22.790054
4256,DC26004619000409808104141152,2,45.080819,26.641502
5851,DC26008311000501280104141152,2,45.849821,22.167221
9927,DC26006210000207260704141151,2,45.25331400000001,26.364537
5531,DA26001033000100431804141151,2,46.41339,26.48017
9099,DA26004945000403995904141151,2,46.193544,25.914160999999996
437263,DA26004619000102095604141151,2,45.078837,27.285625999999997
887579,AP26006210001502871404141151,1,45.389006,26.083403
426454,DC26012678000107939304141151,2,46.207589000000006,21.286834
479,DA26001645002413058404141151,2,45.417326,23.360394
738976,DC26032882000412059004141151,2,45.182798,28.240842
881092,AP26006616000303541404141151,1,46.566723,24.656046
883903,AP26004627001100371304141151,1,46.81528,21.857122
695455,DC26032411000411611704141151,2,44.28133,23.78808
7153,DC26002834000000618704141151,2,47.468666,23.29566
6448,DC26008388000103402304141151,2,44.114067,25.003146
5149,DA26003300000200207304141151,2,47.72807,22.48906
567820,DC26019407000206947004141150,2,46.978473,25.409044000000005
28127,DA26007775000204446604141150,2,43.943017,24.896236
2882,DC26000179000001896904141150,2,47.154251,23.876327
871090,AP26000691000300261804141150,1,46.086242,24.456157
614,DC26000141000008811704141150,2,44.424433,25.996651
8890,DC26003623002102669804141150,2,47.32097000000001,22.378708
868908,AP26001385000201396304141150,1,46.528602,25.053834
863790,AP26014795000405281704141150,1,44.323488,22.563948999999997
863212,AP26000096001400947704141150,1,45.36954,25.736454999999996
837804,AP26001394001306848004141150,1,46.542162999999995,25.600053
879176,AP26001394001000164404141150,1,46.577418,25.640567
878666,DA26002189003413135904141150,2,46.194115,25.912766
1846,DC26006465000400816604141150,2,46.213658,24.664188
845,DA26007868000101088804141149,2,44.129739,28.612132
1306,DA26004938000000464304141149,2,45.064913,24.872446
879009,AP26002689000204735304141149,1,47.376662,22.299436
8512,DC26007720000101033304141149,2,43.994964,25.283725
15565,DC26007065000000901904141149,2,46.282264,25.872597
322040,DA26003861000008329304141149,2,45.384793,27.066886
868677,AP26001299000208573104141149,1,46.009461,25.812687
878236,AP26001299000303182604141149,1,45.863884000000006,25.745458
4971,DA26003534000311519304141148,2,46.515229,25.156189
112454,DA26018505000106628504141148,2,44.019912,25.155446
6898,DA26008177000201231204141148,2,45.791457,26.130689
4494,DA26002211000202122804141148,2,45.322309999999995,26.35515
854128,AP26001357000401812804141148,1,46.727732,27.866546
678,DC26000141000008780704141148,2,45.325762,21.86593
471050,DA26028946000210002204141148,2,46.805460000000004,21.639660000000003
1537,DA26008140000201557104141148,2,46.413918,25.378963
6121,DC26002666000302219304141148,2,44.928956,25.434502999999996
213093,DC26010179000002606504141148,2,45.836585,25.004107
6236,DC26006578000200831704141148,2,45.7596,25.646009000000003
578021,DA26001771001312303104141148,2,46.77996099999999,24.737994
874139,AP26005691000800661904141148,1,45.221521,23.727334
4084,DC26001425000111201804141147,2,46.749514,23.539356
12309,DC26002755000112377604141147,2,44.864984,25.519375
807374,AP26000500000301446604141147,1,46.131827,23.337895
8087,DA26007655000201014804141147,2,43.864749999999994,25.922322999999995
5738,DC26000431000002368504141147,2,45.563167,21.232088
991,DC26008576000102920104141147,2,47.40409400000001,23.161470999999995
887579,AP26006210001302871404141147,1,45.389006,26.083403
472,DC26008125000001229604141147,2,43.935284,25.976912
883903,AP26004627001200371304141147,1,46.81528,21.857122
4390,DA26004791000202133004141147,2,45.199457,26.736598
25720,DA26012511000704209004141147,2,46.307544,25.944878
9864,DC26001106000203233404141147,2,47.245874,26.700081
28105,DA26004626000100428704141147,2,45.281951,28.006781
877183,AP26001355000102226404141147,1,46.324451,25.184862
6250,DC26001564000302573604141146,2,44.576844,27.388662
1985,DA26004381002702271704141146,2,46.034625,26.05986
787966,AP26002601000411182204141146,1,47.331238,23.722204
871442,AP26001415000102446704141146,1,46.641607,22.235914
426454,DC26012678000104147304141146,2,46.207589000000006,21.286834
864146,DA26033840000112488604141146,2,45.507747,26.28873
355699,DC26019387000006940604141146,2,46.524371,24.518582
676310,DA26002337000100400004141146,2,45.03436200000001,21.685575
2007,DC26009031000003373604141146,2,44.829768,26.293410000000005
1492,DA26006650000006555704141146,2,44.083092,23.718302000000005
874,DA26004927000202119304141146,2,43.818665,25.469051
862569,DC26032476000313490504141146,2,44.39666,25.905204
23718,DA26001568000300380804141145,2,45.623903000000006,25.707908
455544,DC26006420000002948804141145,2,47.21876699999999,22.887777
879937,AP26005972001703339704141145,1,45.856658,26.284387
3031,DC26000135000000767804141145,2,46.607494,26.85946
607458,DA26025232000308496104141145,2,45.895919,20.614654
873960,AP26010205002102483704141145,1,46.31548,26.140215
880995,AP26006393001602236004141145,1,47.019174,25.161075999999998
11017,DA26003539001403010304141145,2,46.82255,22.380259
862069,AP26006405000303807804141145,1,46.36639399999999,24.848620999999998
880714,AP26010668000512415804141144,1,46.601992,25.395763
887480,AP26000356000210265604141144,1,44.769376,25.279285
710571,AP26007181001400934104141144,1,45.71823,25.958261000000004
173032,DA26004372000002885404141144,2,44.11269000000001,24.36397
768826,AP26014475001405191204141144,1,45.38755799999999,25.650199
737354,DA26033248000212277204141144,2,45.47215,27.761403
13202,DC26006914000200871204141144,2,44.935267,23.694224000000002
21010,DC26011176000203324804141144,2,46.53907999999999,23.767119999999995
4037,DC26008252000102552204141144,2,45.067149,23.309455
3706,DC26001923000309990004141143,2,46.09736999999999,21.664234000000004
831008,AP26000257002108387504141143,1,44.530735,26.086339999999996
865750,AP26001558000300579204141143,1,45.935712,25.472894999999998
880874,AP26001429000606798704141143,1,46.900455,22.565378
854128,AP26001357000001812804141143,1,46.727732,27.866546
4052,DC26005065002710495904141143,2,45.045353,24.703003999999996
37641,DA26001881000100226204141143,2,44.426729,24.554026
550416,DC26030038000110869904141142,2,46.2373,27.679281
4109,DA26005187000402077704141142,2,45.186896,26.84604
889204,AP26002595000102379604141142,1,47.336423,22.929373
878043,DA26035203000213259704141142,2,47.945251000000006,23.087464
881476,AP26001175000401574704141142,1,46.771308,25.542740999999996
2125,DC26007511000207062604141142,2,44.409079,26.219628
578021,DA26001771001712303104141141,2,46.77996099999999,24.737994
20735,DC26005965003400732904141141,2,45.107548,23.841814
1985,DA26004381001502271704141141,2,46.034625,26.05986
3289,DC26003434002101940304141141,2,46.367772,22.119545
2939,DA26005673000101898104141141,2,45.071031,24.340923
15225,DC26000193000302361304141141,2,44.908659,25.342511
868677,AP26001299000208573104141141,1,46.00946100000001,25.812687
710571,AP26007181000100934104141141,1,45.71823,25.958261000000004
4806,DC26005676000102195004141141,2,45.244269,24.350909
12960,DA26004307001003166404141140,2,45.210041,26.759348
553847,DA26027664000709559604141140,2,45.71819200000001,25.745546
4586,DC26000565000706575804141140,2,44.594211,26.069658
3031,DC26000135000200767804141140,2,46.607494,26.85946
766,DC26006787002113414504141140,2,46.710995,25.505551
568313,DA26030561000110670004141140,2,45.052054,26.761991
319941,DA26005422000000570104141140,2,45.556972,21.216898
8549,DC26009041000102749404141140,2,46.513958,24.611004999999995
879506,AP26001439000201107204141140,1,46.360574,25.442169
873960,AP26010205002102483704141140,1,46.31548,26.140215
1837,DC26003609005401699104141140,2,45.855445,25.942212
1087,DC26003173000002826604141140,2,46.262498,25.880344
814877,DC26034330000012729604141140,2,45.630683,25.640183
889375,AP26010668003804277904141140,1,46.623003000000004,25.43168
10362,DC26006983000010269104141140,2,44.743881,26.132317
4102,DA26005609000013139804141139,2,44.80809200000001,25.072934
19137,DC26011990000005787004141139,2,45.8717,25.801371
864169,AP26002165003501049604141139,1,46.062943,25.897076
3852,DC26006988000012167704141139,2,45.821238,24.149163
868908,AP26001385000201396304141139,1,46.528602,25.053834
8708,DC26010371000002739704141139,2,47.733033,23.318211
875620,AP26019527000207005004141139,1,46.921806,27.085489
611009,DC26002036000100127504141139,2,46.213414,21.290718
2006,DC26000141000012739604141139,2,44.409312,26.034023
23718,DA26001568000300380804141138,2,45.623903000000006,25.707908
872750,AP26007152001903096504141138,1,45.740519,26.161411
5128,DC26007941000501126504141138,2,44.411279,27.813733
889156,AP26006771001302554504141138,1,46.451524,25.246157999999998
23052,DA26009744000204264904141138,2,44.417391,27.830042000000002
729852,DA26000114000101053704141138,2,45.064313,25.243787
5008,DA26002255000202255204141138,2,45.561022,25.769674
752828,AP26001540000102464704141138,1,46.4398,22.511407
889137,AP26008684000201432404141138,1,44.04836600000001,26.023715
12309,DA26002755000208877104141138,2,44.864984,25.519375
873535,AP26001439000701100904141138,1,46.496221,25.321614
412496,DC26027604000609568304141138,2,44.492368,26.191654
870754,AP26030884001910837804141137,1,47.085567,27.71419
781640,AP26001886000302541204141137,1,44.525253,23.276496
2532,DC26009397000001752504141137,2,47.777121,22.859472
884564,AP26002598000101426104141137,1,47.13696,22.930123
880169,AP26008508000208092004141137,1,44.488519,26.308111
869346,AP26009454000804274204141137,1,47.721595,22.298542
4839,DC26000654000202598904141137,2,45.034248,25.940707
849313,AP26001838000100570604141137,1,45.230019,26.561879
813957,DC26034288000012693204141137,2,45.058221,22.941999999999997
881537,AP26002816000401754804141137,1,46.500344000000005,22.039582
9388,DC26004037000400169304141137,2,47.039832,21.898085
8156,DA26008826000201501004141137,2,43.890137,25.389808
889204,AP26002595000102379604141137,1,47.336423,22.929373
7416,DC26001793000004662404141137,2,47.51308,22.147949999999998
106112,DA26002463000402878604141137,2,47.362049,22.081433
1443,DA26000946000102200004141137,2,47.753457,23.264216
4102,DA26005609000013139804141137,2,44.80809200000001,25.072934
6250,DC26001564000002573604141137,2,44.576844,27.388662
13966,DC26011036000003249304141136,2,46.291362,25.040218
581366,DC26030877000010855304141136,2,44.647411,25.574266000000005
334,DC26001864000100428804141136,2,44.649666,22.678268
9899,DC26010569000402868204141136,2,44.232408,26.456733
19935,DC26007343000500964304141136,2,43.854121,25.043223
1492,DA26006650000206555704141136,2,44.083092,23.718302000000005
39439,DC26015071000005556004141136,2,44.926283,25.43233
831238,AP26001428000602738004141136,1,46.012214,25.628781
16757,DC26000920000106578904141136,2,43.810801,24.096239
388494,DC26009241000002499204141136,2,44.264493,24.526116
889156,AP26006771001302554504141136,1,46.451524,25.246157999999998
1267,DA26001914000101485804141135,2,46.076293,21.695095
51270,DA26014067000205843404141135,2,47.69324,22.44008
7020,DA26004139000300198004141135,2,46.40951900000001,21.634182999999997
889488,AP26009659000001882904141135,1,45.159179,25.091976
22814,DA26011420000103460704141135,2,44.118213,24.490859
15992,DA26001549000403464004141135,2,44.918172,28.481008
5129,DA26010008002409616404141135,2,46.345949,25.524927
178217,DA26018698000206679504141135,2,46.86676,23.02078
3873,DA26003626000102049304141135,2,44.63744499999999,22.687128
808256,AP26001570000302765704141135,1,46.728963,22.501822
870267,AP26001483002808428004141135,1,47.739505,23.387856
4132,DC26000696000001129004141134,2,47.127709,27.577005
7622,DA26000142006506723104141134,2,44.653768,25.578615
886912,AP26010703000502969204141134,1,46.599297,25.400114
4494,DA26002211000302122404141134,2,45.322309999999995,26.35515
1070,DA26004328000200276504141134,2,47.096021,24.436831
2942,DC26007478003101798104141134,2,44.35869499999999,26.790657
1443,DA26000946000202200004141134,2,47.753457,23.264216
865473,DA26011117000412658104141134,2,46.555319,25.770037
10404,DA26007860000201081104141134,2,46.047948,26.319296999999995
883306,AP26006626000200837504141134,1,46.515972,24.618804
811858,AP26000067000002603504141134,1,46.6219,27.067168
694401,DA26032393000311602104141134,2,46.12940699999999,25.609558000000003
877876,AP26006843002006281004141134,1,47.016077,25.477947
862569,DC26032476000212589304141134,2,44.39666,25.905204
490,DC26002209000001376104141133,2,46.125304,25.602831999999996
889438,AP26001394000212868504141133,1,46.349234,26.015436
34785,DC26010647000002931104141133,2,44.114612,24.966345
5128,DC26007941000201907704141133,2,44.411279,27.813733
2966,DA26003773003101905704141133,2,45.857469,26.182762
863406,AP26001299000109713804141133,1,45.940663,25.752397
673908,DC26032162000111480404141133,2,44.945389,26.043718
6250,DC26001564000002573604141133,2,44.576844,27.388662
5531,DA26001033000100431804141133,2,46.41339,26.48017
5920,DA26001322000100940904141133,2,44.0202,23.34892
78925,DA26004365000010709004141133,2,45.799119,20.909554
339784,DA26008704000013314904141133,2,46.89887000000001,26.91977
18595,DC26001269000000231904141132,2,45.769905,28.009346
209756,DC26013593000004911204141132,2,45.436869,22.227284
831410,AP26001428000207446304141132,1,45.818166,25.682192
852212,DA26001171000205150604141132,2,45.13725,25.402294
14895,DA26011089000003261304141132,2,44.156566,24.327921
870754,AP26030884001610837804141132,1,47.085567,27.71419
6122,DA26000586000309321104141132,2,45.100659,26.050985
879529,AP26007046001305296204141132,1,46.441653,24.742547
497889,DA26016301000105789404141131,2,44.10711799999999,23.051464999999997
781640,AP26001886000102541204141131,1,44.525253,23.276496
4572,DC26007378000004136604141131,2,44.133337000000004,25.218715
889378,AP26001424000702720904141131,1,46.357351,25.591285
12091,DC26007722000001033704141130,2,43.925956,25.364393
880171,DC26008091000301321904141130,2,46.081059,20.623237
807374,AP26000500000501446604141130,1,46.131827,23.337895
7200,DC26004695001900398204141130,2,46.795974,22.306822
5738,DC26000431000002368504141130,2,45.563167,21.232088
15344,DC26006141000000769804141130,2,46.767407,21.933585
861803,AP26001788000203682104141130,1,44.861172,24.4757
886694,AP26001355001900324304141130,1,46.30334,25.262709
3715,DC26002720000011297004141129,2,47.143455,22.876681
2532,DC26009397000001752504141129,2,47.777121,22.859472
21329,DC26000421000209998004141129,2,44.850887,26.020822999999996
54330,DA26016654000105896504141129,2,45.796437,20.732904
794342,AP26003239001806520004141129,1,46.647649,25.254575
9706,DC26002039000100501004141129,2,44.275595,23.809014
888578,AP26001634000206405904141129,1,44.702672,23.224145
881537,AP26002816000301754804141129,1,46.500344000000005,22.039582
43655,DA26003222003601807204141129,2,46.332894,22.04845
206889,DA26009904000002008604141128,2,45.035134,21.678051999999997
251727,DA26007943000108717804141128,2,44.398745,28.661484
437263,DA26004619000202095604141128,2,45.078837,27.285625999999997
873532,AP26024571000108322204141128,1,46.202863,26.592417
736858,DC26033241000112220304141128,2,45.433868,27.833163
3731,DC26007635000101011204141128,2,44.255488,28.272035
870799,AP26010946000303177204141128,1,45.72437299999999,26.179717
880423,AP26007239001502435004141128,1,46.153780000000005,25.569114
8648,DA26007015000202386004141128,2,45.04617,27.159090000000003
868908,AP26001385000201396304141128,1,46.528602,25.053834
6250,DC26001564000002573604141128,2,44.576844,27.388662
810,DA26006564000210480604141128,2,47.158208,22.726786
5129,DA26010008002402448804141127,2,46.345949,25.524927
20735,DA26005965000000732904141127,2,45.107548,23.841814
4031,DA26007834000201905304141127,2,45.789715,26.130375
5531,DA26001033000100431804141127,2,46.41339,26.48017
22323,DC26007264000005236204141127,2,44.347570999999995,28.026875
63444,DC26017184000011306004141127,2,44.955367,26.205732
828648,AP26007171001700933204141127,1,46.059778,26.397111
7015,DC26000328000002627004141126,2,44.980422,25.651698
887846,AP26019241000211482104141126,1,46.735672,23.595378999999998
7544,DC26002256000402657204141126,2,47.868977,23.103647
1443,DA26000946000202200004141126,2,47.753457,23.264216
276143,DC26023985000008169104141126,2,45.60387599999999,21.053486
163,DA26002226000313448504141125,2,45.191808,27.942463
1878,DC26000141000010739404141125,2,47.647935,23.536599
3544,DC26000437000000225604141125,2,44.557167,24.268811
886912,AP26010703002002969204141125,1,46.599297,25.400114
868529,AP26002675000302652204141125,1,47.339634,22.996519
14437,DC26007825000003306404141125,2,44.369235,28.450518
849819,AP26001387000200132604141125,1,47.366428,22.345724
3158,DC26006001002800740804141125,2,45.68667,21.874763
7448,DC26008539000301357304141125,2,46.213414,21.290718
5128,DC26007941000501126504141125,2,44.411279,27.813733
537853,AP26001297001106230804141125,1,45.251207,28.092057999999998
81340,DC26017739000006342304141125,2,44.691624,27.085748
270222,DA26003585000212547904141124,2,46.370591,25.770251
294,DC26006146000000770804141124,2,47.825488,22.838259
334,DC26001864000000428804141124,2,44.649666,22.678268
882015,AP26001523000101005704141124,1,47.553354,22.151918
829600,AP26001415000302476504141124,1,46.684244,21.698949
-1,LA26001985004503025004141124,10,46.74829864501953,22.955900192260742
33493,DC26007203000100936404141124,2,43.905042,25.958366
882012,AP26001523000003247104141124,1,47.490228,22.021886
888746,AP26000110000101070204141124,1,45.04757,25.543055
5031,DA26000139000602234304141124,2,44.767597,25.235977000000002
455,DA26001447000300565404141124,2,45.962861,25.56012
889236,AP26002816000301779104141124,1,46.54061099999999,21.982713
2006,DC26000141000012739604141123,2,44.409312,26.034023
7511,DC26006364000000808504141123,2,46.351138,21.497878
206889,DA26009904000102008604141123,2,45.035134,21.678051999999997
10213,DA26009274000403102204141123,2,44.365251,26.456383
12091,DA26007722000102659404141123,2,43.925956000000006,25.364392999999996
878800,AP26001453000102319604141123,1,47.143973,24.022378
4839,DC26000654000002186404141123,2,45.034248,25.940707
6458,DA26010193000206635904141123,2,44.65710099999999,25.55157
1385,DA26001771003205792704141123,2,46.777973,24.735947
446288,DC26028317000209781804141122,2,46.550523,23.892956
195194,DC26019703000007077404141122,2,44.290479,26.320282000000002
737897,DA26008373000012290804141122,2,47.17064200000001,27.513088999999997
24372,DC26012532000004030204141122,2,46.79124099999999,23.661030999999998
134455,DC26018855000006725604141122,2,44.27618,23.80952
889202,AP26001265000101269904141122,1,45.91115,22.619067
880874,AP26001429000806798704141122,1,46.900455,22.565378
836686,AP26001192000101537204141122,1,44.689622,26.204237
745335,AP26002583000002676104141122,1,47.177647,22.631621
875993,AP26027736000209588604141122,1,45.112662,26.120571
396631,DC26010147000102424604141122,2,44.553171,23.511139
752123,DC26033444000012323204141122,2,46.456078,26.983156999999995
7072,DA26010148001002426504141122,2,46.533936000000004,25.956159
814737,AP26001483000203088104141121,1,47.443228,22.410645
8549,DC26009041000202749404141121,2,46.513958,24.611005
9927,DA26006210000211289104141121,2,45.25331400000001,26.364537
300,DC26001263000001063904141121,2,45.440496,28.036581
433,DC26004394000701201004141121,2,46.874839,25.446977
849226,AP26001923001401536204141121,1,45.99086500000001,21.966377000000005
872044,AP26000949001001653304141121,1,44.439015000000005,24.044996
11872,DA26005985000210582504141121,2,45.927268,26.272262
884523,AP26001284000402449504141121,1,46.494123,25.040964
7641,DA26004527000102667104141121,2,45.385658,25.172671
10664,DA26006697000502756604141121,2,46.201391,25.146812
842907,DA26008685000501432304141121,2,46.430541,24.661731
881537,AP26002816000301754804141121,1,46.500344000000005,22.039582
2076,DA26003783000100081204141121,2,46.050504,26.259232
13415,DC26008008000510129504141120,2,45.137537,25.633307
4749,DC26008099000101192404141120,2,47.569255,24.419138
866774,AP26000101000204416904141120,1,44.823751,26.04559
12646,DC26006016000000743704141120,2,44.613581,23.935738
879506,AP26001439000201107204141120,1,46.360574,25.442169
12231,DC26006943000000873704141120,2,44.344103,24.132448999999998
879270,AP26002165003201049604141120,1,46.54271,25.441163
578021,DA26001771001312303104141120,2,46.77996099999999,24.737994
828648,AP26007171001800933204141119,1,46.059778,26.397111
14555,DA26010985000106684004141119,2,44.265527,25.240107
12087,DC26010460000006563704141119,2,46.036831,25.203395
1443,DA26000946000302200004141119,2,47.753457,23.264216
551959,DC26030179000010459704141119,2,45.650928,25.695533
882813,AP26006626001200837504141119,1,46.511036,24.635567
598028,DA26028412000310113004141119,2,45.077619,21.852022
868677,AP26001299000308573104141119,1,46.00946100000001,25.812687
3199,DC26006963000101228804141119,2,44.370784,26.089257
885293,AP26008647003611505804141118,1,46.571258,26.013651
7570,DA26008345002304623604141118,2,45.408348,23.978219
818049,AP26000086000201276904141118,1,47.652665,26.647955
874790,AP26002383002501634304141118,1,45.991672,21.718555
190272,DC26009710000602241304141118,2,44.682423,26.030137
637303,DC26002559000200781904141118,2,46.79265800000001,23.65935
4407,DA26004783001602528304141118,2,44.746165,24.579112999999996
9900,DA26001510000301667604141118,2,47.104617,22.404776
8489,DA26002644000211333204141118,2,44.90108899999999,25.510404000000005
889438,AP26001394000212868504141118,1,46.349234,26.015436
865485,AP26002643000203815304141118,1,46.131858,21.683928999999996
872750,AP26007152003403096504141117,1,45.740519,26.161411
880995,AP26006393001502242204141117,1,47.019174,25.161075999999998
580860,DA26002692000701975804141117,2,45.101780999999995,23.223350999999997
21603,DA26006007000300742804141117,2,46.18284,21.35403
7154,DA26003827000502516604141117,2,44.048606,23.103914
2728,DA26008787000111226004141117,2,44.133112000000004,25.570871999999998
5783,DC26007935000102641704141117,2,44.483972,26.025320000000004
800275,AP26002583000204300004141117,1,47.206662,22.836295
762199,AP26001835000202811004141117,1,45.198932,26.456863
20820,DC26001831000001300704141117,2,46.632766,27.592645
8357,DC26010110000106342104141117,2,46.54989,23.892709
578021,DA26001771001712303104141116,2,46.77996099999999,24.737994
3681,DA26002423000200260904141116,2,45.421539,23.360142
1438,DC26001970000302849804141116,2,46.95030599999999,23.894362
1562,DC26001271000012346004141116,2,45.779616,27.990146999999997
867784,AP26030122001410840204141116,1,47.182463000000006,22.426749
80228,DC26000141000009986704141116,2,44.967677,25.976586
846170,AP26001570001406991104141116,1,46.681432,22.348279
35001,DA26014605000105226804141116,2,44.11634999999999,24.672972
28042,DC26010080000002318004141116,2,47.953761,26.402965
629,DC26006595000001006504141116,2,44.540675,25.950939
565875,DA26005663000009753504141115,2,44.814056,25.069146
596936,DC26031181000111019204141115,2,44.63126400000001,27.594140999999997
9556,DC26004696000102843304141115,2,45.550406,27.500879
209756,DC26013593000004911204141115,2,45.436869,22.227284
7570,DA26008345002004623604141115,2,45.408348,23.978219
877045,AP26001394000106839704141115,1,46.528351,25.605344
9286,DC26005180000700525504141115,2,47.899803,23.410909
813656,AP26001439000801108804141115,1,46.484361,25.538099
1838,DC26000141000008812404141115,2,44.29029,23.84829
884525,AP26001284000202449504141115,1,46.491243,25.047206
868529,AP26002675000102652204141115,1,47.339634,22.996519
396631,DC26010147000002424604141114,2,44.553171,23.511139
880403,AP26003138001912908604141114,1,46.871165,22.496524000000004
29577,DA26002073000100503904141114,2,44.034719,23.094912000000004
21,DC26003270000001051704141114,2,47.353371,22.096829
12726,DC26006096000603150104141114,2,47.675052,22.479326
357554,DA26001358003010764904141114,2,45.448012,22.444543999999997
875243,AP26001424000407054304141113,1,46.300085,25.636613999999998
10664,DC26006697000100847304141113,2,46.201391,25.146812
568313,DC26030561000010670004141113,2,45.052054,26.761991
1439,DA26000946000308501804141113,2,47.768334,23.285126
198838,DA26016158000905743404141113,2,46.33614500000001,25.524418
1267,DA26001914000101485804141113,2,46.076293,21.695095
889204,AP26002595000002379604141113,1,47.336423,22.929373
5008,DC26002255000002263104141113,2,45.561022,25.769674
2405,DA26008560000201764804141113,2,46.40747000000001,26.461463999999996
25720,DA26012511000204209004141113,2,46.307544,25.944878
2270,DC26008152005106606504141113,2,46.485299,25.739277
4559,DC26000115000000245104141113,2,45.008206,26.015368
3213,DC26003729000006757704141113,2,44.577357,27.388917
5302,DC26002309000002645104141113,2,47.854725,23.411222
8333,DC26000366000200280204141113,2,44.953917999999994,26.21899
7182,DC26000520005312172504141112,2,45.965888,23.549066
20700,DA26009223000004754104141112,2,44.391234,27.838748999999996
865165,AP26001558000512851904141112,1,46.035616,25.450422
853831,AP26001146000201509804141112,1,44.048034,23.965
715099,DC26032704000412031804141112,2,43.988321000000006,22.945270000000004
16489,DC26006988000002049004141112,2,44.435343,25.959586
9388,DC26004037000100169304141112,2,47.039832,21.898085
341,DC26007199000100936104141111,2,44.352358,25.957408
11523,DC26002709000100258904141111,2,47.91217700000001,23.396152
12144,DA26010122000902389004141111,2,46.352331,25.515887000000003
6092,DA26006946000102358004141111,2,44.481017,26.169890999999996
6081,DC26009198000001967704141111,2,43.969806,25.324269
10741,DA26006718000000849604141111,2,46.616709,25.957445
7154,DA26003827000602516604141111,2,44.048606,23.103914
829263,AP26021220001207521604141111,1,44.990689,25.458171000000004
1837,DC26003609003601699104141111,2,45.855445,25.942212
869213,AP26030761000810735004141111,1,46.482496,26.823072
6440,DC26001971000100230104141111,2,44.928258,25.479612
9081,DC26006979000602703904141111,2,44.25849300000001,26.176191
872737,AP26003534001206537904141110,1,46.57092500000001,25.231859
2580,DC26000123000002347704141110,2,45.181307,25.960360999999995
880535,AP26005730001509874104141110,1,46.536390000000004,22.209527999999995
21054,DA26005016000200481204141110,2,46.664394,28.108961
881899,AP26011943000803708204141110,1,46.400744,26.045311
804726,AP26001198000504043504141110,1,44.063623,27.818482
866019,AP26006879003401578104141110,1,46.293283,25.996164000000004
874479,AP26001284000302473604141110,1,46.57005,25.189007
3915,DC26004569000200350204141110,2,45.185421999999996,27.925674
596936,DC26031181000011019204141110,2,44.631264,27.594141
389019,DC26026780000209028104141110,2,45.842037,25.798229000000003
7072,DA26010148001002426504141109,2,46.533936000000004,25.956159
14601,DC26006953000003321304141109,2,44.630642,26.108107
76,DC26004000000600148604141109,2,44.448741000000005,26.165429
3248,DA26007578000001001904141109,2,44.13774,25.319011
136267,DC26002531000112251204141109,2,46.978995,21.858574
2405,DA26008560000201764804141109,2,46.40747000000001,26.461463999999996
265981,DC26007318000200958704141109,2,44.12762,28.600230999999997
4839,DC26000654000102186404141109,2,45.034248,25.940707
889204,AP26002595000102379604141109,1,47.336423,22.929373
9927,DC26006210000011289104141109,2,45.253314,26.364537
747394,DA26033411000012306204141109,2,44.26561999999999,28.280287
16114,DA26000186000003417604141109,2,44.682019,25.579519
8549,DC26009041000002749404141109,2,46.513958,24.611005
47966,DA26001860000702986604141108,2,44.71885799999999,22.353861
829600,AP26001415000302476504141108,1,46.684244,21.698949
1439,DC26000946000208501804141108,2,47.768334,23.285126
213093,DC26010179000311953104141108,2,45.83658499999999,25.004107
863664,AP26003539001603010304141108,1,46.860816,22.48774
3059,DC26002541000200782704141108,2,46.545404,23.761434
7010,DA26000874000100178304141108,2,43.983798,22.946063
24688,DC26004167000109629104141108,2,46.32935,27.017058000000002
856119,AP26028036003210048904141108,1,46.938696,23.107663
448445,DC26026595000208965004141108,2,44.389152,27.843026999999996
6890,DA26001276000102552004141107,2,44.682508000000006,25.571859
2890,DA26000239002200723204141107,2,46.01532699999999,23.537850000000002
678,DC26000141000008780704141107,2,45.325762,21.86593
872737,AP26003534001106537904141107,1,46.57092500000001,25.231859
292654,DA26000239002404534704141107,2,45.85922,25.945029
880755,AP26026278000308852304141107,1,47.171541,22.387687
14555,DA26010985000106684004141107,2,44.265527,25.240107
12804,DC26003981000003147304141107,2,45.28467,28.277687
846170,AP26001570001306991104141106,1,46.681432,22.348279
880403,AP26003138001712908604141106,1,46.871165,22.496524000000004
885806,AP26016002003405685904141106,1,46.488533,25.374925
54243,DA26016486000205841404141106,2,44.117207,25.329292999999996
2962,DA26003773000108410304141106,2,45.858276,26.177051
619236,DC26015467000013259804141106,2,46.257337,24.971998
877083,AP26002725000405466104141105,1,46.114006999999994,21.885577
471050,DA26028946000210002204141105,2,46.80545999999999,21.639659999999996
867274,AP26004760002002627604141105,1,47.147504,22.388097
1211,DC26008430000001932704141105,2,46.11982600000001,23.533539
61806,DC26006988000011702604141105,2,46.788858,23.628394
4430,DA26003798000210064404141105,2,45.872401,26.18813
156,DC26005612000212657404141105,2,44.826474,24.876351
919,DA26000254002302352504141105,2,45.995606,23.554869
2108,DA26004305000509709904141105,2,46.03779599999999,26.058978
376862,DC26017586000606356604141105,2,45.704095,27.729782
877497,AP26020875000211349004141104,1,47.113907000000005,23.39391
829263,AP26021220000907521604141104,1,44.990689,25.458171000000004
578021,DA26001771001312303104141104,2,46.77996099999999,24.737994
455,DA26001447000300565404141104,2,45.962861,25.56012
1837,DC26003609003501699104141104,2,45.855445,25.942212
880874,AP26001429001006798704141104,1,46.900455,22.565378
2939,DA26005673000101898104141104,2,45.071031,24.340923
2532,DC26009397000001752504141104,2,47.777121,22.859472
7154,DA26003827001302516604141104,2,44.048606,23.103914
874574,AP26000110000101095604141104,1,44.933869,25.712466
876863,DC26004020000013332304141104,2,45.384752,27.064531
867274,AP26004760002002627604141104,1,47.147504,22.388097
539,DC26000976004405216804141103,2,47.377521,24.392039999999998
1492,DA26006650000206555704141103,2,44.083092,23.718302000000005
852212,DA26001171000305150604141103,2,45.13725,25.402294
3037,DC26007334000000961504141103,2,44.97306,24.239271
12087,DC26010460000006563704141103,2,46.036831,25.203395
879009,AP26002689000208724104141103,1,47.376662,22.299436
569655,DA26026452000213268204141103,2,46.198104,21.345685
158,DC26005612000111420004141103,2,45.18358,24.669242
799236,AP26000084000201687104141103,1,47.932164,26.304641
10741,DA26006718000100849604141103,2,46.616709,25.957445
16505,DA26008873000103609304141103,2,44.045382999999994,25.395066
78925,DA26004365000311282804141103,2,45.799119,20.909554
2290,DC26001023002112809604141102,2,47.930254,23.936462
1838,DA26000141000108812404141102,2,44.29029,23.848290000000002
884364,AP26003643000802799604141102,1,46.444458,25.243034000000005
836081,AP26001224000002951904141102,1,43.722312,25.027103
23718,DA26001568000300380804141102,2,45.623903000000006,25.707908
879506,AP26001439000201107204141102,1,46.360574,25.442169
795568,AP26012005000312337704141102,1,45.498073,26.850145
623616,DC26019387000006940604141102,2,46.537102,24.81698
566,DA26008093000307325604141102,2,44.21745000000001,27.319158
490,DA26002209001301216604141102,2,46.125304,25.602831999999996
342,DC26003564003608424604141101,2,46.350407999999995,25.445892
828648,AP26007171001700933204141101,1,46.059778,26.397111
888063,AP26000865001201520404141101,1,47.371081,24.706921000000005
673539,DC26007182000109752004141101,2,45.690361,25.622836
6810,DC26004645000100380204141101,2,46.23682,27.680393
881792,AP26005316000000540304141100,1,44.323478,22.775705
884525,AP26001284000502449504141100,1,46.491243,25.047206
33995,DA26014403000505169104141100,2,44.260141,27.596373
4407,DA26004783000302529904141100,2,44.746165,24.579113000000003
21473,DA26011322000103403104141100,2,44.212678,27.143908
869725,AP26001213000303080604141100,1,44.095183,26.163913999999995
888144,AP26006210002002871504141100,1,45.38528399999999,26.088213
51270,DA26014067000205843404141059,2,47.69324,22.44008
888194,AP26002108000100269704141059,1,47.95601,23.296389
12646,DC26006016000000743704141059,2,44.613581,23.935738
865750,AP26001558000300579204141059,1,45.935712,25.472895000000005
551959,DC26030179000310459704141059,2,45.650928,25.695533
865,DC26008373000001595204141059,2,44.383981,26.001914
72104,DA26017558000106248404141058,2,44.062598,28.600866
1070,DC26004328000200276504141058,2,47.096021,24.436831
650,DC26000141000013081504141058,2,45.709626,27.199291
695455,DC26032411000611958604141058,2,44.28133,23.788079999999997
829600,AP26001415000202476504141058,1,46.684244,21.698949
341,DC26007199000400936104141058,2,44.352358,25.957408
578021,DA26001771001712303104141058,2,46.77996099999999,24.737994
795568,AP26012005000203750104141058,1,45.498073,26.850145
4852,DC26009553000107570604141058,2,46.22285,24.013702
14148,DA26010998000205606204141058,2,46.30947,25.023800000000005
820459,AP26006818001003071504141058,1,46.597998999999994,25.286519
3873,DA26003626000002049304141058,2,44.63744499999999,22.687128
886314,DC26035574000113475204141058,2,46.819531,21.670974
816339,DC26034115000112768904141058,2,46.237278,27.679393
880535,AP26005730001809874104141058,1,46.536390000000004,22.209527999999995
864733,AP26003538002501808404141057,1,46.934102,25.50709
17753,DC26011118000003636304141057,2,45.11299,25.414913
14148,DA26010998000303256604141057,2,46.30947,25.023800000000005
5920,DC26001322000000940904141057,2,44.02020000000001,23.348920000000003
888724,AP26010734001603304904141057,1,46.54039,25.857403
2580,DA26000123000302347704141057,2,45.181307,25.960360999999995
879210,AP26002175003601506004141057,1,46.230639,26.174012
4971,DA26003534000406534204141057,2,46.515229,25.156189
5087,DA26002083002601910204141057,2,46.932296,25.328161000000005
739035,DC26020065002407213004141057,2,44.570955,23.499721000000005
6236,DC26006578000000831704141056,2,45.7596,25.646009000000003
3213,DC26003729000106757704141056,2,44.577357,27.388917
876918,AP26002689000206991604141056,1,47.341392000000006,22.219065
4559,DC26000115000000245104141056,2,45.008206,26.015368
865561,AP26001143000201288904141056,1,44.839417,25.730702
455,DA26001447000200565404141056,2,45.962861,25.56012
708900,DA26032612000111820104141056,2,45.224883,26.049627
1562,DC26001271000012168804141056,2,45.779616,27.990146999999997
13286,DC26006122000400764004141056,2,47.671322,22.46459
750871,DA26006457000202573904141056,2,46.13858100000001,20.571861
836081,AP26001224000102951904141056,1,43.722312,25.027103
737645,DC26033056000012137004141056,2,44.844232,27.096177
2405,DA26008560000201764804141056,2,46.40747000000001,26.461463999999996
28708,DC26003676000006814204141056,2,44.22677100000001,24.343017
5426,DC26007525000302410804141055,2,44.413221,27.802567999999997
8846,DA26007996000411912004141055,2,45.080235,25.862374
1492,DA26006650000206555704141055,2,44.083092,23.718301999999998
870068,AP26003564001608575904141055,1,46.302097,26.154517
437263,DA26004619000002095604141055,2,45.078837,27.285625999999997
871293,AP26002743000302437304141055,1,45.018631,25.594084999999996
888144,AP26006210001502871504141055,1,45.38528399999999,26.088213
334,DC26001864000000428804141054,2,44.649666,22.678268
31355,DA26013376002804641004141054,2,46.558255,25.130687000000005
887750,DA26002692002500835204141054,2,45.101836,23.223075000000005
5330,DA26000123000311363004141054,2,45.17676600000001,25.949542999999995
828648,AP26007171001800933204141054,1,46.059778,26.397111
3731,DC26007635000212102304141054,2,44.25548800000001,28.272035
80228,DC26000141000009986704141054,2,44.967677,25.976586
867795,AP26031005002810935104141054,1,46.657585000000005,25.113816
6046,DC26004191000200210604141054,2,46.49725,25.35363
8217,DA26001171000103350704141054,2,44.963855,25.296059
1246,DC26007604000211111004141054,2,44.167865,28.643708
5128,DC26007941000801126504141053,2,44.411279,27.813733
766271,AP26001394000306848004141053,1,46.533501,25.607127
36726,DC26014531000106319904141053,2,47.695665,22.438171
20784,DA26010105000202355504141053,2,44.640158,26.972967
863300,AP26000974000100975604141053,1,44.247462,24.363331
889378,AP26001424000202720904141053,1,46.357351,25.591285
860806,AP26002585000202669004141053,1,47.206822,23.071422
871786,AP26000104000103115004141053,1,45.074439,26.189272
3544,DC26000437000000225604141052,2,44.557167,24.268811
863424,AP26001523000103247104141052,1,47.514978,22.030187
1099,DC26002750000305673204141052,2,45.7078,21.09771
867045,AP26001413000110749204141052,1,46.278357,25.457632
593325,DA26031062000010977904141052,2,45.165051,28.82191
2532,DC26009397000001752504141052,2,47.777121,22.859472
51517,DA26016149000205854304141052,2,44.864773,24.288856
223224,DA26008831000501509004141052,2,44.144665,26.718063
6232,DA26006120003102783904141052,2,47.024087,23.889585
1211,DC26008430000001932704141052,2,46.119826,23.533539
878298,AP26007187001900934704141052,1,45.094238,25.731498
1334,DA26005730001802292104141051,2,46.657137,22.348703
13128,DC26008957000001555104141051,2,44.337461,27.09893
4971,DA26003534000200045804141051,2,46.515229,25.156189
6474,DC26007943000208717804141051,2,44.398647000000004,28.661483
886314,DC26035574000013475204141051,2,46.819531,21.670974
868529,AP26002675002402652204141051,1,47.339634,22.996518999999996
849402,AP26010205000703352204141051,1,46.151605999999994,25.941425
4153,DC26007964000402256404141050,2,44.97414899999999,26.018199999999997
5245,DA26005228000100556404141050,2,47.698568,22.650161
248955,DC26023003000107906804141050,2,44.803736,27.517174
4109,DA26005187000402077704141050,2,45.186896,26.84604
2671,DC26000339000001835304141050,2,45.127184,25.735358
1872,DC26000141000005226904141050,2,44.636017,22.679172000000005
864733,AP26003538001401808404141050,1,46.934102,25.50709
5276,DA26005679000100658504141050,2,45.00399000000001,24.252903
293881,DA26024556000712279104141050,2,46.608448,22.421775
4256,DC26004619000109808104141050,2,45.080819,26.641502
9561,DC26006461000500816204141050,2,46.42934399999999,24.835093
4971,DA26003534000211519304141050,2,46.515229,25.156189
93966,DA26018117000306493904141049,2,43.99265499999999,25.027942
12309,DA26002755000601679004141049,2,44.864984,25.519375
870068,AP26003564001608575904141049,1,46.302097,26.154517
160,DC26005612000002698404141049,2,44.969018,24.913044
18555,DC26008288000403737104141049,2,43.759728,24.870045
173032,DA26004372000002885404141049,2,44.11269000000001,24.36397
223224,DA26008831000501509004141049,2,44.144665,26.718063
888947,AP26009110000501612804141049,1,46.56441,24.979648
879506,AP26001439000101107204141049,1,46.360574,25.442169
5682,DA26003165000102368804141049,2,47.693419,22.414347000000003
334,DC26001864000000428804141048,2,44.649666,22.678268
9181,DC26010462000008329204141048,2,44.996097,25.739752
4075,DC26004444003610673804141048,2,47.66215300000001,23.615841
7622,DC26000142000202655704141048,2,44.65376799999999,25.578615
537853,AP26001297002106230804141048,1,45.251207,28.092057999999998
879009,AP26002689000204735304141048,1,47.376662,22.299436
751846,AP26001483000003091504141048,1,47.621954,22.842441
1966,DC26000141000008806304141048,2,47.78512,22.84004
1172,DC26001649000400883104141048,2,46.95624,25.12725
296,DC26001581000101869504141048,2,46.950561,23.894242000000002
863300,AP26000974000100975604141048,1,44.247462,24.363331
4971,DA26003534000002229104141047,2,46.515229,25.156189
820738,AP26032633000211898004141047,1,45.217684999999996,26.574244000000004
868677,AP26001299000208573104141047,1,46.009461,25.812687
21247,DC26000311000012450504141047,2,45.419417,25.544843
440897,DA26007555000201235404141047,2,43.971596,25.9616
850807,AP26000453000308863904141047,1,47.266922,24.110423
390212,DC26007828025801073104141047,2,44.160412,28.641423
676310,DA26002337000000400004141046,2,45.03436200000001,21.685575
864496,AP26000051000102301504141046,1,46.501458,26.844981
21603,DA26006007000400742804141046,2,46.18284,21.354030000000005
794501,AP26000982000600487904141046,1,43.89687,24.234689
1582,DC26006782000100856504141046,2,46.527549,24.535513
1998,DC26004904002206054104141046,2,46.778596,21.927003
428,DA26007191000805789104141046,2,46.073822,25.571952999999997
730009,AP26001217000302380604141046,1,44.060375,25.131906
189885,DA26016106000406063104141046,2,46.585836,25.084481999999998
16114,DA26000186000203417604141046,2,44.682019,25.579519
121511,DC26018662000106683304141046,2,44.10042,24.356608
18106,DC26005721000303670504141046,2,45.11254499999999,24.938484
7376,DA26007149000602632904141045,2,45.930761999999994,26.266522999999996
334,DC26001864000000428804141045,2,44.649666,22.678268
863424,AP26001523000103247104141045,1,47.514978,22.030187
2939,DA26005673000301898104141045,2,45.071031,24.340923
200346,DC26019697000209918904141045,2,44.446566,25.880291
12616,DC26006692000300846704141045,2,46.514498,25.157496
491155,DA26029242000310094204141045,2,43.752671,25.520654
886100,AP26031005001910935104141045,1,46.657352,25.110306999999995
799240,AP26000084000201687104141045,1,47.930728,26.304943
726944,AP26002043000302665804141045,1,46.56952900000001,25.199549
9706,DC26002039000100501004141044,2,44.275595,23.809014
12309,DC26002755000212377604141044,2,44.864984,25.519375
413221,DA26027640000209551304141044,2,46.36236,25.515838
820738,AP26032633000211898004141044,1,45.217684999999996,26.574244000000004
836686,AP26001192000001537204141044,1,44.689622,26.204237
6458,DC26010193000206635904141044,2,44.65710099999999,25.55157
47716,DA26015528000106915404141044,2,44.709067,26.671851
574935,DC26030786000010745404141044,2,45.147867999999995,26.36654
25654,DC26007470000000988804141044,2,44.96128000000001,26.360469
2108,DA26004305000411951104141044,2,46.03779599999999,26.058978
849402,AP26010205000403352204141043,1,46.151605999999994,25.941425
837671,DC26019719000107086604141043,2,47.508345,22.111614
1061,DC26003760000001425104141043,2,46.425445,25.386294
4839,DC26000654000102186404141043,2,45.034248,25.940707
5149,DA26003300000200207304141043,2,47.72807,22.48906
7826,DC26009880000102001404141043,2,45.759116,25.542016
317543,DC26000997000008818804141043,2,47.22435,23.02586
17429,DC26011632000006765204141043,2,46.074823,21.562986999999996
843892,AP26002675000200530304141043,1,46.684205,21.654751
881125,AP26002598000301558104141043,1,47.325864,22.659304000000002
829600,AP26001415000302476504141043,1,46.684244,21.698949
1984,DC26000141000008799604141043,2,46.563729,23.787289
5425,DC26005536000002840104141042,2,44.986697,21.613223
821043,AP26001217000209826304141042,1,43.797945,25.449297
2478,DC26005616000001818604141042,2,47.223794,23.007365
870979,AP26010668003102948404141042,1,46.626096,25.44476
1443,DA26000946000102200004141042,2,47.753457,23.264216
1570,DC26001271000001569004141042,2,45.916879,28.114523
2890,DA26000239002300722504141042,2,46.01532699999999,23.537850000000002
863986,AP26001175001006800404141042,1,46.67721600000001,25.305744
4726,DA26000368000102214604141042,2,44.967667,25.791918
6270,DA26006394000111892304141042,2,46.568431,24.580013999999995
872488,AP26004414000202365204141041,1,46.778395,25.288349
864858,AP26006897001003075304141041,1,46.459184,24.976970000000005
2966,DA26003773003101905704141041,2,45.857469,26.182762
645134,DA26003850000202274604141041,2,45.41878,26.305670000000003
886314,DC26035574000013475204141041,2,46.819531,21.670974
25764,DA26007605000101004604141041,2,44.417159,27.832392
396140,DC26007177004303281604141041,2,45.94319099999999,26.217074
581366,DA26030877000111767204141041,2,44.647411,25.574266000000005
3715,DC26002720000011297004141041,2,47.143455,22.876681
3201,DC26006963000101228804141041,2,44.370289,26.088517
222938,DA26020877001507442004141040,2,44.565529,25.62504
694401,DC26032393000111857404141040,2,46.12940699999999,25.609558000000003
15565,DC26007065000000901904141040,2,46.282264,25.872597
7127,DC26002204000200083504141040,2,47.077675,21.799010999999997
4854,DC26002793000000529804141040,2,47.554343,22.846369
106112,DA26002463000202878604141040,2,47.362049,22.081433
136870,DA26017976000306433604141040,2,46.010134,22.239335999999998
1837,DC26003609005101699104141040,2,45.855445,25.942212
12380,DC26003566000100272304141040,2,46.65788899999999,27.703554
2241,DC26002091000500081604141040,2,47.132453,21.910287
17369,DC26002382001003690504141040,2,47.746885999999996,23.091857
843897,AP26010474001012779204141040,1,46.943973,25.479304
4423,DC26007110002602350704141040,2,45.757242999999995,27.049697
20309,DC26012088000203950804141040,2,45.345081,27.733339
25720,DA26012511000604209004141040,2,46.307544,25.944878
15779,DC26004741000000408704141039,2,44.576255,24.102278
535562,DA26007569000101001204141039,2,45.61862,26.130710000000004
858658,AP26006577002000831604141039,1,46.974761,24.99449
13415,DC26008008000103204904141039,2,45.137537,25.633307
851937,AP26001439000312256604141039,1,46.458937,25.523171
15344,DC26006141000100769804141039,2,46.767407,21.933585000000004
2939,DA26005673001201898104141039,2,45.071031,24.340923
599775,DA26001244000306698904141039,2,45.41038799999999,22.192087
821043,AP26001217000209826304141039,1,43.797945,25.449297
864496,AP26000051000002301504141039,1,46.501458,26.844981
697,DA26001235000106759604141039,2,45.878175,27.92153
883472,AP26003235002006868504141039,1,46.438624,24.97342
2890,DA26000239002300723204141039,2,46.01532699999999,23.537850000000002
865590,AP26002126001400323904141038,1,46.124799,22.022914
859365,AP26029725001610266104141038,1,46.239276999999994,21.993297
481613,DA26003218002701802804141038,2,46.331588,22.048695999999996
870979,AP26010668003102948404141038,1,46.626096,25.44476
6677,DA26001883000102510904141038,2,44.189267,24.496787
7015,DC26000328000002627004141038,2,44.980422,25.651698
2606,DC26003544000011297704141038,2,47.313455,22.337472
881197,AP26001838000100572604141038,1,45.219342000000005,26.638196000000004
28127,DA26007775000104446604141038,2,43.943017,24.896236
208164,DC26000393000012670604141038,2,43.990353,28.627516
856088,AP26007181000700934104141038,1,45.731393,25.963869
394539,DA26024660000208368704141038,2,44.353280000000005,22.774371
578021,DA26001771001712303104141038,2,46.77996099999999,24.737994
3410,DC26007366000101973904141038,2,44.199356,27.345894
864858,AP26006897000903075304141038,1,46.459184,24.976970000000005
879009,AP26002689000204735304141037,1,47.376662,22.299436
455544,DC26006420000002948804141037,2,47.218767,22.887777
4855,DA26000338000102201704141037,2,44.962323,26.159487
1854,DC26000141000003201304141037,2,44.210342,28.610941
34848,DC26003868002505236704141037,2,44.569949,24.550517
862791,AP26007223000607541504141037,1,45.990192,25.697348
877216,AP26006849000800864104141036,1,46.831414,25.588267
12095,DA26003239000600024604141036,2,46.51453,25.15759
2524,DC26001038000602108904141036,2,47.94737799999999,23.830998000000005
877910,AP26008096002903448704141036,1,46.275552,25.624773
852212,DA26001171000305150604141036,2,45.13725,25.402294
859016,AP26008767000507598404141036,1,47.376298,23.12271
479,DA26001645000102621104141036,2,45.417326,23.360394
15757,DC26010161000002434304141036,2,45.026911000000005,25.390447000000005
2248,DC26004533000400335504141036,2,45.26872,27.938676
2532,DC26009397000001752504141036,2,47.777121,22.859472
4645,DC26003754000600075104141035,2,45.84875,26.165044000000005
2241,DC26002091000401766704141035,2,47.132453,21.910287
204801,DA26019247000207206404141035,2,46.771824,21.931061
208164,DC26000393000012670604141035,2,43.990353,28.627516000000004
568313,DA26030561000010670004141035,2,45.052054,26.761991
8658,DC26006978000005677904141035,2,44.38308,25.991517
843897,AP26010474000203662704141035,1,46.943973,25.479304
1443,DA26000946000102200004141035,2,47.753457,23.264216
200346,DC26019697000110740104141035,2,44.446566,25.880291
600,DA26000141000012455104141035,2,45.176783,28.7677
4854,DC26002793000000529804141035,2,47.554343,22.846369
204801,DA26019247000212626504141035,2,46.771824,21.931061
14437,DA26007825000003306404141035,2,44.369235,28.450518
814607,AP26001439001901108004141035,1,46.51274800000001,25.435908
406468,DC26027439000309488304141034,2,45.85850200000001,27.915871
2193,DC26007600000004110204141034,2,44.643926,26.228221
868677,AP26001299000308573104141034,1,46.00946100000001,25.812687
2297,DC26006593000001848104141034,2,44.451826,26.246209
2133,DC26003247000000179804141034,2,47.337081,22.332064
12726,DC26006096004309920304141034,2,47.675052,22.479326
856088,AP26007181001500934104141034,1,45.731393,25.963869
882099,DA26002755002002449204141034,2,45.091,25.748606
821043,AP26001217000109826304141034,1,43.797945,25.449297
887193,AP26002869001401215104141034,1,46.283671,22.66531
21866,DC26009482000004441204141034,2,45.435935,21.430925
858658,AP26006577001500831604141034,1,46.974761,24.99449
880629,AP26002378000301792204141033,1,46.329185,21.985806
880590,AP26002215002602826704141033,1,45.870372,26.374602999999997
7182,DC26000520005212172604141033,2,45.965888,23.549066
11523,DC26002709000000258904141033,2,47.91217699999999,23.396152
1966,DC26000141000008806304141033,2,47.78512,22.84004
158,DC26005612000001124404141033,2,45.18358,24.669242
4109,DA26005187000102074804141033,2,45.186896,26.84604
2071,DC26007476000101881304141033,2,44.198525,27.337795
263125,DC26019719000007086604141033,2,47.22504899999999,22.399226
1439,DA26000946000108501804141032,2,47.768334,23.285126
6250,DC26001564000102573604141032,2,44.576844,27.388662
156,DC26005612000101123304141032,2,44.826474,24.876351
859321,AP26004381002702271704141032,1,45.928397,25.937412
15886,DC26007787000503448304141032,2,44.406946,25.887506
381618,DC26026438000012972704141032,2,44.063610000000004,27.701994
883472,AP26003235002006868504141032,1,46.438624,24.97342
942,DC26001816001300421904141032,2,45.184139,28.773421
396140,DC26007177004303281604141032,2,45.94319099999999,26.217074
29789,DC26006070000000754204141032,2,46.79755,23.702944
54243,DA26016486000205841404141032,2,44.117207,25.329292999999996
821043,AP26001217000109826304141031,1,43.797945,25.449297
871284,AP26003538003901809304141031,1,47.009599,25.560318
867045,AP26001413000710749204141031,1,46.278357,25.457632
878048,AP26034667001812990004141031,1,46.224151,25.802621
2193,DC26007600000004110204141031,2,44.643926,26.228221
9642,DC26005146000104120704141031,2,44.916063,26.672474000000005
4430,DA26003798000210064404141031,2,45.872401,26.18813
1837,DC26003609003801699104141031,2,45.855445,25.942212
751846,AP26001483000303091504141031,1,47.621954,22.842441
636984,DC26031739000011330404141030,2,47.484317,22.086759
848640,AP26001413000401170204141030,1,46.219455,25.01835
8930,DC26008823000301498804141030,2,43.826872,24.796321000000002
874302,DC26019742000407103304141030,2,45.32373900000001,21.868282000000004
869267,AP26000828002201846004141030,1,46.514276,26.641215
13874,DA26008104000412637304141030,2,46.358689,25.546988
20784,DC26010105000102355504141030,2,44.640158,26.972967
15046,DC26005278000100534504141030,2,44.870123,24.891411
1565,DC26001271000001568604141030,2,46.086763,27.890409
4416,DC26000660000102122904141029,2,45.080265,25.920252
5425,DC26005536000407988204141029,2,44.986697,21.613223
23718,DA26001568000300380804141029,2,45.623903000000006,25.707908
877910,AP26008096001403448704141029,1,46.275552,25.624773
885612,AP26006437000302728604141029,1,46.65110000000001,25.171669999999995
5128,DC26007941000301905104141029,2,44.411279,27.813733
799282,AP26000084000101687104141029,1,47.93072,26.30393
849705,DC26012207000303971904141029,2,46.333292,25.508022
617469,DA26031493000011183404141029,2,44.267809,28.284518000000002
880590,AP26002215001402826704141029,1,45.870372,26.374602999999997
795462,AP26002098000103178904141029,1,46.157481,21.101766
3706,DC26001923000309990004141029,2,46.09736999999999,21.664234000000004
4031,DC26007834002501905304141028,2,45.789715,26.130375
49866,DA26016002000605685904141028,2,46.497274,25.353624
427828,DC26023540000108528304141028,2,45.237112,26.872753
1582,DC26006782000000856504141028,2,46.527549,24.535512999999998
9223,DA26001429002202798404141028,2,46.950085,22.612517
868677,AP26001299000308573104141028,1,46.009461,25.812687
878048,AP26034667001912990004141028,1,46.224151,25.802621
127429,DA26018786000606706004141028,2,45.976735999999995,22.973941
6232,DA26006120002908873004141028,2,47.024087,23.889585
13966,DC26011036000003249304141028,2,46.291362,25.040218
3031,DC26000135000400767804141028,2,46.607494,26.85946
7386,DC26000883000001986804141028,2,44.286435,23.797705
821043,AP26001217000309826304141027,1,43.797945,25.449297
869267,AP26000828002101846004141027,1,46.514276,26.641215
141106,DA26018982000106777804141027,2,43.894169,25.934589
6754,DC26000137000102626404141027,2,44.91126,25.686297
829600,AP26001415000102476504141027,1,46.684244,21.698949
10362,DC26006983000010269104141027,2,44.743881,26.132317
6952,DA26001667000202558604141027,2,46.893373,22.716714
377238,DA26024913000108404004141027,2,46.591057,24.803065
16887,DA26011487000003488104141027,2,44.735806,27.043338
880440,AP26007478000408170804141027,1,44.355096,26.553712
6134,DC26006314000100802604141027,2,45.282006,25.038514000000003
12095,DA26003239000903053504141027,2,46.51453,25.15759
530881,DA26029839000210311504141026,2,43.67155499999999,25.364414
869346,AP26009454000804273604141026,1,47.721595,22.298542
868832,AP26006369001200943904141026,1,45.047463,22.74721
23718,DA26001568000300380804141026,2,45.623903000000006,25.707908
12459,DA26001985002403025004141026,2,46.86375,23.036199999999997
712381,DA26001332000102460104141026,2,44.804136,25.987587
1243,DC26004803000400425704141026,2,45.269031,27.918787
866898,AP26000066000101490204141026,1,46.241265,26.473625
1560,DA26008053000010259504141026,2,44.64730699999999,27.63736
854899,AP26001355000302235504141026,1,46.27291,25.198392
4992,DA26008037000301152004141026,2,44.908458,22.907563
36179,DA26014726000005260104141026,2,45.340419,23.170597
23034,DA26009746000308073904141026,2,44.417675,27.829117
1982,DC26000141000008785004141025,2,45.766266,22.904155
4713,DA26002855000200194204141025,2,45.64302899999999,21.612887
864086,AP26000110000101077204141025,1,44.959881,25.631958
880440,AP26007478000508170804141025,1,44.355096,26.553712
12309,DA26002755000208877104141025,2,44.864984,25.519375
9035,DC26009668000501883904141025,2,44.370073999999995,26.089744999999997
21329,DC26000421000709998004141025,2,44.850887,26.020822999999996
3715,DC26002720000000252604141024,2,47.143455,22.876681
1267,DC26001914002501485804141024,2,46.076293,21.695095
5394,DA26002394003008265904141024,2,45.095808,23.035738
342,DC26003564004108424604141024,2,46.350407999999995,25.445892
859321,AP26004381001502271704141024,1,45.928397,25.937412
7189,DC26007128000200921104141024,2,45.7753,25.8963
337716,DC26025734000208621804141024,2,44.490254,26.009429
2073,DC26005291000001720804141024,2,44.972869,26.019785
9585,DA26007577000202596004141024,2,44.563772,27.245082
265981,DC26007318000600958704141023,2,44.12762,28.600230999999997
9955,DC26009392000201749904141023,2,46.52128,25.1531
715647,DC26009010000601590304141023,2,45.815458,21.208717
863212,AP26000096001500947704141023,1,45.36954,25.736454999999996
568313,DC26030561000010635204141023,2,45.052054,26.761991
16112,DC26007594000309666404141023,2,44.39374899999999,25.816734
838382,AP26019573000107010904141023,1,44.848337,25.697993
869683,AP26002165003001049604141023,1,46.541632,25.587068
21755,DA26007708000301030804141023,2,44.425539,27.64252
24122,DA26011746000504434404141023,2,46.301798999999995,25.287088999999998
1984,DC26000141000008799604141023,2,46.563729,23.787289
5428,DC26002300000000781704141023,2,46.798623,23.702595
14223,DA26008644000201413604141023,2,43.942663,25.354494
888953,AP26002209001101213404141022,1,46.167329,25.624756
826011,AP26007875003301094904141022,1,44.522138000000005,28.031295
7326,DC26008023000002898204141022,2,45.140208,24.673169
883868,AP26011196001503357904141022,1,46.211961,25.047414
879270,AP26002165003301049604141022,1,46.54271,25.441163
6440,DC26001971000000230104141022,2,44.928258,25.479612
689,DC26007239000101297004141022,2,46.117937000000005,25.584744
3884,DC26005058003302229004141021,2,45.37121199999999,25.16889
20309,DC26012088000203950804141021,2,45.345081,27.733339
795984,AP26001413000210749204141021,1,46.281371,25.458458
15380,DA26008383000001301504141021,2,44.113971,25.003002
416470,DA26027708000109577704141021,2,44.793565,28.507024
4645,DC26003754005400075104141021,2,45.84875,26.165044000000005
376862,DC26017586000706356604141021,2,45.704095,27.729782
2903,DC26004768000005727404141021,2,46.72059,25.918113
6773,DC26005461000002681204141021,2,45.837931,21.290906
851163,AP26000691000500259004141021,1,45.983669,24.679479
813656,AP26001439000901108804141020,1,46.484361,25.538099
17684,DC26004213000010966604141020,2,46.216003,28.015528
2518,DC26007282000301804904141020,2,44.34211,26.163469
881476,AP26001175000401574704141020,1,46.771308,25.542741
6036,DA26002189000202172904141020,2,46.352693,25.286644
28708,DC26003676000106814204141020,2,44.22677100000001,24.343017
871183,AP26001218000100949804141020,1,44.563862,27.170818
799243,AP26000084000101687104141020,1,47.930493,26.3019
857175,AP26001308000100460504141020,1,45.10834,27.213878
3355,DA26001753003200739104141020,2,46.659305999999994,24.939382
3355,DA26001753002913047104141020,2,46.659305999999994,24.939382
20735,DC26005965003200732904141020,2,45.107548,23.841814
619236,DA26015467000013259804141020,2,46.257337,24.971998
581366,DC26030877000310847204141020,2,44.647411,25.574266000000005
814607,AP26001439000601108004141019,1,46.51274800000001,25.435908
870076,AP26000238000102480104141019,1,47.143359,26.213545
181136,DC26019427002506957604141019,2,44.57041,24.5511
3940,DA26001302000002134004141019,2,45.55542499999999,28.035956
881002,AP26003113001200196304141019,1,46.014051,22.462133000000005
767555,DA26030377002710548704141019,2,47.110503,21.900037
22323,DC26007264000009432204141019,2,44.347570999999995,28.026875
872044,AP26000949000201653304141019,1,44.439015000000005,24.044996
337716,DC26025734000508621804141019,2,44.490254,26.009429
455,DA26001447000200565404141019,2,45.962861,25.56012
868677,AP26001299000208573104141019,1,46.00946100000001,25.812687
779558,DC26033803000012471104141018,2,44.967922,28.629112
4186,DA26000337002712147204141018,2,45.221623,25.644804000000004
1160,DA26008130000201475504141018,2,44.62370000000001,27.008400000000005
618,DC26000141000012423504141018,2,44.106227,28.606697
293881,DA26024556000712279104141018,2,46.608448,22.421775
718011,DA26004348000012287804141018,2,44.387587,28.383872
7526,DC26005170000207265604141018,2,47.81543200000001,22.848148
12133,DA26010122000902389004141018,2,46.354999,25.511859
10585,DC26006620000000836904141017,2,46.657835,24.921181
883473,AP26002755001609884004141017,1,44.997488,25.485709
19852,DA26008554000508233504141017,2,43.862632999999995,25.445155
13,DA26003998000104524504141017,2,47.777478,22.852498999999998
132,DA26006684000201085004141017,2,46.93894,25.369038
886176,AP26003564003101503904141017,1,46.351029000000004,26.109032
881002,AP26003113000800196304141017,1,46.014051,22.462133000000005
426,DC26007263000000945604141017,2,44.477443,26.042565
381809,DC26026530000008950704141016,2,46.400264,25.373149
6134,DC26006314000000802604141016,2,45.282006,25.038514
748947,DA26028586000109882704141016,2,44.613799,23.160245
885141,AP26000946001502272604141016,1,47.731446,23.431653999999998
872585,AP26005985002703066304141016,1,45.609615,25.793693
886153,AP26008210001712035504141016,1,46.487042,25.78961
8619,DC26001783000500419804140916,2,45.079479,29.079494999999998
1443,DA26000946000202200004141016,2,47.753457,23.264216
512809,DA26029558002310199704141016,2,44.787845,25.566007
880171,DC26008091000201188204141016,2,46.081059,20.623237
42239,DC26013596000004743804141016,2,46.172486,24.385201
3031,DC26000135000100767804141015,2,46.607494,26.85946
884637,AP26016106001306361704141015,1,46.358912,24.863028
25450,DA26006170000000778004141015,2,45.028625,26.792894
8712,DA26009545000201830804141015,2,43.780081,24.520559000000002
472,DC26008125000001229604141015,2,43.935284,25.976912
15476,DC26007869000402224004141015,2,44.182552,28.59727
855,DC26008373000011410204141015,2,44.19249,28.60041
6890,DA26001276000302452804141015,2,44.682508000000006,25.571859
879936,AP26007148001510485104141014,1,45.840083,26.305386
190272,DC26009710000402241304141014,2,44.682423,26.030137
865750,AP26001558000300579204141014,1,45.935712,25.472895000000005
442301,DC26004355000001855704141014,2,45.830538,25.80458
810155,AP26001439001401108004141014,1,46.51004600000001,25.430611
6425,DC26010049000002575604141014,2,44.25177299999999,27.580289000000004
737354,DC26033248000012277204141014,2,45.47215,27.761403
5305,DA26008100000212210304141014,2,46.36521,25.547944
9637,DC26010256000103840804141014,2,44.90515,25.491028
883868,AP26011196001403357904141013,1,46.211961,25.047414
23718,DA26001568000300380804141013,2,45.623903000000006,25.707908
863790,AP26014795000405281704141013,1,44.323488,22.563948999999997
889204,AP26002595000102379604141013,1,47.336423,22.929373
883473,AP26002755001409884004141013,1,44.997488,25.485709
882899,AP26003138001600727704141013,1,46.925131,22.773629
7182,DC26000520005212172604141013,2,45.965888,23.549066
78925,DA26004365000310709004141013,2,45.799119,20.909554
880765,AP26002108000500269704141013,1,47.916186,23.538942000000002
5047,DC26005523000100598904141013,2,45.289545,22.274587
871183,AP26001218000400949804141012,1,44.563862,27.170818
799245,AP26000084000301687104141012,1,47.930569,26.301738
5570,DC26006304000100802204141012,2,45.304477999999996,25.069239999999997
437822,DC26028308000009780604141012,2,44.554201,23.511981000000002
4401,DC26005950000209570904141012,2,45.951232,26.21505
868889,AP26006029001207425704141012,1,47.779036,23.387638999999997
5279,DA26003643000205893204141012,2,46.42738599999999,25.235724
6822,DA26010220000202555304141012,2,44.437624,26.858323
697,DA26001235000311109904141012,2,45.878175,27.92153
857175,AP26001308000000460504141012,1,45.10834,27.213878
4855,DA26000338000002201704141012,2,44.962323,26.159487
746690,DA26010803000403473204141012,2,44.367032,26.353438999999998
872585,AP26005985001403066304141011,1,45.609615,25.793693
871032,AP26003650002702103404141011,1,45.814018,26.303378999999996
25720,DA26012511000504209004141011,2,46.307544,25.944878
852212,DA26001171000305150604141011,2,45.13725,25.402294
1837,DC26003609003701699104141011,2,45.855445,25.942212
886153,AP26008210001312035504141011,1,46.487042,25.78961
9556,DC26004696000102843304141011,2,45.550406,27.500879
881537,AP26002816000101754804141011,1,46.500344,22.039582
5130,DC26003454000000271104141011,2,45.384505,23.327968
5031,DA26000139000102234304141010,2,44.767597,25.235976999999995
9388,DC26004037000000169304141010,2,47.039832,21.898085
51270,DA26014067000205843404141010,2,47.69324,22.44008
4368,DA26004208000102120504141010,2,44.309979,24.545666999999998
862760,DA26007699000001489804141010,2,44.3868,28.6675
4494,DA26002211000302122404141010,2,45.322309999999995,26.35515
182421,DC26003493000000041004141010,2,45.651837,25.710658
887751,AP26001473000202565204141010,1,47.463437,22.648704999999996
827017,AP26000340000004107504141010,1,44.912901,25.718353
2569,DA26002650000002576004141009,2,46.341163,26.42299
731510,AP26001349003401058904141009,1,47.68366799999999,23.716294
885141,AP26000946001202272604141009,1,47.731446,23.431653999999998
882899,AP26003138001500727704141009,1,46.925131,22.773629
246765,DA26005688000100660804141009,2,45.12276,24.115397
7182,DC26000520005212172504141009,2,45.965888,23.549066
881476,AP26001175000401574704141009,1,46.771308,25.542740999999996
861,DC26008373000001542504141009,2,47.14961,27.60179
9927,DC26006210000107260704141009,2,45.25331400000001,26.364537
871032,AP26003650001502103404141008,1,45.814018,26.303378999999996
7221,DC26001392000100756404141008,2,46.736994,23.592285
173032,DA26004372000002885404141008,2,44.11269000000001,24.36397
2532,DC26009397000201752504141008,2,47.777121,22.859472
835989,AP26002098001103479104141008,1,46.139418,21.093352
878298,AP26007187001900934704141008,1,45.094238,25.731498
22323,DC26007264000004236904141008,2,44.347570999999995,28.026875
23508,DC26011116000503272504141008,2,44.712101,26.518321
326435,DC26007452000100986704141008,2,44.635285,23.948046
810,DA26006564000210480604141008,2,47.158208,22.726786
21834,DC26012489000304006304141008,2,45.595536,25.453162000000003
874459,DC26004031000109992804141008,2,47.350662,22.810307999999996
15131,DC26005209000709881804141007,2,45.340532,26.357612
9637,DC26010256000103840804141007,2,44.90515,25.491028
37832,DC26011361000005368604141007,2,45.030411,26.018095
22985,DC26006452000000815404141007,2,46.618381,24.080074
868677,AP26001299000308573104141007,1,46.00946100000001,25.812687
13874,DA26008104002003247304141007,2,46.358689,25.546988
5531,DA26001033000100431804141007,2,46.41339,26.48017
869316,AP26012457001311267204141007,1,46.12847200000001,26.115165
883105,AP26001447000300564504141007,1,45.909489,25.65819
511152,DA26029465000210542904141007,2,46.753005,23.847456000000005
863794,AP26019201000106847504141007,1,45.154017,26.462479
51148,DC26001879000100824904141007,2,44.079659,24.528407
874631,AP26027703000009576604141007,1,46.696449,27.9845
877810,AP26001742000801042604141007,1,44.499042,22.794000999999998
858650,AP26001299000203190804141006,1,45.968697,25.89124
288940,DA26001944000000026104141006,2,47.343778,24.985175
866155,AP26007172001900932704141006,1,45.937676,26.315031
6482,DC26010049000002604704141006,2,44.338571,27.765473
1421,DC26007682001502968504141006,2,44.16783,28.643503
806395,AP26008511000304759404141006,1,44.028151,25.182683
854899,AP26001355000202235504141006,1,46.27291,25.198392
3199,DC26006963000001228804141006,2,44.370784,26.089257
18739,DC26008103000104749704141005,2,43.663258000000006,25.354181
7755,DC26000132000109878004141005,2,44.605970000000006,25.54895
873535,AP26001439000701100904141005,1,46.496221,25.321614
581726,DC26030895000110849304141005,2,44.974312,24.960573
869626,AP26000880001501693104141005,1,44.283075,23.211321
427828,DA26023540000108528304141005,2,45.237112,26.872753
862896,AP26018786001606706004141005,1,46.01086999999999,23.006536999999998
6285,DC26007689000010294004141004,2,45.755721,24.524416
799249,AP26000084000101687104141004,1,47.926455,26.300519
650,DC26000141000013081504141004,2,45.709626,27.199291
3410,DC26007366001801973904141004,2,44.199356,27.345894
204801,DA26019247000112626504141004,2,46.771824,21.931061
8489,DA26002644000211333204141003,2,44.90108899999999,25.510404000000005
289727,DC26006988000111109804141003,2,44.179147,28.597226
7056,DA26004063000004752404141003,2,47.68959,22.456158
748090,DC26003585000001119704141003,2,46.300676,25.283705
10752,DC26005477000000579804141003,2,45.788199999999996,20.7113
19709,DC26000844000400354704141003,2,43.790118,24.037276
863660,AP26002050001302561304141003,1,46.45394100000001,24.991817
5305,DA26008100001402349604141003,2,46.36521,25.547944
865473,DA26011117000512658104141003,2,46.555319,25.770037
12155,DA26008504000201343904141002,2,43.998528,25.270557
850957,DA26020262000307266904141002,2,46.770726,24.972472999999997
884814,AP26007122001000920404141002,1,45.898435,25.953334
59,DA26007585000201002604141002,2,44.428799,27.642195
430629,DA26001171000109753604141002,2,45.00367500000001,25.637052
9583,DC26010554000404334904141002,2,43.947667,28.086504
22126,DC26012561000004443504141002,2,45.543416,27.497731
869084,AP26007525003202414604141001,1,44.331729,28.005239
862381,AP26002558000201496804141001,1,46.57126,21.633831
5128,DC26007941000501126504141001,2,44.411279,27.813733
531692,DC26015851000005637604141001,2,46.192314,22.609323
2532,DC26009397000001752504141001,2,47.777121,22.859472
877037,AP26006891003200869104141001,1,46.440164,25.662384
868819,AP26001284000802485004141001,1,46.499807,25.353341
4586,DC26000565000306575804141001,2,44.594211,26.069658
223224,DA26008831000501509004141001,2,44.144665,26.718063
792054,AP26001464000312029704141001,1,47.951798,23.289632
870576,AP26001299002001701304141001,1,46.167608,25.768919
869626,AP26000880001401693104141001,1,44.283075,23.211321
869778,AP26001483000203088104141000,1,47.442040999999996,22.420986
863822,DA26007866000101087804141000,2,45.772929,26.124306
878236,AP26001299000303182604141000,1,45.863884000000006,25.745458
2835,DC26004395000113341204141000,2,45.96742700000001,25.566653
1443,DA26000946000202200004141000,2,47.753457,23.264216
1267,DA26001914000001485804141000,2,46.076293,21.695095
5087,DA26002083002601910204141000,2,46.932296,25.328161000000005
455544,DC26006420000402948804141000,2,47.218767,22.887777
566,DA26008093000907325604141000,2,44.21745000000001,27.319158
857175,AP26001308000000460504141000,1,45.10834,27.213878
884364,AP26003643000802799604141000,1,46.444458,25.243034000000005
865,DC26008373000001595204140959,2,44.383981,26.001914
25450,DC26006170000300778004140959,2,45.028625,26.792894
13772,DA26002321000000205604140959,2,45.026602,26.797496
879009,AP26002689000204735304140959,1,47.376662,22.299436
879506,AP26001439000201107204140959,1,46.360574,25.442169
438656,DC26005795000000700104140959,2,45.69044399999999,25.590884
11982,DC26009933000302053004140959,2,44.672866,26.55013
1193,DC26006935000100872804140959,2,46.361682,25.786838
1837,DC26003609005001698204140958,2,45.855445,25.942212
13874,DA26008104001903247304140958,2,46.358689,25.546988
6425,DC26010049000002575604140958,2,44.25177299999999,27.580289000000004
322040,DA26003861000000112004140958,2,45.384793,27.066886
22601,DC26008368000101297104140958,2,44.211496,26.907094
877739,DA26035392000313341804140958,2,45.30983799999999,26.36588
23718,DA26001568000300380804140957,2,45.623903000000006,25.707908
4256,DC26004619000706866604140957,2,45.080819,26.641502
854899,AP26001355000202235504140957,1,46.27291,25.198392
886314,DC26035574000213475204140957,2,46.819531,21.670974
11872,DA26005985000310582504140957,2,45.927268,26.272262
19709,DC26000844001100354704140957,2,43.790118,24.037276
916,DA26004384000209527004140957,2,46.351458,25.129271
799287,AP26000084000101687104140957,1,47.931277,26.30339
2606,DC26003544000011297704140957,2,47.313455,22.337472
4969,DA26007782000101050704140957,2,44.092065,25.584841
744460,DA26032185000412418304140957,2,44.412877,27.797856
39721,DC26014587000005220904140956,2,44.918957,26.982904
8355,DA26002583001402672604140956,2,47.22493599999999,22.772609
4971,DA26003534000211519304140956,2,46.515229,25.156189
1934,DC26000622004812779304140956,2,47.854477,25.969457000000002
4390,DA26004791000102133004140956,2,45.199457,26.736598
3706,DC26001923000309990004140956,2,46.09736999999999,21.664234000000004
7182,DC26000520004912172604140956,2,45.965888,23.549066
1837,DC26003609005001698204140956,2,45.855445,25.942212
848659,AP26001299000303159904140956,1,45.88504,25.733448
884814,AP26007122001300920404140956,1,45.898435,25.953334
2728,DA26008787000111226004140956,2,44.133112000000004,25.570871999999998
863660,AP26002050001302561304140956,1,46.45394100000001,24.991817
7386,DC26000883000001988004140956,2,44.286435,23.797705
870576,AP26001299001701701304140955,1,46.167608,25.768919
5489,DC26009480000101803204140955,2,44.169629,28.436882
25720,DA26012511000604209004140955,2,46.307544,25.944878
862381,AP26002558000201496804140955,1,46.57126,21.633831
3410,DC26007366000201973904140955,2,44.199356,27.345894
2532,DC26009397000001752504140955,2,47.777121,22.859472
3277,DC26002872000000193904140955,2,45.651128,21.171255
9099,DA26004945000403995904140955,2,46.193544,25.914160999999996
1582,DC26006782000100856504140955,2,46.527549,24.535512999999998
64944,DA26017225000106103404140955,2,43.809311,25.16205
92,DC26002215004302826704140955,2,45.929680999999995,26.271151
728828,AP26032539001611732804140955,1,44.949593,24.570935000000002
624777,DC26004700000012035204140955,2,43.947361,24.596998
8923,DC26003029000400140004140955,2,46.213414,21.290718
12069,DC26010460000803191604140954,2,46.34841600000001,25.525674
249,DA26002168000302584804140954,2,46.365297,22.124823000000003
869626,AP26000880001501693104140954,1,44.283075,23.211321
19709,DC26000844001000354704140954,2,43.790118,24.037276
23718,DA26001568000300380804140954,2,45.623903,25.707908
472,DC26008125000001229604140954,2,43.935284,25.976912
867045,AP26001413000310749204140954,1,46.278357,25.457632
748090,DC26003585000001119704140954,2,46.300676,25.283705
542857,DA26030014000310378304140953,2,43.98793800000001,28.621276000000005
5082,DA26002656000209682404140953,2,46.210146,26.659076
20160,DC26012045000003779804140953,2,43.922373,25.964255
568313,DA26030561000010670004140953,2,45.052054,26.761991
813656,AP26001439000301108804140952,1,46.484361,25.538099
879900,AP26011186001504654804140952,1,46.795028,25.300377
2532,DC26009397000401752504140952,2,47.777121,22.859472
841562,DC26000141000013001904140952,2,46.144478,24.319342
368,DA26001347000200593304140951,2,45.292792,25.726418
851094,AP26003970003002128604140951,1,45.404988,28.275763
881807,AP26008210002702300404140951,1,46.421141,25.90563
19709,DC26000844002000354704140951,2,43.790118,24.037276
3038,DC26000433000100193104140951,2,46.067827,20.636927
20513,DA26003638004100061404140950,2,46.427391,25.236869
13286,DC26006122000211537704140950,2,47.671322,22.46459
392983,DA26027014000409153104140950,2,44.096523,23.207590999999997
888796,AP26009363003910335904140950,1,46.94912,25.68282
9707,DA26004627000403080304140950,2,46.788213000000006,21.863428
1837,DC26003609004701698204140950,2,45.855445,25.942212
6683,DC26007193000200935404140950,2,45.984766,26.25932
5558,DC26001545000002342404140950,2,47.177637,23.867952
428,DC26007191000005789104140950,2,46.073822,25.571953
12726,DC26006096000009920304140950,2,47.675052,22.479326
874139,AP26005691001600661904140949,1,45.221521,23.727334
1560,DC26008053000010259504140949,2,44.64730699999999,27.63736
852459,AP26002189003103077804140949,1,46.58792300000001,25.514994
813804,AP26000101000004179604140949,1,44.866929,26.15949
869626,AP26000880001301693104140949,1,44.283075,23.211321
13303,DC26006327000310907304140949,2,44.894215,24.819273999999997
3213,DC26003729000106757704140949,2,44.577357,27.388916999999996
64944,DC26017225000106103404140949,2,43.809311,25.16205
868298,AP26006932002402338804140949,1,46.784732999999996,25.643753
93966,DA26018117000206493904140948,2,43.99265499999999,25.027942
389019,DC26026780000009028104140948,2,45.842037,25.798229
520938,DA26029658000010237504140948,2,43.75573,24.899742
14895,DA26011089000003261304140948,2,44.156566,24.327921
11561,DA26003026000006759104140948,2,47.02745,22.266059
54243,DA26016486000105841404140948,2,44.117207,25.329292999999996
839283,AP26001887000101043804140948,1,44.540178,22.810852
854899,AP26001355000202235504140948,1,46.27291,25.198392
206534,DC26007002000013248004140948,2,45.71837300000001,27.168123999999995
497889,DA26016301000105789404140948,2,44.10711800000001,23.051465000000004
24590,DC26012271000003888404140948,2,47.00716,23.848272
24346,DC26006820000100860604140947,2,45.517734999999995,27.318392
1562,DC26001271000012168804140947,2,45.779616,27.990147
787485,AP26001781000102856704140947,1,45.179432,24.945853
875930,AP26001261000111261404140947,1,46.123894,27.283684
4855,DA26000338000002201704140947,2,44.962323,26.159487
300,DC26001263000101063904140947,2,45.440496,28.036581
578021,DA26001771001212303104140947,2,46.77996099999999,24.737994
208164,DC26000393000012670604140947,2,43.990353,28.627516
2890,DA26000239002400723204140947,2,46.01532699999999,23.537850000000002
1837,DC26003609005101698204140947,2,45.855445,25.942212
4559,DC26000115000200245104140947,2,45.008206,26.015368
1443,DA26000946000102200004140946,2,47.753457,23.264216
4877,DA26006638000009318404140946,2,44.62463499999999,22.684147
5128,DC26007941000401126504140946,2,44.411279,27.813733
10404,DA26007860000201081104140946,2,46.047948,26.319297000000002
5302,DC26002309000002645104140946,2,47.854725,23.411222
19137,DC26011990000005787004140946,2,45.8717,25.801371
23718,DA26001568000300380804140945,2,45.623903000000006,25.707908
22126,DC26012561000204443504140945,2,45.543416,27.497731
425,DC26002868000100105004140945,2,47.024309,21.950825
867646,AP26007866000401087804140945,1,45.743139,26.141344
879009,AP26002689000204735304140945,1,47.376662,22.299436
854595,AP26001317001602452404140945,1,46.01169000000001,26.427994
865396,AP26003629001303301204140945,1,46.88670299999999,22.444185
737354,DC26033248000012277204140945,2,45.47215,27.761403
3734,DC26008087000101184904140945,2,44.452621,26.163489
690143,DC26005612000312159404140945,2,44.418195,24.323752
393577,DA26010887000309885504140944,2,44.237646000000005,26.468283
882995,AP26001190000202316904140944,1,45.669324,27.548507
875815,AP26000068002202446904140944,1,46.482533,27.341384
9955,DC26009392000201749904140944,2,46.52128,25.1531
4607,DC26004507000302146004140944,2,45.79844,23.002849
15875,DA26005969000312395804140944,2,46.307261000000004,25.837425
124921,DC26018739000306691304140944,2,44.367206,26.186629999999997
854899,AP26001355000402235504140944,1,46.27291,25.198392
156,DC26005612000006985404140944,2,44.826474,24.876351
39354,DA26012199000206967004140944,2,44.710314000000004,27.105608
2966,DA26003773002301905704140944,2,45.857469,26.182762
4877,DA26006638000509318404140944,2,44.62463499999999,22.684147
866544,AP26010998001607394204140943,1,46.380727,24.882859
4839,DA26000654000102598904140943,2,45.034248,25.940707
1837,DC26003609005001698204140943,2,45.855445,25.942212
887815,AP26001791001505085104140943,1,45.033254,24.69295
17369,DC26002382000303690504140943,2,47.746885999999996,23.091857
5128,DC26007941000301126504140943,2,44.411279,27.813733
211082,DC26004985000000474704140943,2,44.48384000000001,23.445710000000002
640905,DA26031782000111302204140943,2,47.024081,26.867888000000004
9533,DC26010283000102684104140942,2,44.616836,27.020509
852924,DC26001495000102124504140942,2,46.412782,26.450724999999995
888953,AP26002209000901216604140942,1,46.167329,25.624756
878132,AP26006792000905857004140942,1,46.565127999999994,25.642205
5031,DA26000139000502234304140942,2,44.767597,25.235977000000002
1892,DC26000141000010328904140942,2,45.767216,21.236519
18476,DA26010975000006882204140942,2,44.128891,24.581188
872026,AP26001439000301287804140942,1,46.50043,25.468436
428,DA26007191000705789104140941,2,46.073822,25.571952999999997
879506,AP26001439000201107204140941,1,46.360574,25.442169
748090,DC26003585000001119704140941,2,46.300676,25.283705
6370,DC26000879000712969104140941,2,44.025116,23.091967999999998
280873,DA26004569003402383904140941,2,45.19171,27.942216
864222,AP26000353000301108504140941,1,44.976794000000005,25.521691
18042,DA26000241000102710104140941,2,44.953465,25.29617
1443,DA26000946000202200004140941,2,47.753457,23.264216
640126,DC26008373000011263104140941,2,44.882722,24.837809
1837,DC26003609005301698204140941,2,45.855445,25.942212
4052,DC26005065002810495904140941,2,45.045353,24.703004000000004
739882,DA26003520001003691304140940,2,45.665288,25.661811
862392,AP26001413000301163304140940,1,46.19544,25.4627
2073,DC26005291000101718804140940,2,44.972869,26.019785000000002
868298,AP26006932002002338804140940,1,46.784732999999996,25.643753
5082,DA26002656000209682404140940,2,46.210146,26.659076
8658,DC26006978000010692904140939,2,44.38308,25.991517
2290,DA26001023000113019604140939,2,47.930254,23.936462
880505,AP26001422000205126204140939,1,47.37520700000001,22.373915
811951,AP26000051000202473204140939,1,46.393093,26.927167
16492,DC26006988000102051204140939,2,44.602541,26.069586
30614,DC26011447000703471004140939,2,46.777066,24.862532
18487,DC26004940000103700504140939,2,45.186779,26.749766
813917,AP26001781000202856704140938,1,45.17919,24.945778
9388,DC26004037000000169304140938,2,47.039832,21.898085
1837,DC26003609005101699104140938,2,45.855445,25.942212
1837,DC26003609005601699604140938,2,45.855445,25.942212
3721,DC26002418000400671004140938,2,47.717378,23.345217
882995,AP26001190000302316904140938,1,45.669324,27.548507
11523,DC26002709000000258904140938,2,47.91217700000001,23.396152
5570,DC26006304000100802204140938,2,45.304477999999996,25.069239999999997
578021,DA26001771001712303104140938,2,46.77996099999999,24.737994
863986,AP26001175000806800404140938,1,46.67721600000001,25.305744
854595,AP26001317001202452404140937,1,46.01169000000001,26.427994
1439,DA26000946000308501804140937,2,47.768334,23.285126
10648,DA26007741000301037804140937,2,43.891437,28.496635
136870,DA26017976000306433604140937,2,46.010134,22.239335999999998
8156,DA26008826000201501004140937,2,43.890137,25.389808
867396,AP26000353000100481404140937,1,44.908997,25.381803
2133,DC26003247000000179804140937,2,47.337081,22.332064
246765,DA26005688000100660804140936,2,45.12276,24.115397
12616,DC26006692000000846704140936,2,46.514498,25.157496
862502,AP26001235001901307504140936,1,46.262503,27.861242
263125,DC26019719000007086604140936,2,47.225049,22.399226
7182,DC26000520005012172504140936,2,45.965888,23.549066
673539,DC26007182000013270704140936,2,45.690361,25.622836
712018,AP26000988000301930704140936,1,44.69225500000001,24.31228
849226,AP26001923001501646704140936,1,45.99086500000001,21.966377000000005
29088,DA26007896000101103204140936,2,44.490124,28.64493
865545,AP26008372002611197704140936,1,46.013073,25.785798
7526,DC26005170000007265604140935,2,47.81543200000001,22.848148
1837,DC26003609005201699604140935,2,45.855445,25.942212
10973,DA26007901000001104904140935,2,43.757085,24.901175
23718,DA26001568000300380804140935,2,45.623903000000006,25.707908
865750,AP26001558000300579204140935,1,45.935712,25.472895000000005
879009,AP26002689000204735304140935,1,47.376662,22.299436
117,DA26007856000112523304140934,2,44.557723,27.894235999999996
12142,DA26008759000301463204140934,2,46.362528,21.51577
744985,AP26001568000300372604140934,1,45.57312099999999,25.622807000000005
13286,DC26006122000200764004140934,2,47.671322,22.46459
11878,DC26005985000003074604140934,2,45.792433,25.844197
14650,DC26003653000100062304140934,2,46.384989999999995,25.293299
862502,AP26001235001701307504140934,1,46.262503,27.861242
36726,DC26014531000006319904140934,2,47.695665,22.438171
2405,DA26008560000101764804140933,2,46.40747000000001,26.461463999999996
5149,DA26003300000000207304140933,2,47.72807,22.48906
862569,DC26032476000513490504140933,2,44.39666,25.905204
16159,DA26000364000403306204140933,2,44.927911,25.315288999999996
838464,AP26003239002910481604140933,1,46.645848,25.262567
6474,DC26007943000106612604140933,2,44.398647000000004,28.661483
880423,AP26007239001602435004140932,1,46.153780000000005,25.569114
7641,DC26004527003302667104140932,2,45.385658,25.172670999999998
51270,DA26014067000105843404140932,2,47.69324,22.44008
300,DC26001263000201063904140932,2,45.440496,28.036581
712018,AP26000988000101930704140932,1,44.692255,24.31228
14437,DA26007825000103306404140932,2,44.369235,28.450518
872276,AP26001887000908925204140932,1,44.527928,22.573004
839283,AP26001887000201043804140932,1,44.540178,22.810852
7020,DC26004139000100198004140932,2,46.409518999999996,21.634183000000004
322040,DA26003861000302768604140932,2,45.384793,27.066886
737354,DC26033248000012277204140931,2,45.47215,27.761403
9899,DC26010569000202868204140931,2,44.232408,26.456733
1982,DC26000141000008785004140931,2,45.766266,22.904155
4430,DC26003798000100085304140931,2,45.872401,26.18813
190272,DC26009710000202241304140931,2,44.682423,26.030137
837671,DC26019719000007086604140931,2,47.508345,22.111614
106112,DA26002463000202878604140931,2,47.36204899999999,22.081433
23598,DA26004155000100199904140930,2,46.792846,21.679463
878610,AP26000337001812147204140930,1,45.34898999999999,25.538286
540,DC26007445000000985904140930,2,44.484022,26.027395
442301,DC26004355000001855704140930,2,45.830538,25.80458
859865,AP26010148001010249204140930,1,46.489352,26.009944
850807,AP26000453000308863904140930,1,47.266922,24.110423
832982,AP26001523000003247104140930,1,47.505394,22.024902
1858,DA26005083000201739604140930,2,45.0315,24.504726
1468,DA26006733000500851504140930,2,44.03463200000001,23.354063
813656,AP26001439000801108804140930,1,46.484361,25.538099
2606,DC26003544000011297704140930,2,47.313455,22.337472
586,DA26006925000300871904140930,2,46.536549,25.496284
1837,DC26003609004801699604140930,2,45.855445,25.942212
811789,DA26034284000212691604140929,2,43.778147,24.512769
871854,AP26000058000202315104140929,1,46.622732000000006,26.833480999999995
381618,DC26026438000012972704140929,2,44.063610000000004,27.701994
23718,DA26001568000300380804140929,2,45.623903000000006,25.707908
1421,DC26007682000702968504140929,2,44.16783,28.643503
24767,DC26012108000703817804140929,2,47.90692099999999,23.306787
4153,DC26007964000502256404140929,2,44.97414899999999,26.018199999999997
865750,AP26001558000300579204140928,1,45.935712,25.472895
3970,DC26002247000000289904140928,2,44.959615,24.235965
4266,DC26000326000000711104140928,2,46.78245,23.557784
19852,DA26008554000208233504140928,2,43.862632999999995,25.445155
426454,DC26012678000204147304140927,2,46.207589000000006,21.286834
16492,DC26006988000002051204140927,2,44.602541,26.069586
21435,DA26012159000811042004140927,2,46.92659799999999,25.359096000000005
849226,AP26001923001201646704140927,1,45.99086500000001,21.966377000000005
578021,DA26001771001212303104140927,2,46.77996099999999,24.737994
1858,DA26005083000201739604140926,2,45.0315,24.504726
9900,DA26001510000301667604140926,2,47.104617,22.404776
294,DC26006146000100770804140926,2,47.825488,22.838259
20879,DC26012217000103864704140926,2,46.70861,25.536481
293881,DA26024556000712279104140926,2,46.608448,22.421775
6370,DA26000879001512969104140926,2,44.025116,23.091967999999998
854899,AP26001355000202235504140926,1,46.27291,25.198392
6677,DA26001883000002510904140925,2,44.189267,24.496787
15,DC26002165000101129904140925,2,46.42689099999999,25.387269
6425,DC26010049000002575604140925,2,44.25177300000001,27.580288999999997
6890,DA26001276000002452804140925,2,44.682508000000006,25.571859
881795,AP26001835001408927204140925,1,45.241813,26.493451000000004
870267,AP26001483003308428004140925,1,47.739505,23.387856
181,DC26001998000402537804140925,2,47.077675,21.799010999999997
814903,DA26034330000012723004140924,2,44.9222,25.464
882298,AP26005218000503835604140924,1,47.538272,22.677792999999998
568313,DA26030561000210670004140924,2,45.052054,26.761991
879506,AP26001439000201107204140924,1,46.36057400000001,25.442168999999996
772983,AP26002686000102861604140924,1,46.129256,26.547512
870519,AP26000110000101070904140923,1,45.048048,25.592033
1837,DC26003609003201699104140923,2,45.855445,25.942212
393112,DA26019703000109205504140923,2,44.184467000000005,26.367086
881125,AP26002598000301558104140923,1,47.325864,22.659304000000002
775112,DA26024885000308399604140923,2,45.992653999999995,20.688246
8549,DC26009041000002749404140923,2,46.513958,24.611005
4787,DC26005676000002199604140923,2,45.061097,24.339093000000002
26432,DC26007335000000961404140923,2,44.740655,26.401961
883473,AP26002755003207954304140922,1,44.997488,25.485709
878159,AP26008194000701237304140922,1,46.179518,25.482149000000003
5682,DA26003165000102368804140922,2,47.693419,22.414347000000003
578021,DA26001771001712303104140922,2,46.77996099999999,24.737994
19580,DC26008028001101148104140922,2,45.40545699999999,25.148585
854899,AP26001355000502235504140922,1,46.27291,25.198392
17429,DC26011632000006765204140922,2,46.074823,21.562987000000003
7182,DC26000520005212172504140921,2,45.965888,23.549066
850807,AP26000453000308863904140921,1,47.266922,24.110423
425982,DA26012321000103904604140921,2,46.396221,25.141833000000002
712018,AP26000988000001930704140921,1,44.692255,24.31228
11747,DA26001463002003031204140921,2,45.086126,21.853587
872862,AP26001753001700736804140921,1,46.678097,25.090529
8708,DC26010371000202739704140920,2,47.733033,23.318211
889431,AP26006728003211409004140920,1,46.92015,25.616799
1992,DC26000141000003226004140920,2,44.435121,26.189014
788636,DA26022420002807771504140920,2,47.23684,22.99609
14596,DC26011021000012233004140920,2,44.665669,24.256686
13772,DC26002321000000205604140920,2,45.026602,26.797496
5279,DA26003643000205893204140920,2,46.42738599999999,25.235724
883721,AP26006697001702756604140920,1,46.29144,25.332452
7182,DC26000520005212172604140920,2,45.965888,23.549066
873882,AP26001558000312851904140919,1,46.06943900000001,25.429486
788967,AP26001355000402210604140919,1,46.330369,24.997847
611009,DC26002036000000127504140919,2,46.213414,21.290718
8846,DC26007996000011912004140919,2,45.080235,25.862374
865590,AP26002126001400323904140919,1,46.124799,22.022914
2890,DA26000239002300723204140919,2,46.01532699999999,23.537850000000002
854899,AP26001355000202235504140919,1,46.27291,25.198392
814906,DA26034330000112732504140919,2,45.764,21.234
4855,DA26000338000002201704140918,2,44.962323,26.159487
7393,DA26000257001205952304140918,2,44.720023,25.291935
846293,AP26001439000412256604140918,1,46.45825399999999,25.523633
6122,DA26000586000409321104140918,2,45.100659,26.050985
921,DC26008061000505602804140918,2,44.559250999999996,23.495737000000002
18042,DA26000241000102710104140918,2,44.953465,25.29617
868677,AP26001299000308573104140918,1,46.00946100000001,25.812687
845256,AP26001936001401316304140917,1,46.703881,25.025173
748090,DC26003585000001119704140917,2,46.300676,25.283705
2939,DA26005673000801898104140917,2,45.071031,24.340923
7948,DC26004584000500357404140917,2,45.14482999999999,26.854206
1421,DC26007682000702968504140917,2,44.16783,28.643503
867,DC26008373000007872604140917,2,44.963583,25.967882
29736,DC26005025000008091704140917,2,44.89263,28.718746
20490,DC26008738000001458004140916,2,43.758362,24.863608
878159,AP26008194001701237304140916,1,46.179518,25.482149000000003
873882,AP26001558000212851904140916,1,46.06943900000001,25.429486
3037,DC26007334000000961504140916,2,44.97306,24.239271
289727,DC26006988000010949204140916,2,44.179147,28.597225999999996
3277,DC26002872000100193904140916,2,45.651128,21.171255
872862,AP26001753001500736804140916,1,46.678097,25.090529
6305,DA26006986001602816904140916,2,45.082278,23.051129
885941,AP26003798001509951904140916,1,45.82503499999999,26.268807
4971,DA26003534000100045804140915,2,46.515229,25.156189
1296,DC26002829002001422004140915,2,45.82934500000001,22.072166
889153,AP26007269000200946504140915,1,45.719605,26.282617
1837,DC26003609004901699604140915,2,45.855445,25.942212
724921,DC26032973000212153204140915,2,43.930044,25.361538
7386,DC26000883000001988004140915,2,44.286435,23.797705
2108,DA26004305000411951104140915,2,46.03779599999999,26.058978
888214,AP26008684000001432404140915,1,44.144252,26.411204
479,DA26001645000202621104140915,2,45.417326,23.360394
455,DA26001447000300565404140915,2,45.962861,25.56012
774128,AP26001217000102387904140915,1,43.869516,25.415707
737354,DC26033248000012277204140914,2,45.47215,27.761403
526038,DC26014530000005206604140914,2,47.856976,22.878019
554769,DC26029806000212259504140914,2,46.85488999999999,22.183353
8917,DC26002638000400191304140914,2,46.588829,27.375167
11846,DA26008515000201346804140914,2,44.01774,24.81895
43479,DC26015421000008821304140914,2,44.179251,28.623463
10973,DA26007901000101104904140914,2,43.757085,24.901175
293881,DA26024556000812279104140914,2,46.608448,22.421775
11456,DC26010047000102257504140913,2,45.016127000000004,26.329562999999997
3570,DA26002442001701992904140913,2,46.657074,22.321356999999995
888947,AP26009110000501612804140913,1,46.56441,24.979648
873882,AP26001558000112851904140913,1,46.069439,25.429486
868677,AP26001299000408573104140913,1,46.009461,25.812687
614,DC26000141000008811904140913,2,44.424433,25.996651
15875,DA26005969000312395804140913,2,46.307261,25.837425
1880,DC26003990000005061504140913,2,46.623462999999994,27.751804000000003
4518,DA26004578000102137604140913,2,45.272791000000005,27.940919999999995
1439,DC26000946002102310304140912,2,47.768334,23.285126
1522,DA26008819000101496104140912,2,44.426961,27.343537
839982,AP26001192000301506104140912,1,44.684648,26.287578
3978,DC26007175000300933304140912,2,46.10234599999999,26.197274000000004
23718,DA26001568000300380804140912,2,45.623903000000006,25.707908
8217,DA26001171000203350704140912,2,44.963855,25.296059
4494,DA26002211000302122404140912,2,45.322309999999995,26.35515
5062,DA26006975000211189304140912,2,44.172481,24.361731000000002
280130,DC26008670000101561804140912,2,44.273158,26.134238
809020,AP26001355000402210604140912,1,46.334444,24.982015
878298,AP26007187001800934704140912,1,45.094238,25.731498
3248,DC26007578000101001904140912,2,44.13774,25.319011
879270,AP26002165003201049604140912,1,46.54271,25.441163
334,DC26001864000000428804140912,2,44.649666,22.678268
9156,DA26004760002002804804140911,2,47.038624,22.386784
78925,DA26004365000210709004140911,2,45.799119,20.909554
7393,DA26000257001105952304140911,2,44.720023,25.291935
14596,DC26011021000012233004140911,2,44.665669,24.256686
623616,DC26019387000106940604140911,2,46.537102,24.81698
1835,DC26000141000003219604140911,2,46.894249,26.423512
845256,AP26001936001101316304140911,1,46.703881,25.025173
873882,AP26001558000312851904140911,1,46.069439,25.429486
5120,DA26007941000001907704140911,2,44.41121999999999,27.814529000000004
11747,DA26001463001703031204140911,2,45.086126,21.853587
854899,AP26001355000302235504140910,1,46.27291,25.198392
3706,DC26001923000309990004140910,2,46.09736999999999,21.664234000000004
839144,AP26001424000807756304140910,1,46.579166,26.039249
8549,DC26009041000002749404140910,2,46.513958,24.611005
12309,DA26002755000008877104140910,2,44.864984,25.519375
16112,DC26007594000203457604140910,2,44.39374899999999,25.816734
4154,DC26000124000004532304140909,2,45.270683,26.092147
751846,AP26001483000003091504140909,1,47.621954,22.842441
2890,DA26000239002700723204140909,2,46.01532699999999,23.537850000000002
4390,DA26004791000202133004140909,2,45.199457,26.736598
413599,DC26010598000102878304140909,2,46.472755,24.445034000000003
717,DC26000278000301306104140909,2,45.720687,21.311547
863790,AP26014795000305281704140909,1,44.323488,22.563949
1846,DC26006465000200816604140909,2,46.213658,24.664188
2596,DA26003800000402497404140908,2,45.312835,26.359355000000004
854899,AP26001355000402235504140908,1,46.27291,25.198392
2266,DC26000531000002818404140908,2,47.152508,24.505906
7622,DA26000142000902658204140908,2,44.65376799999999,25.578615
868102,AP26004665003509194004140908,1,46.407205,25.916421
876580,AP26002305001411335004140908,1,46.210817999999996,26.560174
889301,AP26001588000306245004140908,1,46.610552,25.082876
889378,AP26001424000702720904140908,1,46.357351,25.591285
2890,DA26000239002500722504140908,2,46.01532699999999,23.537850000000002
13182,DC26006678000008947004140907,2,46.23804,25.458925
5276,DA26005679000100658504140907,2,45.00399000000001,24.252903
873882,AP26001558000112851904140907,1,46.069439,25.429486
883301,AP26030939000411047104140907,1,46.321132,26.067599
4256,DC26004619000102095604140907,2,45.080819,26.641502
2248,DC26004533000100335504140906,2,45.26872,27.938676
11546,DC26010154000002428504140906,2,46.575272000000005,24.601253
2939,DA26005673000601898104140906,2,45.071031,24.340923
2846,DC26003116000102864004140906,2,47.0541,21.86988
455,DA26001447000200565404140906,2,45.962861,25.56012
569655,DA26026452000213268204140906,2,46.198104,21.345685
1837,DC26003609005001699604140906,2,45.855445,25.942212
883721,AP26006697001602756604140906,1,46.29144,25.332452
7755,DC26000132000006677504140906,2,44.60596999999999,25.54895
854899,AP26001355000202235504140905,1,46.27291,25.198392
806463,AP26031798000311311104140905,1,47.039073,23.359351
4572,DC26007378000004224304140905,2,44.133337,25.218715
885869,AP26010436003802800804140905,1,47.062227,25.409686000000004
809495,AP26001389000405047504140905,1,46.059092,25.964474
108137,DC26017001000106019204140905,2,45.144678,26.854581
867045,AP26001413000310749204140905,1,46.278357,25.457632
863212,AP26000096001500947704140905,1,45.36954,25.736454999999996
882306,AP26019752001809111804140905,1,46.191719,21.767805999999997
23718,DA26001568000300380804140905,2,45.623903,25.707908
16508,DA26004176000303971204140905,2,47.344489,22.952626999999996
878414,AP26004409002900298504140904,1,46.60226500000001,25.555468
58921,DC26004713000300403104140904,2,45.471443,26.277527000000003
8830,DC26002547000000132204140904,2,46.421648,21.836743
156,DC26005612000012449004140904,2,44.826474,24.876351
1143,DC26007850000201447704140904,2,44.35193999999999,24.097439999999995
9370,DC26006090000002628004140904,2,46.59751,25.800292
23045,DA26009741000304263404140904,2,44.417173999999996,27.830973
393112,DA26019703000109205504140904,2,44.184467000000005,26.367086
854899,AP26001355000302235504140903,1,46.27291,25.198392
5553,DC26003758003600228904140903,2,45.767643,26.106176
4971,DA26003534000100045804140903,2,46.515229,25.156189
9869,DC26010594000202877404140903,2,44.875953,24.042264
7015,DC26000328000002627004140902,2,44.980422,25.651698
827017,AP26000340000004107504140902,1,44.912901,25.718352999999997
862569,DC26032476000012589304140902,2,44.39666,25.905204
427828,DA26023540000308528304140902,2,45.237112,26.872753
2253,DA26003547001000046704140902,2,46.80266699999999,25.478325
766,DC26006787003413414504140902,2,46.710995,25.505551
1837,DC26003609005001699604140902,2,45.855445,25.942212
1778,DA26002751001600865404140902,2,45.09917099999999,23.622679
882187,AP26006716001300849304140902,1,46.686283,26.026065
163350,DA26004949001200467404140902,2,46.908029,26.465058
875243,AP26001424000207054304140901,1,46.300085,25.636613999999998
19137,DC26011990000005787004140901,2,45.8717,25.801371
173032,DA26004372000002885404140901,2,44.11269000000001,24.36397
4940,DC26000585000100508904140901,2,44.969114,26.08219400000001
12726,DC26006096000009920304140901,2,47.675052,22.479326
881092,AP26006616000303541404140901,1,46.566723,24.656046
4971,DA26003534000211519304140901,2,46.515229,25.156189
196,DC26004190000001936704140901,2,47.20233,23.05537
3664,DC26008321000109887704140901,2,44.46859700000001,26.497049
25654,DC26007470000000988804140901,2,44.96128000000001,26.360469
294,DC26006146000100770804140901,2,47.825488,22.838259
4726,DC26000368000402214604140901,2,44.967667,25.791918
562733,DA26009802000305572804140900,2,46.689855,24.666857000000004
32,DA26003657000601634204140900,2,45.859681,26.156623
774314,DC26006988000012727704140900,2,45.723973,21.282091
3734,DC26008087000001184904140900,2,44.452621,26.163489
867045,AP26001413000610749204140900,1,46.278357,25.457632
4430,DC26003798000502125304140900,2,45.872401,26.18813
875243,AP26001424000307054304140859,1,46.300085,25.636613999999998
5245,DA26005228000100556404140859,2,47.698568,22.650161
2478,DC26005616000101815904140859,2,47.223794,23.007365000000004
23718,DA26001568000300380804140859,2,45.623903000000006,25.707908
878298,AP26007187002000934704140859,1,45.094238,25.731498
163350,DA26004949001100467404140859,2,46.908029,26.465058
117,DA26007856000212523304140859,2,44.557723,27.894235999999996
878414,AP26004409001900298504140859,1,46.60226500000001,25.555468
16596,DC26001796000006406404140859,2,44.677099,23.377045
600300,DA26031158000211011704140859,2,44.198028,28.315745000000003
7526,DC26005170000000520004140859,2,47.815432,22.848148
11846,DA26008515000301346804140859,2,44.01774,24.81895
25720,DA26012511000804209004140859,2,46.307544,25.944878
455,DA26001447000900565404140859,2,45.962861,25.56012
3289,DA26003434000301940304140858,2,46.367772,22.119545
868677,AP26001299000308573104140858,1,46.009461,25.812687
578021,DA26001771001712303104140858,2,46.77996099999999,24.737994
16112,DC26007594000103457104140858,2,44.39374899999999,25.816734
11523,DC26002709000300258904140858,2,47.91217700000001,23.396152
428,DA26007191000205789104140857,2,46.073822,25.571952999999997
884468,AP26001355000402210604140857,1,46.325694,25.012177
5920,DC26001322000000940904140857,2,44.020199999999996,23.348919999999996
7153,DC26002834000000618704140857,2,47.468666000000006,23.29566
6247,DC26010168000302445904140857,2,44.543797000000005,26.142175999999996
1837,DC26003609005101699104140857,2,45.855445,25.942212
751846,AP26001483000203091504140857,1,47.621954,22.842441
872648,AP26009500002612527804140857,1,45.87216800000001,22.310433
810796,AP26001221000001165704140857,1,44.721047,26.489217
294,DC26006146000000770804140857,2,47.825488,22.838259
865089,AP26001192000001506104140857,1,44.676922,26.281027
1837,DC26003609005001699604140857,2,45.855445,25.942212
818353,AP26001785000206143404140856,1,44.698592,25.080203
3260,DC26003656000000227204140856,2,44.353241,24.078411
868586,AP26007126000400920004140856,1,45.646351,25.828765
12846,DA26010785000003036204140856,2,45.418629,26.307503
876580,AP26002305001411335004140856,1,46.210817999999996,26.560174
874790,AP26002383002701634304140856,1,45.991672,21.718555
7020,DC26004139000100198004140856,2,46.409518999999996,21.634183000000004
778341,DC26033896003612506004140856,2,47.16133299999999,25.816343
5824,DC26006127000000768804140856,2,47.78323,22.828752
873949,AP26030939000411047104140856,1,46.319813,26.07456
7189,DC26007128000100921104140856,2,45.775299999999994,25.8963
638,DC26000141000008801404140855,2,44.87979,24.841384
20820,DC26001831000003955404140855,2,46.632766,27.592645
18094,DA26010615000302890304140855,2,46.534026000000004,25.36704
873535,AP26001439000701100904140855,1,46.496221,25.321614
14389,DC26010647000202931104140855,2,44.112177,25.002713
350606,DC26025916000109924804140855,2,45.687237,25.582062
18106,DC26005721000503670504140855,2,45.11254499999999,24.938484
889137,AP26008684000201432404140854,1,44.04836600000001,26.023715
1981,DC26000141000008782404140854,2,47.146444,27.594717
1257,DC26002156000109886104140854,2,44.44263800000001,25.956404000000003
119954,DA26018549000206633504140854,2,44.731256,27.464356
13966,DC26011036000003249304140854,2,46.291362,25.040218
15131,DA26005209000100524904140854,2,45.340532,26.357612
5824,DC26006127000000768804140854,2,47.78323,22.828752
864858,AP26006897002403075304140853,1,46.459184,24.976970000000005
4726,DC26000368000302162204140853,2,44.967667,25.791918
469043,DC26006564000012898404140853,2,47.194218,22.715023
342,DC26003564003608424604140853,2,46.350407999999995,25.445892
11895,DC26002470000100350704140853,2,47.300388,21.996762
1182,DC26008636000201571504140853,2,44.137357,25.318994
863659,AP26006818000500860404140853,1,46.571256,25.235786
42062,DC26015371000112351104140853,2,44.193385,26.449497999999995
4256,DC26004619000109808104140852,2,45.080819,26.641502
916,DA26004384000309527004140852,2,46.351458,25.129271
6425,DC26010049000002575604140852,2,44.251773,27.580289
867045,AP26001413000610749204140852,1,46.278357,25.457632
16722,DA26009296000103658604140852,2,46.498699,21.989212
322040,DA26003861000300112004140852,2,45.384793,27.066886
578021,DA26001771001212303104140852,2,46.77996099999999,24.737994
9561,DC26006461000500816204140852,2,46.42934399999999,24.835093
872862,AP26001753001613424404140852,1,46.678097,25.090529
8225,DA26001171000702699704140852,2,44.962729,25.298938000000003
1030,DA26002087001305321404140852,2,46.087318,22.025622
450366,DC26028454000409844804140851,2,46.43030100000001,24.824864
2532,DC26009397000001752504140851,2,47.777121,22.859472
2478,DC26005616000001818604140851,2,47.223794,23.007365
2846,DC26003116000102864004140851,2,47.0541,21.86988
4971,DA26003534000900045804140851,2,46.515229,25.156189
874459,DC26004031000009992804140851,2,47.350662,22.810308000000003
645029,AP26011218000308431304140851,1,44.399289,28.060875
16722,DA26009296000103658604140850,2,46.498699,21.989212
5287,DC26009911000002010704140850,2,46.230952,24.837323
17684,DC26004213000010966604140850,2,46.216003,28.015528
11523,DC26002709000000258904140850,2,47.91217700000001,23.396152
9388,DC26004037000000169304140850,2,47.039832,21.898085
1582,DC26006782000000856504140850,2,46.527549,24.535513
748090,DC26003585000001119704140850,2,46.300676,25.283705
7376,DA26007149000502632904140850,2,45.930761999999994,26.266522999999996
568313,DA26030561000010670004140850,2,45.052054,26.761991
293881,DA26024556000712279104140849,2,46.608448,22.421775
880349,AP26013376000504641004140849,1,46.640841,25.248386
8549,DC26009041000102749404140849,2,46.513958,24.611005
8225,DA26001171000702699704140849,2,44.962729,25.298938000000003
11895,DA26002470000103060704140849,2,47.300388,21.996762
5245,DA26005228000100556404140849,2,47.698568,22.650161
577475,DC26005013000005989404140849,2,45.174951,28.765866
5047,DC26005523000100598904140849,2,45.289545,22.274587
18375,DA26003372000012158804140849,2,45.856566,23.208207
872862,AP26001753001413424404140848,1,46.678097,25.090529
387531,DA26026455000609045904140848,2,44.618272,25.759249
843296,AP26001355000202226404140848,1,46.330675,25.195649
20283,DC26011462000003880704140848,2,45.677285,25.588951
4971,DA26003534000900045804140848,2,46.515229,25.156189
13232,DC26009355000501731004140848,2,44.27614400000001,23.810034
879529,AP26007046001305296204140848,1,46.441653,24.742547
23718,DA26001568000300380804140848,2,45.623903000000006,25.707908
7298,DA26006572000000830804140847,2,46.771019,24.841483
881961,AP26015986000305679704140847,1,44.11022599999999,25.676966000000004
865750,AP26001558000300579204140847,1,45.93571200000001,25.472894999999998
645134,DA26003850000308434304140846,2,45.41878,26.305670000000003
12091,DC26007722000102659404140846,2,43.925956000000006,25.364392999999996
887388,AP26001439000301107204140846,1,46.382201,25.408598
6370,DA26000879001709580704140846,2,44.025116,23.091968000000005
7066,DC26002926000002571104140846,2,46.659934,24.936513
3355,DA26001753002813156204140846,2,46.659305999999994,24.939382
18375,DA26003372000012158804140846,2,45.856566,23.208207
7526,DA26005170000107265604140846,2,47.81543200000001,22.848148
3037,DC26007334000000961504140846,2,44.97306,24.239271
3059,DC26002541000200782704140845,2,46.545404,23.761433999999998
3031,DC26000135000400767804140845,2,46.607494,26.85946
623616,DC26019387000011602904140845,2,46.537102,24.81698
350121,DC26025214000008745504140845,2,44.214599,27.152846
46690,DC26016074000105729404140845,2,45.111483,25.552702999999998
662943,DC26000135000100767804140845,2,46.524868,26.961908000000005
804726,AP26001198000504043504140844,1,44.063623,27.818482
20927,DA26011591000303513704140844,2,43.899376,25.361731000000002
5531,DA26001033000100431804140844,2,46.41339,26.48017
18375,DA26003372000012158804140844,2,45.856566,23.208207
854913,AP26001355000102210604140844,1,46.301775,25.020937
852212,DA26001171000005150604140844,2,45.13725,25.402294
265981,DC26007318000200958704140844,2,44.12762,28.600230999999997
852,DC26008373000001620004140843,2,44.489992,26.015496
578021,DA26001771001712303104140843,2,46.77996099999999,24.737994
811218,AP26001422000101580704140843,1,46.65251,22.52262
3213,DC26003729000206757704140843,2,44.577357,27.388916999999996
15855,DC26009494000003807404140843,2,44.332778,26.078904
4971,DA26003534002100045804140843,2,46.515229,25.156189
9955,DC26009392000201749904140842,2,46.52128,25.1531
4109,DA26005187000100522604140842,2,45.186896,26.84604
8489,DA26002644000211333204140842,2,44.90108899999999,25.510404000000005
99,DC26007824000303461704140842,2,44.194582,28.603388
863355,AP26000084000101707204140842,1,48.140633,26.348238999999996
778341,DC26033896003612506004140842,2,47.16133299999999,25.816343
18375,DA26003372000012158804140842,2,45.856566,23.208207
2532,DC26009397000501752504140842,2,47.777121,22.859472
381630,DC26026552000008954104140842,2,46.437782,25.388463
67910,DA26017361000106181604140841,2,43.786698,25.172157
23718,DA26001568000300380804140841,2,45.623903000000006,25.707908
1160,DA26008130000001475504140841,2,44.62370000000001,27.008400000000005
2890,DA26000239002700723204140841,2,46.01532699999999,23.537850000000002
617469,DA26031493000011183404140841,2,44.267809,28.284518000000002
886314,DC26035574000013475204140841,2,46.819531,21.670974
16159,DA26000364000903306204140841,2,44.927911,25.315288999999996
2318,DA26008862002401519104140841,2,46.956288,26.880744000000004
293881,DA26024556000712279104140841,2,46.608448,22.421775
9223,DC26001429000002798404140840,2,46.950085,22.612517
17369,DC26002382000703690504140840,2,47.746885999999996,23.091857
15886,DC26007787000503448304140840,2,44.406946,25.887506
611009,DC26002036000200127504140840,2,46.213414,21.290718
222932,DC26002156000202216804140840,2,45.655295,25.545709
1439,DC26000946002102313104140840,2,47.768334,23.285126
246765,DA26005688000100660804140840,2,45.12276,24.115397
865,DC26008373000001595204140839,2,44.383981,26.001914
18375,DA26003372000012158804140839,2,45.856566,23.208207
8217,DA26001171000103350704140839,2,44.963855,25.296059
196,DC26004190000001936704140839,2,47.20233,23.05537
5950,DC26004995000000476604140839,2,46.451796,25.767363
885293,AP26008647003611505804140838,1,46.571258,26.013651
15397,DA26011203000803340504140838,2,46.36096,25.322489
23718,DA26001568000300380804140837,2,45.623903000000006,25.707908
889236,AP26002816000301779104140837,1,46.54061099999999,21.982713
551959,DC26030179000010459704140837,2,45.650928,25.695533
640905,DA26031782000111302204140837,2,47.024081,26.867888000000004
5389,DA26002689000212910504140837,2,47.359758,22.075825
869759,AP26001835001708927204140837,1,45.239393,26.493324
618,DC26000141000012423504140837,2,44.106227,28.606697
18375,DA26003372000012158804140837,2,45.856566,23.208207
875243,AP26001424000407054304140837,1,46.300085,25.636613999999998
884391,AP26006041002302845504140836,1,45.75239100000001,26.354846999999996
1854,DC26000141000203201304140836,2,44.210342,28.610941
10362,DC26006983000010269104140836,2,44.74388100000001,26.132317
16112,DC26007594000209861104140836,2,44.39374899999999,25.816734
163,DA26002226000313448504140835,2,45.191808,27.942463
2071,DC26007476000501881304140835,2,44.198525,27.337795
815419,AP26002747000204932904140835,1,45.034702,25.65682
12380,DC26003566000100272304140835,2,46.65788899999999,27.703554
868677,AP26001299000308573104140835,1,46.00946100000001,25.812687
1443,DA26000946000402200004140835,2,47.753457,23.264216
18375,DA26003372000012158804140834,2,45.856566,23.208207
288408,DA26024491000508305304140834,2,44.097613,25.328805
21128,DA26010167000211520204140834,2,46.554876,25.770653
724921,DC26032973000012096504140834,2,43.930044,25.361538
15305,DC26000234001902350804140834,2,45.006657,25.299382999999995
13966,DC26011036000003249304140834,2,46.291362,25.040218
542857,DA26030014000210378304140833,2,43.98793800000001,28.621276000000005
25720,DA26012511000604209004140833,2,46.307544,25.944878
14437,DC26007825000807817504140833,2,44.369235,28.450518
18375,DA26003372000012158804140833,2,45.856566,23.208207
855581,AP26001217000102387904140833,1,43.87525,25.413971
14438,DA26008798001803165504140832,2,46.357277,23.034996000000003
425,DC26002868000000105004140832,2,47.024309,21.950825
5428,DC26002300000300781704140832,2,46.798623,23.702595
23718,DA26001568000300380804140832,2,45.623903000000006,25.707908
12357,DC26010526000002833904140832,2,46.293503,25.036543
438656,DC26005795000000700104140831,2,45.69044399999999,25.590884
5149,DA26003300000200207304140831,2,47.72807,22.48906
7438,DC26003636000210488804140831,2,46.501849,25.356145
156,DC26005612000302660704140831,2,44.826474,24.876351
1443,DA26000946000202200004140830,2,47.753457,23.264216
885806,AP26016002003105685904140830,1,46.488533,25.374925
18375,DA26003372000512158804140830,2,45.856566,23.208207
578021,DA26001771001312303104140830,2,46.77996099999999,24.737994
10595,DC26005268000112273704140830,2,44.927803,24.878996
38312,DC26002147002101329704140830,2,46.612304,22.483519
342,DA26003564002308424604140830,2,46.350407999999995,25.445892
5324,DC26009106000109615304140830,2,43.837790000000005,24.651701
1933,DC26000141000003161104140830,2,45.773959,24.161124
13286,DC26006122000011537704140830,2,47.671322,22.46459
885612,AP26006437000302728604140829,1,46.65110000000001,25.171669999999995
2076,DA26003783000100081204140829,2,46.050504,26.259232
884391,AP26006041002202845504140828,1,45.75239100000001,26.354846999999996
879009,AP26002689000204735304140828,1,47.376662,22.299436
804347,DC26000479000200239204140828,2,47.302956,27.088899
334,DC26001864000000428804140828,2,44.649666,22.678268
23718,DA26001568000300380804140827,2,45.623903000000006,25.707908
156,DC26005612000002660704140827,2,44.826474,24.876351
5180,DC26008210003402337404140827,2,46.556076999999995,25.96702
1443,DA26000946000202200004140827,2,47.753457,23.264216
6684,DA26006132000402519104140827,2,47.593779000000005,23.241576
2890,DA26000239002700723204140826,2,46.01532699999999,23.537850000000002
8658,DC26006978000010692904140826,2,44.38308,25.991517
18375,DA26003372000012158804140826,2,45.856566,23.208207
886914,AP26007303001309550304140826,1,46.775129,25.55802
10973,DA26007901000301104904140826,2,43.757085,24.901175
1857,DA26000141000408789104140825,2,46.956949,26.912481
4855,DA26000338000102201704140825,2,44.962323,26.159487
80228,DC26000141000009986704140825,2,44.967677,25.976586
4952,DA26001929000500840104140825,2,44.78555500000001,22.993411
18375,DA26003372000012158804140825,2,45.856566,23.208207
884364,AP26003643000802799604140824,1,46.444458,25.243034000000005
888944,AP26001385000211394504140824,1,46.604369,25.099357
645134,DA26003850000202274604140824,2,45.41878,26.305670000000003
578021,DA26001771001712303104140824,2,46.77996099999999,24.737994
804726,AP26001198000304043504140824,1,44.063623,27.818482
21247,DC26000311000001534904140824,2,45.419417,25.544843
1955,DA26000141000208813004140823,2,45.867459,22.923638999999998
370631,DA26026287000312595404140823,2,46.65661600000001,24.903811
1439,DC26000946002202314804140823,2,47.768334,23.285126
6687,DA26007193000402922004140823,2,45.980663,26.254852
5851,DC26008311000201280104140823,2,45.849821,22.167221
8549,DC26009041000002749404140822,2,46.513958,24.611005
13286,DC26006122000511537704140822,2,47.671322,22.46459
18375,DA26003372000012158804140822,2,45.856566,23.208207
63444,DC26017184000211306004140822,2,44.955367,26.205732
879210,AP26002175003601506004140822,1,46.230639,26.174012
1443,DA26000946000202200004140822,2,47.753457,23.264216
4877,DA26006638000209318404140822,2,44.62463499999999,22.684147
876418,AP26005964000500732804140822,1,45.944156,25.684062
448445,DC26026595000708965004140822,2,44.389152,27.843026999999996
9948,DC26006421000110597404140821,2,47.22481,22.871867999999996
359356,DC26007216000500938204140821,2,45.947876,26.219088
2266,DA26000531002302188704140821,2,47.15250799999999,24.505906
7372,DA26001418001402626704140821,2,45.847635,22.310185
2961,DC26002917000000139404140821,2,46.346842,21.288509
885612,AP26006437000302728604140820,1,46.65110000000001,25.171669999999995
877083,AP26002725000405466104140820,1,46.114006999999994,21.885577
1806,DA26003549002300047004140820,2,46.91326,25.409673
20199,DC26003963000000403704140820,2,45.165541,28.820521
864169,AP26002165003601049604140820,1,46.062943,25.897076
2073,DC26005291000105666704140820,2,44.972869,26.019785
868677,AP26001299000308573104140820,1,46.00946100000001,25.812687
18375,DA26003372000012158804140820,2,45.856566,23.208207
5851,DC26008311000501280104140820,2,45.849821,22.167221
3716,DC26006952000900874104140820,2,46.814136999999995,25.49654
6474,DC26007943000008717804140820,2,44.39864699999999,28.661483
15017,DA26007115000003347504140819,2,45.774742,25.801323
370631,DA26026287000208853904140819,2,46.65661600000001,24.903811
31355,DA26013376000312739204140819,2,46.558255,25.130687000000005
7372,DA26001418001402626704140819,2,45.847635,22.310185
873535,AP26001439000701100904140818,1,46.496221,25.321614
190272,DC26009710000502241304140818,2,44.682423,26.030137
15,DA26002165003301129904140818,2,46.42689099999999,25.387269
18375,DA26003372000112158804140818,2,45.856566,23.208207
618,DC26000141000012423504140818,2,44.106227,28.606697
2266,DC26000531000002818404140818,2,47.152508,24.505906
879009,AP26002689000204735304140817,1,47.376662,22.299436
2532,DC26009397000501752504140817,2,47.777121,22.859472
6247,DC26010168000602445904140817,2,44.543797000000005,26.142175999999996
724921,DC26032973000112132904140817,2,43.930044,25.361538
569470,DA26000353000601631304140817,2,44.870457,25.38185
1963,DC26000141000003162004140816,2,45.727498,21.19797
870882,AP26001192000101511004140816,1,44.680416,26.291977
12743,DC26009673000203308804140816,2,45.320783,25.170247
645134,DA26003850000308434304140816,2,45.41878,26.305670000000003
18375,DA26003372000412158804140816,2,45.856566,23.208207
370631,DA26026287000208853904140816,2,46.65661600000001,24.903811
4359,DA26004898002702900604140816,2,46.895211999999994,26.429474
16221,DA26003873000112370304140815,2,45.154922,26.889197
5920,DC26001322000400940904140815,2,44.02020000000001,23.348920000000003
2241,DC26002091000500081604140815,2,47.132453,21.910287
18476,DA26010975000006882204140814,2,44.128891,24.581188
13874,DA26008104000412637304140814,2,46.358689,25.546988
4971,DA26003534000211519304140814,2,46.515229,25.156189
15131,DA26005209000200524904140814,2,45.340532,26.357612
852924,DC26001495000102124504140814,2,46.412782,26.450724999999995
814069,AP26001461002902365704140813,1,46.116534,25.331122000000004
6915,DC26000383000100499504140813,2,45.124023,25.743015
878236,AP26001299000303182604140813,1,45.863884000000006,25.745458
853771,DA26034851000112976304140813,2,45.23175,27.79122
12357,DC26010526000002833904140813,2,46.293503,25.036543
19905,DC26006668000404148904140813,2,46.37825,25.359153000000003
578021,DA26001771001312303104140812,2,46.77996099999999,24.737994
451091,DA26008165000302876204140812,2,46.538341,25.346299
887198,AP26001029001000065404140812,1,47.14088999999999,24.461525000000005
864169,AP26002165003601049604140812,1,46.062943,25.897076
8819,DC26009307000201705604140812,2,46.511153,25.383053
16508,DA26004176000303971204140811,2,47.344489,22.952627000000003
18375,DA26003372000012158804140811,2,45.856566,23.208207
1852,DC26000141000005160704140811,2,44.945141,25.455192
694401,DC26032393000211857404140810,2,46.12940699999999,25.609558000000003
706585,DA26008759000301463204140810,2,46.527998,21.513849000000004
1963,DC26000141000003162004140810,2,45.727498,21.19797
4819,DA26003112000300133604140810,2,46.011753,22.236926999999998
-1,LA26030939000711047604140810,10,46.232398986816406,26.100200653076172
22100,DC26010709000202971604140809,2,46.521719,25.239651
2515,DA26001038000402107204140809,2,47.942854000000004,23.911110000000004
879009,AP26002689000204735304140809,1,47.376662,22.299436
20927,DA26011591000303513704140808,2,43.899376,25.361731000000002
2890,DA26000239002200723204140808,2,46.01532699999999,23.537850000000002
857954,AP26004951001102117504140808,1,45.540935,26.468948
887198,AP26001029000800065404140807,1,47.14088999999999,24.461525000000005
342,DA26003564002708424604140807,2,46.350407999999995,25.445892
2405,DA26008560000201764804140807,2,46.40747000000001,26.461463999999996
2073,DC26005291000101716204140806,2,44.972869,26.019785
559275,DA26030394000510563504140806,2,45.092375,26.776991999999996
814073,AP26003534003103443904140806,1,46.116557,25.328796999999998
80228,DC26000141000009986704140806,2,44.967677,25.976586
1439,DA26000946000208501804140806,2,47.768334,23.285126
857954,AP26004951000302117504140805,1,45.540935,26.468948
9864,DA26001106000003233404140805,2,47.245874,26.700081
881125,AP26002598000301558104140805,1,47.325864,22.659304000000002
479,DA26001645002313322704140805,2,45.417326,23.360394
14148,DA26010998000303256604140804,2,46.30947,25.023800000000005
1443,DA26000946000102200004140804,2,47.753457,23.264216
818049,AP26000086000201276904140803,1,47.652665,26.647955
1176,DC26006484000601830904140803,2,46.22224,24.768714
3706,DC26001923000309990004140802,2,46.09736999999999,21.664234000000004
2405,DA26008560000201764804140802,2,46.40747000000001,26.461463999999996
857954,AP26004951001302117504140802,1,45.540935,26.468948
578021,DA26001771001712303104140802,2,46.77996099999999,24.737994
9864,DC26001106000103233404140801,2,47.245874,26.700081
796528,AP26001394000111747404140801,1,46.136862,25.942337
473572,DA26024703000308356404140801,2,46.212233,21.291285
117,DA26007856000312523304140801,2,44.557723,27.894235999999996
4075,DC26004444003110673804140800,2,47.66215300000001,23.615841
9713,DC26010555003802872704140800,2,45.82072,26.750268
1443,DA26000946000102200004140800,2,47.753457,23.264216
9561,DC26006461000002849604140800,2,46.429344,24.835093
1257,DC26002156000409886104140800,2,44.44263800000001,25.956404000000003
870576,AP26001299000701701304140759,1,46.167608,25.768919
640905,DA26031782000211302204140758,2,47.024081,26.867888000000004
3031,DC26000135000800767804140758,2,46.607494,26.85946
539,DC26000976000405216804140757,2,47.377521,24.39204
1562,DC26001271000212168804140757,2,45.779616,27.990146999999997
15,DA26002165000301129904140757,2,46.42689099999999,25.387269
728301,AP26006585000603308204140757,1,46.22433,25.694102
2006,DC26000141000012739604140757,2,44.409312,26.034023
2405,DA26008560000201764804140757,2,46.40747000000001,26.461463999999996
21,DC26003270000101051704140756,2,47.353371,22.096829
210427,DA26020268000107268504140756,2,45.80318400000001,21.279002
5120,DA26007941000101907704140756,2,44.41121999999999,27.814529000000004
14161,DA26010998000305606204140755,2,46.38099,25.040270000000003
1257,DC26002156000009886104140755,2,44.442637999999995,25.956403999999996
875243,AP26001424000607054304140755,1,46.300085,25.636613999999998
888953,AP26002209001001216604140755,1,46.167329,25.624756
9182,DA26002930000200381504140755,2,45.404311,24.312513
818049,AP26000086000201276904140755,1,47.652665,26.647955
7152,DC26008165000502876204140755,2,46.545746,25.346135
9099,DA26004945000403995904140754,2,46.193544,25.914160999999996
796528,AP26001394000111747404140754,1,46.136862,25.942337
1255,DC26002156000002225304140754,2,46.863944,23.766717
5305,DA26008100000212210304140753,2,46.36521,25.547944
7152,DC26008165000502876204140753,2,46.545746,25.346135
2405,DA26008560000201764804140753,2,46.40747,26.461464
12036,DC26005432000503073604140753,2,46.594054,25.779248
6216,DA26002675002506955604140753,2,47.837371999999995,23.295457
1260,DC26002156000004411204140752,2,45.78394500000001,21.393149999999995
865670,AP26007733001501035604140752,1,45.903349,26.340602
868819,AP26001284000802485004140752,1,46.499807,25.353341
1443,DA26000946000102200004140752,2,47.753457,23.264216
888607,AP26006801001309241004140752,1,46.636934,25.354716
12801,DC26007177000600933704140751,2,45.947737999999994,26.215462
1255,DC26002156000602225304140751,2,46.863944,23.766717
4430,DC26003798004102126604140750,2,45.872401,26.18813
593325,DA26031062000010977904140750,2,45.165051,28.82191
4687,DA26006879000401578104140750,2,46.32101500000001,25.953222999999998
17369,DC26002382000401185104140749,2,47.746885999999996,23.091857
578021,DA26001771001312303104140749,2,46.77996099999999,24.737994
879269,AP26001439002501287804140749,1,46.493252000000005,25.434719
9460,DA26007186000500934604140749,2,45.92690100000001,26.273127
196,DC26004190000001936704140749,2,47.20233,23.05537
177,DA26003585000612547904140748,2,46.35721900000001,25.509551
623616,DC26019387000011242404140748,2,46.537102,24.81698
44916,DC26008373000011878204140748,2,44.922224,25.430704
578021,DA26001771001712303104140747,2,46.77996099999999,24.737994
8960,DA26006843001002795204140747,2,46.73994,25.528499999999998
1439,DA26000946000108501804140746,2,47.768334,23.285126
2108,DA26004305000411951104140746,2,46.03779599999999,26.058978
1672,DC26000548000301587304140746,2,45.324777000000005,25.727137
48486,DC26016231000306846504140745,2,45.187667,26.190499
177,DA26003585000912547904140745,2,46.35721900000001,25.509551
887181,AP26004583002600357304140743,1,46.582787,25.604542
12228,DC26010790000303044804140743,2,45.114991,26.017213
2108,DC26004305000001712804140743,2,46.037796,26.058978
9928,DC26003769000403412704140742,2,46.359398,25.785459
134,DA26003721000300070204140742,2,46.124154,25.605765
479,DC26001645002112298604140742,2,45.417326,23.360394
4430,DC26003798000510064404140742,2,45.872401,26.18813
568483,DC26009704000001900104140741,2,45.9573,25.5366
15,DA26002165001401049604140741,2,46.42689099999999,25.387269
2524,DC26001038000602108904140740,2,47.94737799999999,23.830998000000005
16492,DA26006988000402051204140740,2,44.602541,26.069586
814556,DA26003564003104569504140739,2,45.85752,26.149306
355699,DC26019387000008733004140738,2,46.524371,24.518582
15,DA26002165001401049604140737,2,46.426891,25.387269
173,DC26003585001109643804140737,2,46.359445,25.516825
2890,DA26000239002700723204140736,2,46.01532699999999,23.537850000000002
814556,DA26003564001804569504140736,2,45.85752,26.149306
569134,DA26019752000307108504140736,2,46.520711,21.530694999999998
244051,DC26022734000307833204140735,2,43.872837,25.406104
490,DA26002209000601376104140735,2,46.125304,25.602831999999996
881197,AP26001838000100572604140735,1,45.219342,26.638196
5087,DA26002083002601910204140735,2,46.932296,25.328161000000005
884364,AP26003643000802799604140735,1,46.444458,25.243034000000005
2890,DA26000239002400722504140735,2,46.015327000000006,23.537849999999995
12848,DA26010103002710583504140735,2,46.357963000000005,25.538864
888534,AP26001389000203744304140734,1,45.922331,26.210526
15719,DA26011308001003408904140733,2,45.948688,23.569855
355699,DC26019387000008777204140732,2,46.524371,24.518582
5305,DA26008100004011123104140732,2,46.36521,25.547944
20598,DA26011867000811371304140731,2,46.431157000000006,25.387341000000003
2890,DA26000239002400723204140731,2,46.01532699999999,23.537850000000002
870799,AP26010946000203177204140731,1,45.72437299999999,26.179717
578021,DA26001771001312303104140731,2,46.77996099999999,24.737994
3355,DA26001753002700739104140730,2,46.659305999999994,24.939382
542659,DC26029972000010362804140729,2,44.183093,26.368144
1421,DC26007682000202968504140729,2,44.16783,28.643503
578021,DA26001771001712303104140728,2,46.77996099999999,24.737994
863406,AP26001299000209713804140728,1,45.940663,25.752397
771576,DA26015916000905662504140728,2,45.989861,20.821694
771576,DA26015916000905787904140727,2,45.989861,20.821694
888534,AP26001389000203744304140727,1,45.922331,26.210526
381630,DC26026552000108954104140727,2,46.437782,25.388463
2890,DA26000239002400723204140727,2,46.015327000000006,23.537849999999995
15017,DA26007115000003347504140726,2,45.774742,25.801323
889375,AP26010668003804277904140726,1,46.623003000000004,25.43168
916,DA26004384001809527004140726,2,46.351458,25.129271
15,DA26002165003301129904140725,2,46.42689099999999,25.387269
4971,DA26003534000302229104140725,2,46.515229,25.156189
189885,DA26016106000207277604140723,2,46.585836,25.084481999999998
5149,DA26003300000200207304140722,2,47.72807,22.48906
4494,DA26002211000202122404140722,2,45.322309999999995,26.35515
11047,DA26008372000211197704140722,2,45.926528,25.798387
889240,AP26001385000512355504140721,1,46.538655,25.015443
15,DA26002165003401129904140721,2,46.42689099999999,25.387269
1443,DC26000946002002200004140721,2,47.753457,23.264216
9975,DC26008785000001475804140720,2,46.354095,25.964643
9024,DC26002761000300100104140720,2,47.064629,22.23702
1806,DA26003549003400047004140719,2,46.91326,25.409673
569134,DA26019752000309111804140717,2,46.520711,21.530694999999998
884051,AP26007866000101087804140716,1,45.751381,26.167821
4971,DC26003534002702367104140716,2,46.515229,25.156189
16492,DA26006988000002051204140715,2,44.602541,26.069586
4971,DA26003534000211519304140712,2,46.515229,25.156189
25061,DC26007172000200932704140712,2,45.970094,26.23832
824688,AP26001424000203534904140712,1,46.474658,26.000682
29096,DA26006438001313173904140709,2,46.66017200000001,24.934637999999996
578021,DA26001771001312303104140707,2,46.77996099999999,24.737994
26595,DA26013343000004626804140707,2,45.082945,24.863949
3931,DC26007182000509752004140706,2,45.944999,26.215017
350,DA26006727001401232404140706,2,46.71370199999999,25.560447999999997
-1,LA26001439000300056104140706,10,46.52629852294922,25.3262996673584
4971,DA26003534000406534204140705,2,46.515229,25.156189
726944,AP26002043000302665804140705,1,46.56952900000001,25.199549
4645,DA26003754003100075104140704,2,45.84875,26.165044000000005
574249,DA26002657002012279204140704,2,44.878153,22.913031
29096,DA26006438001113173904140704,2,46.66017200000001,24.934637999999996
2890,DA26000239002300723204140703,2,46.01532699999999,23.537850000000002
574249,DA26002657002002183404140702,2,44.878153,22.913031
889451,AP26001424001003534904140701,1,46.475078,26.001852
578021,DA26001771001712303104140701,2,46.77996099999999,24.737994
4645,DA26003754001800075104140700,2,45.84875,26.165044000000005
9561,DC26006461000100816204140656,2,46.42934399999999,24.835093
2890,DA26000239002700723204140655,2,46.015327000000006,23.537849999999995
831,DC26001262000000758704140655,2,46.521099,26.17689
2890,DA26000239002400723204140654,2,46.01532699999999,23.537850000000002
4971,DA26003534002500045804140653,2,46.515229,25.156189
569134,DA26019752000307108504140652,2,46.520711,21.530694999999998
26740,DC26012697000106605704140650,2,45.674043000000005,25.621351
315674,DA26020051000207207704140648,2,46.99860900000001,26.838042
578021,DA26001771001312303104140648,2,46.77996099999999,24.737994
870028,AP26003538004001809304140648,1,47.01211,25.560932999999995
65467,DA26011099000803266804140645,2,46.940855,25.371672
198838,DA26016158000905743404140643,2,46.33614500000001,25.524418
9992,DC26003118000200058404140642,2,46.361285,25.516648
578021,DA26001771001712303104140641,2,46.77996099999999,24.737994
9370,DA26006090001702671104140640,2,46.59751,25.800292
2838,DA26002667000300134904140640,2,46.08867,21.68906
13874,DA26008104001703247304140639,2,46.358689,25.546988
467476,DC26007303004812860404140638,2,46.821322,25.536748
836057,DA26003666000212399504140635,2,45.90921500000001,27.101648
20598,DC26011867000211371304140633,2,46.431157000000006,25.387341000000003
30722,DA26006078001700755104140631,2,46.49956799999999,25.746377
578021,DA26001771001312303104140630,2,46.77996099999999,24.737994
13874,DA26008104000903247304140630,2,46.358689,25.546988
876239,AP26016002003305685904140630,1,46.48508999999999,25.353859
8835,DC26002638000400191304140630,2,46.623938,27.730258000000003
259910,DA26022745000307839504140627,2,44.267034,23.709016000000002
578021,DA26001771001712303104140625,2,46.77996099999999,24.737994
876239,AP26016002003405685904140624,1,46.48508999999999,25.353859
657425,DA26001957001411301104140624,2,46.660399000000005,24.932115
1822,DA26003538002901637204140622,2,46.884625,25.450135
199439,DA26019855000407150104140621,2,46.817183,21.638263
657425,DA26001957001211301104140620,2,46.660399000000005,24.932115
12095,DA26003239000903053504140619,2,46.51453,25.15759
578021,DA26001771001312303104140613,2,46.77996099999999,24.737994
4349,DA26002290000100292104140612,2,46.812591,21.661858
864169,AP26002165003401049604140611,1,46.062943,25.897076
578021,DA26001771001712303104140610,2,46.77996099999999,24.737994
9035,DC26009668000701883904140608,2,44.37007400000001,26.089745000000004
4349,DA26002290000100292104140608,2,46.812591,21.661858
105263,DC26018365000506580904140600,2,46.819897,25.523325
7072,DC26010148002402426504140548,2,46.53393599999999,25.956159000000003
200190,DA26019752000307108504140533,2,46.36217,21.51616
12142,DA26008759000301463204140532,2,46.362528,21.51577
14650,DA26003653000400062304140529,2,46.384989999999995,25.293299
200190,DA26019752000307108504140526,2,46.36217,21.51616
6953,DC26007221000700938904140522,2,45.986234,26.247137
5394,DA26002394002802511004140520,2,45.095808,23.035738
9654,DC26008143000501214504140520,2,46.32751,25.544532
200190,DA26019752000309111804140511,2,46.36217,21.51616
620168,DC26031549000911203904140507,2,46.416733,26.464125
31355,DA26013376001104641004140504,2,46.558255,25.130687000000005
31355,DA26013376000904641004140459,2,46.558255,25.130687000000005
370631,DA26026287000208853904140442,2,46.65661600000001,24.903811
15245,DC26009006000501587704140441,2,45.772423,23.97904
3952,DC26007153000400929904140439,2,45.941203,26.249861999999997
5394,DA26002394003008265904140437,2,45.095808,23.035738
865085,DC26002165002701049604140420,2,46.362064,25.296538
7970,DC26002189002708834604140414,2,46.362097,25.296616
134,DC26003721001300120504140410,2,46.124154,25.605765
134,DC26003721001200120504140409,2,46.124154,25.605765
3754,DC26008780000601472804140328,2,46.97613900000001,25.71303
2076,DA26003783003600270304140251,2,46.050504,26.259232
831512,DA26031967003311378204132301,2,46.82879,27.264738999999995
5358,DA26006932004302309404132224,2,46.738912,25.522989
38157,DA26013379000204642404132219,2,45.827214,22.315731
919,DA26000254002310123704132209,2,45.995606,23.554869
919,DA26000254002310310604132205,2,45.995606,23.554869
20081,DA26003138003611842004132139,2,46.958926,22.740063000000003
873750,DA26002165003801049604132132,2,46.194025,25.913122
4279,DA26000923009900319204132130,2,47.867606,25.995079
4279,DA26000923009400319204132129,2,47.867606,25.995079
4279,DA26000923009500319204132127,2,47.867606,25.995079
4279,DA26000923009700319204132125,2,47.867606,25.995079
4279,DA26000923008400319204132123,2,47.867606,25.995079
4279,DA26000923009900319204132122,2,47.867606,25.995079
4279,DA26000923006500319204132120,2,47.867606,25.995079
878666,DA26002189003802172904132119,2,46.19411499999999,25.912766
4279,DA26000923006500319204132119,2,47.867606,25.995079
4279,DA26000923006500319204132118,2,47.867606,25.995079
4279,DA26000923009600319204132117,2,47.867606,25.995079
4279,DA26000923009600319204132113,2,47.867606,25.995079
790153,AP26001439000900056104132113,1,46.52725,25.343028
18175,DA26004380003803675404132057,2,46.20855699999999,25.908379999999998
177736,DA26019466000206969304132055,2,46.193896,25.897042
6952,DA26001667003302558604132054,2,46.893373,22.716714
878159,AP26008194000301237304132026,1,46.179518,25.482148999999996
2108,DA26004305004109709904132021,2,46.03779599999999,26.058978
18164,DA26005237000200527804132013,2,46.657496,22.309343
381630,DC26026552001108954104132005,2,46.437782,25.388463
884073,AP26004045000112555704132003,1,46.281293,27.260758
822785,AP26001143000401374204131955,1,44.8064,25.845212
822785,AP26001143000401374204131949,1,44.8064,25.845212
3924,DA26007152003403097404131948,2,45.947354,26.200757
869928,AP26001490000400944404131938,1,46.14895,26.032064
868318,DA26034945000213036704131934,2,44.984608,24.836359
874747,AP26010719000405297004131933,1,46.517173,25.844687
884073,AP26004045000212555704131932,1,46.281293,27.260758
880373,AP26001490000500944404131932,1,46.129743,26.011097
336,DA26003781004200079804131927,2,46.361915,25.951638
885718,AP26032393002011602104131925,1,46.220148,25.670559
11946,DC26006832000000862004131921,2,46.468846,25.501744
885718,AP26032393001611602104131920,1,46.220148,25.670559
783229,AP26001510000401662604131919,1,47.069009,22.455325
413221,DA26027640000309551304131915,2,46.36236,25.515838
4249,DC26007291000002022204131913,2,45.125755,25.75306
886176,AP26003564001901503904131912,1,46.351029000000004,26.109032
870945,AP26002595000402324604131911,1,47.115627,24.042942
33382,DA26012335000203911304131910,2,46.239448,25.253252
886176,AP26003564001801503904131908,1,46.351029000000004,26.109032
881412,AP26010535000205128604131908,1,46.334602,25.661349
881141,AP26009366000201737504131906,1,46.11442,25.663235
814895,DC26034330000012755204131905,2,45.705085,27.204693
886181,AP26003564003208575904131904,1,46.338548,26.097668
194291,DC26019742000507103304131902,2,46.78583799999999,24.791516
738511,DC26029055000012268004131900,2,46.035486,25.273214
26991,DC26005164000200519704131858,2,46.564191,26.095141
94443,DC26003136000100143104131858,2,46.204259,21.287169
859307,AP26001389000104796904131857,1,45.912312,25.938655
870212,AP26007244000212312204131853,1,45.86597600000001,26.27934
882214,AP26011610002203525904131847,1,46.760606,25.753884
467476,DC26007303000305373504131844,2,46.821322,25.536748
882214,AP26011610001303525904131843,1,46.760606,25.753884
476,DA26001447000100555504131839,2,46.141585,25.621138
813656,AP26001439000801108804131838,1,46.484361,25.538099
886184,AP26006879001301578104131838,1,46.29654200000001,25.984056999999996
263,DA26007240000301145904131830,2,45.94502500000001,26.211688999999996
864414,AP26001178000000437604131828,1,45.607411,26.271381
867401,AP26000353000212674504131828,1,44.801579,25.384045
872488,AP26004414000208946504131827,1,46.77839500000001,25.288349
850297,AP26006597000300833404131825,1,46.183919,25.529633
813656,AP26001439000801108804131820,1,46.484361,25.538099
726944,AP26002043000202665804131820,1,46.56952900000001,25.199549
659562,AP26000051000002457504131819,1,46.38218,26.851564
4463,DA26007733002812087304131816,2,45.928407,26.273373000000003
874642,AP26004384001702187104131814,1,45.991981,25.19929
797764,AP26001119000001182304131814,1,44.579458,25.429958
883870,AP26002043001402665804131814,1,46.570376,25.209971
886403,AP26015083002312869104131811,1,46.736705,25.369086
873750,DA26002165000701049604131811,2,46.194025,25.913122
26081,DC26007817000001059804131811,2,46.054883,26.032088
881355,AP26004414000300299804131807,1,46.746643,25.278387
2472,DC26001009002502713604131806,2,47.942569,23.917228000000005
46020,DA26011943000203708204131806,2,46.357588,25.962553
881641,AP26001447001608946804131805,1,46.001678,25.664886999999997
4463,DA26007733000101035604131805,2,45.928407,26.273373000000003
886403,AP26015083002412869104131805,1,46.736705,25.369086
605737,DC26031372000111124404131804,2,46.772376,24.919123
1985,DA26004381003507334504131804,2,46.034625,26.05986
21670,DC26006844000000863504131803,2,46.679566,25.574227
874642,AP26004384001710532704131803,1,45.991981,25.19929
889431,AP26006728001811409004131800,1,46.92015,25.616799
868819,AP26001284001402485004131759,1,46.499807,25.353341
1985,DA26004381003411786804131755,2,46.034625,26.05986
874642,AP26004384001710532704131754,1,45.991981,25.19929
2778,DA26006395000203433404131751,2,46.46544,24.884755
829349,AP26002165002301049604131749,1,46.147818,25.862258
373500,DA26008201000101240304131748,2,43.904528,25.454188
7152,DA26008165000302876204131747,2,46.545746,25.346135
862392,AP26001413000201163304131743,1,46.19544,25.4627
4463,DA26007733002702133704131741,2,45.928407,26.273373000000003
693435,DC26006891000510375204131741,2,46.44085900000001,25.750965999999995
11872,DC26005985005803065104131741,2,45.927268,26.272262
1985,DA26004381003607878304131740,2,46.034625,26.05986
885154,AP26010668001512415804131740,1,46.624233,25.431585
885613,DA26035482000113404904131737,2,47.00903,26.89036
881092,AP26006616000303541404131736,1,46.566723,24.656046
828272,AP26003239001003053504131736,1,46.601623999999994,25.170062
871775,AP26007229000412773304131736,1,46.140064,26.374495
847450,AP26001957001001817904131735,1,46.668119,25.142847
760150,AP26018365000906580904131735,1,46.905566,25.597455
878159,AP26008194000301237304131733,1,46.17951800000001,25.482148999999996
836441,AP26001357000001783004131732,1,46.494342,27.882615
879713,AP26004305002012766404131732,1,46.11364699999999,26.178556
4175,DC26005829000000704104131730,2,45.95000000000001,26.233333
886186,AP26006879003101576404131729,1,46.307981000000005,25.982829999999996
2096,DA26003235000201727904131728,2,46.558437,24.998082
873025,AP26000353000112674504131727,1,44.823393,25.365795
814897,DC26034330000012725904131726,2,47.1518,27.6047
867459,AP26019475000406978204131726,1,46.009476,25.721242
2108,DA26004305000409709904131724,2,46.03779599999999,26.058978
888825,AP26003534003102229104131724,1,46.107034,25.410265999999996
882206,AP26034667001413344504131722,1,46.646422,25.995343
878048,AP26034667002012990004131721,1,46.224151,25.802621
885612,AP26006437001202728604131720,1,46.65110000000001,25.171669999999995
10585,DC26006620000000836904131719,2,46.657835,24.921181
841413,AP26006078001400755104131719,1,46.490645,25.615633
2108,DA26004305000601712804131717,2,46.03779599999999,26.058978
3934,DA26007182000109752004131716,2,45.91553,26.297700000000003
869586,AP26006678001108947004131715,1,46.065021,25.903402
2096,DA26003235001501727904131713,2,46.558437,24.998082
875620,AP26019527000107005004131713,1,46.921806,27.085489
14047,DA26005963003309354904131713,2,46.880365000000005,22.698903
1438,DA26001970000207103404131712,2,46.95030599999999,23.894362
15035,DA26011196000403357904131711,2,46.359724,25.176689
813656,AP26001439000401108804131709,1,46.484361,25.538099
879713,AP26004305002001714104131709,1,46.11364699999999,26.178556
888724,AP26010734001403304904131706,1,46.54039,25.857403
880373,AP26001490000500944404131703,1,46.129743,26.011097
878132,AP26006792000905856304131701,1,46.565128,25.642205
32218,DA26014126000605046104131701,2,46.391978,25.866793
862392,AP26001413000601163304131700,1,46.19544,25.4627
876139,AP26006082000500755604131659,1,46.57962799999999,25.578237
16508,DA26004176000303971204131658,2,47.344489,22.952626999999996
4971,DA26003534000406534204131658,2,46.515229,25.156189
7191,DC26008165000102883104131657,2,46.23727,24.860729000000003
342,DC26003564003808424604131656,2,46.350407999999995,25.445892
880365,AP26001490000500944404131656,1,46.130121,26.011932
878132,AP26006792000905857004131656,1,46.565127999999994,25.642205
884464,AP26001355000305628804131654,1,46.383754,25.056804
10585,DC26006620000000836904131654,2,46.657835,24.921181
343379,DA26010205000103352204131654,2,46.272273000000006,25.926726
450366,DA26028454000109844804131653,2,46.430301,24.824864
873882,AP26001558000612851904131653,1,46.069438999999996,25.429486
871986,AP26008535000401353804131653,1,47.13132199999999,23.987432
12848,DA26010103003313414704131653,2,46.35796299999999,25.538864
889150,AP26007269000200946504131653,1,45.716383,26.284074
963,DC26003810000000088404131652,2,46.333203,25.963181
884464,AP26001355000305628804131651,1,46.383754,25.056804
3355,DA26001753000205962404131650,2,46.659305999999994,24.939382
3972,DA26007150002700929204131650,2,45.944717,26.209075
14148,DA26010998000103256604131649,2,46.30947,25.023800000000005
46020,DA26011943000203708204131648,2,46.357588,25.962553
873882,AP26001558000012851904131648,1,46.06943900000001,25.429486
11878,DC26005985000103074604131648,2,45.792432999999996,25.844196999999998
852464,AP26007244000302360104131647,1,45.892036,26.235334000000005
6965,DA26002050000202561304131647,2,46.513962,25.155368
5636,DA26008181000301233304131646,2,46.340782,25.839645
873882,AP26001558000412851904131645,1,46.06943900000001,25.429486
888953,AP26002209001101213404131644,1,46.167329,25.624756
1087,DA26003173000110322904131643,2,46.262498,25.880343999999997
336,DA26003781000400079804131643,2,46.361915,25.951638
2301,DA26008096000903448704131643,2,46.360479,25.545481
455544,DC26006420000202954404131643,2,47.21876699999999,22.887777
889438,AP26001394000412868504131642,1,46.349234,26.015436
12095,DA26003239000100024604131642,2,46.51453,25.15759
846995,AP26001280000303594904131641,1,45.887798,26.304162
854696,AP26006082000100755604131640,1,46.58297,25.57546
14148,DA26010998000205606204131640,2,46.30947,25.023800000000005
640905,DA26031782000211302204131640,2,47.024081,26.867888000000004
532636,DA26014702000805253604131638,2,46.363082999999996,25.237093
916,DA26004384000012630604131636,2,46.351458,25.129271
803848,AP26001710000409669904131636,1,47.12738199999999,26.805244
745455,DA26016106000207277604131635,2,46.42505,24.866686
884068,AP26001439000401096104131635,1,46.548975000000006,25.383596999999998
1438,DA26001970001202849804131635,2,46.950306000000005,23.894362
12095,DA26003239000205144304131634,2,46.51453,25.15759
870706,AP26007244001702360104131634,1,45.88952700000001,26.239547
865265,AP26007186001400934604131634,1,45.904199,26.289817
872737,AP26003534001102195504131633,1,46.57092500000001,25.231859
854945,AP26001490000200944404131631,1,46.169692,26.090591
916,DC26004384000509527004131631,2,46.351458,25.129271
868819,AP26001284000702485004131630,1,46.499807,25.353341
862590,AP26001413000301166604131630,1,46.43818000000001,24.941259
875994,AP26001957001111301104131630,1,46.706231,25.075495
872737,AP26003534001302195504131629,1,46.57092500000001,25.231859
257,DC26006927000502089104131629,2,46.710001,25.506284000000004
755445,AP26027640000709551304131629,1,46.434576,25.494643
886840,AP26006678001408947004131629,1,46.263,25.667456
879269,AP26001439003101287804131628,1,46.493252000000005,25.434719
379628,DA26006404000300810604131628,2,46.45172399999999,24.613649999999996
875183,AP26001490000500944404131628,1,46.160696,26.005715
884068,AP26001439000401096104131627,1,46.548975000000006,25.383596999999998
5636,DA26008181001501233304131625,2,46.340782,25.839645
560,DA26004583000200357304131625,2,46.671451,25.557
886840,AP26006678001208947004131624,1,46.263,25.667456
5129,DA26010008002609616404131624,2,46.345949,25.524927
7066,DA26002926000202571104131623,2,46.659934,24.936513
886774,AP26001424000502278604131623,1,46.371795,25.690687
3489,DA26006643000203104404131622,2,46.65717,24.912387
109282,DA26011667000203550204131622,2,46.545093,25.344987
884364,AP26003643002100061904131621,1,46.444458,25.243034000000005
885824,AP26001385000111394504131621,1,46.562453,25.053384000000005
863929,AP26001439000301108804131621,1,46.335411,25.333660999999996
875183,AP26001490000300944404131620,1,46.160696,26.005715
4971,DA26003534000311519304131620,2,46.515229,25.156189
886909,AP26001355000300324404131620,1,46.399008,25.045762999999997
370631,DA26026287000212595404131620,2,46.65661600000001,24.903811
874675,AP26001385000111394504131619,1,46.561235,25.055115
884364,AP26003643001900061904131619,1,46.444458,25.243034000000005
878235,AP26035373000213330004131618,1,45.791543,25.698787
5658,DC26001776004000476304131618,2,47.050984,21.87892
4419,DC26003650000302102004131616,2,45.856234,26.148444
846995,AP26001280001003594904131616,1,45.887798,26.304162
1736,DC26002218000000408504131615,2,45.193633,21.854483
2096,DA26003235001601727904131615,2,46.558437,24.998082
4687,DA26006879000401578104131614,2,46.32101500000001,25.953222999999998
370631,DA26026287000208853904131614,2,46.65661600000001,24.903811
872826,AP26001630000200359304131613,1,46.56548999999999,24.941842999999995
855100,AP26016870000411367704131613,1,46.086984,25.985725
5129,DA26010008002707684004131612,2,46.345949,25.524927
885718,AP26032393001311602104131612,1,46.220148,25.670559
865545,AP26008372001503354504131611,1,46.013073,25.785798
870979,AP26010668001112415804131611,1,46.626096,25.44476
863403,AP26007207002612648104131611,1,45.947798,26.437620999999996
867247,AP26010655000209671904131611,1,47.141428,22.454697999999997
862590,AP26001413000801166604131611,1,46.43818000000001,24.941259
469043,DC26006564000004477904131610,2,47.194218,22.715023
865545,AP26008372001608996704131610,1,46.013073,25.785798
881594,AP26001394002100164404131609,1,46.600986,25.659049999999997
795586,AP26007175001400933304131608,1,46.108616000000005,26.178698
855100,AP26016870000111367704131608,1,46.086984,25.985725
885718,AP26032393001311602104131606,1,46.220148,25.670559
885154,AP26010668003012415804131606,1,46.624233,25.431585
164312,DC26019294000006890304131606,2,45.502002,26.54324
916,DA26004384000512630604131605,2,46.351458,25.129271
10664,DA26006697000400847304131604,2,46.201391,25.146812
872026,AP26001439003401287804131604,1,46.50043,25.468436
886914,AP26007303001209550304131604,1,46.775129,25.55802
724496,AP26003239002110481604131604,1,46.614619,25.248181
881594,AP26001394001800164404131603,1,46.600986,25.659049999999997
8549,DC26009041000002749404131602,2,46.513958,24.611005
809024,AP26001355000200324404131602,1,46.395361,25.036729
783645,AP26006727000501224804131602,1,46.669582,25.328024
11926,DA26010197000303038704131601,2,46.342025,25.810457
31355,DA26013376000212739204131601,2,46.558255,25.130687000000005
640905,DA26031782000011302204131600,2,47.024081,26.867888000000004
883395,AP26001255000107280104131559,1,45.269803,21.836579
12095,DA26003239000205144304131558,2,46.51453,25.15759
866932,AP26002050001202561304131558,1,46.560847,25.202313
863403,AP26007207001612648104131557,1,45.94779799999999,26.437621000000004
855100,AP26016870000111367704131556,1,46.086984,25.985725
5129,DA26010008002702448804131555,2,46.345949,25.524927
469043,DC26006564000013264704131555,2,47.194218,22.715023
880349,AP26013376000913272204131554,1,46.640841,25.248386
876918,AP26002689000212910504131553,1,47.341392000000006,22.219065
886689,AP26007119001205133004131553,1,45.756371,26.049168999999996
124738,DC26018499000306620804131553,2,45.958167,25.538513
763542,AP26000842000201402204131553,1,44.727939,23.726172
6687,DA26007193000002923404131553,2,45.980663,26.254852
862392,AP26001413000301163304131552,1,46.19544,25.4627
882160,AP26006727000601224804131552,1,46.66613,25.333232999999996
876918,AP26002689000206991604131551,1,47.341392000000006,22.219065
16508,DA26004176000303971204131550,2,47.344489,22.952626999999996
328111,DA26007174000800933004131550,2,45.95187000000001,26.192002
4645,DC26003754003900075104131550,2,45.84875,26.165044000000005
809332,AP26001355000100324404131549,1,46.380328,25.041722
882401,AP26008165001705229004131549,1,46.566874000000006,25.485174
693435,DC26006891000200869104131549,2,46.44085900000001,25.750965999999995
877677,AP26003534003403443904131549,1,46.101063,25.327997
877406,AP26003564001801503904131549,1,46.347522,26.141799000000002
851937,AP26001439000312256604131549,1,46.458937,25.523171
888970,AP26004305003201727004131548,1,46.230937000000004,26.186073000000004
491055,DA26010709000802971604131547,2,46.475609,25.177937
886153,AP26008210001712035504131547,1,46.487042,25.78961
5129,DA26010008002211794004131546,2,46.345949,25.524927
855100,AP26016870000111367704131546,1,46.086984,25.985725
10585,DC26006620000100836904131546,2,46.657835,24.921181
877406,AP26003564001801503904131546,1,46.347522,26.141799000000002
2253,DC26003547000700046704131546,2,46.80266700000001,25.478325
18152,DC26011081002703258604131545,2,46.39120499999999,25.30852
882401,AP26008165001505229004131544,1,46.566874000000006,25.485174
882160,AP26006727001401224804131543,1,46.66613,25.333232999999996
809332,AP26001355000400324404131542,1,46.380328,25.041722
877884,AP26001424002007054304131542,1,46.312349000000005,25.661049000000002
311355,DA26014530000405206604131542,2,47.90472400000001,22.907577
867500,AP26008104002303247304131541,1,46.272185,25.618733000000002
888970,AP26004305001801727004131539,1,46.230937000000004,26.186073000000004
46020,DA26011943000203708204131539,2,46.357588,25.962553
877131,AP26001299000207466404131539,1,46.188427,25.755057000000004
2253,DC26003547000300046704131538,2,46.80266700000001,25.478325
886153,AP26008210001212035504131538,1,46.487042,25.78961
428,DA26007191000305789104131538,2,46.073822,25.571952999999997
865085,DA26002165003501049604131538,2,46.362064,25.296538
879210,AP26002175003401506004131538,1,46.230639,26.174012
2076,DA26003783000100081204131537,2,46.050504,26.259232
886511,AP26008152001801218804131537,1,46.496964,25.627353
877884,AP26001424001607054304131536,1,46.312349000000005,25.661049000000002
872026,AP26001439000301287804131536,1,46.50043,25.468436
864761,AP26001284001302417204131535,1,46.437488,24.971991
862392,AP26001413000901163304131535,1,46.19544,25.4627
809332,AP26001355000200324404131534,1,46.380328,25.041722
5636,DA26008181001101233304131534,2,46.340782,25.839645
7970,DA26002189003513135904131532,2,46.362097,25.296616
884188,AP26008767000407598404131532,1,47.231391,23.143827
867500,AP26008104001503247304131532,1,46.272185,25.618733000000002
884068,AP26001439000601096104131532,1,46.548975000000006,25.383596999999998
881641,AP26001447001608946804131531,1,46.001678,25.664887000000004
886511,AP26008152002201218804131530,1,46.496964,25.627353
264299,DA26011186000204654804131529,2,46.802402,25.457891
1071,DC26003542003901578504131529,2,46.815292,25.509992
745455,DA26016106000207277604131528,2,46.42505,24.866686
8960,DA26006843002506281004131528,2,46.73994,25.528499999999998
5343,DC26007135000000924304131527,2,45.945684,26.214722
809332,AP26001355000200324404131527,1,46.380328,25.041722
864623,AP26001413000313330404131527,1,46.349453000000004,25.191744
810,DA26006564000310480604131527,2,47.158208,22.726786
889444,AP26010703000302969204131526,1,46.638888,25.436572
2778,DA26006395000200809704131526,2,46.46544,24.884755
888534,AP26001389000203744304131526,1,45.922331,26.210526
862392,AP26001413000601163304131526,1,46.19544,25.4627
888953,AP26002209001201213404131525,1,46.167329,25.624756
5305,DA26008100000212210304131525,2,46.36521,25.547944
886259,AP26006438001013173904131525,1,46.674985,25.016946
886450,AP26001232000401356904131525,1,44.306336,26.698499
5343,DC26007135000000924304131523,2,45.945684,26.214722
4687,DA26006879000401578104131523,2,46.32101500000001,25.953222999999998
884295,AP26001299000203119104131523,1,45.882549,25.732835
3706,DA26001923002407406904131522,2,46.09736999999999,21.664234000000004
820459,AP26006818001003071504131521,1,46.597998999999994,25.286519
883472,AP26003235002206868504131521,1,46.438624,24.97342
872826,AP26001630000300359304131520,1,46.56548999999999,24.941842999999995
15,DC26002165000301129904131520,2,46.42689099999999,25.387269
870901,AP26003025001002668604131520,1,46.604471,25.888238
7066,DC26002926000302572704131520,2,46.659934,24.936513
3489,DA26006643000203104404131519,2,46.65717,24.912387
479,DA26001645002212328704131519,2,45.417326,23.360394
807665,AP26003750000300074704131518,1,45.937541,25.697012
49866,DA26016002000505685904131515,2,46.497274,25.353624
879713,AP26004305001701714104131515,1,46.11364699999999,26.178556
4031,DA26007834001801063804131515,2,45.789715,26.130375
939,DA26007223000607541504131514,2,46.07699100000001,25.691531
864623,AP26001413000613330404131514,1,46.349453,25.191744
881807,AP26008210002802300404131514,1,46.421141,25.90563
888534,AP26001389000203744304131514,1,45.922331,26.210526
3355,DA26001753000205962404131513,2,46.659305999999994,24.939382
377238,DA26024913000108404004131513,2,46.591057,24.803065
883466,AP26007836000801064904131512,1,46.177237,25.543573999999996
888803,AP26001523000202144504131510,1,47.261901,22.049699
878159,AP26008194001101237304131509,1,46.179518,25.482149000000003
885824,AP26001385000111394504131509,1,46.562453,25.053384000000005
6036,DC26002189000012439304131509,2,46.352693,25.286644
868819,AP26001284000802485004131508,1,46.499807,25.353341
10820,DC26007897000001103604131507,2,46.078983,25.576713
880592,AP26001385000111394504131506,1,46.567319,25.043314999999996
4031,DA26007834003101063804131506,2,45.789715,26.130375
864858,AP26006897000903075304131506,1,46.459184,24.976970000000005
3706,DA26001923002507067404131506,2,46.09736999999999,21.664234000000004
4971,DA26003534000311519304131505,2,46.515229,25.156189
9561,DC26006461000002849604131505,2,46.429344,24.835093
16508,DA26004176000303971204131505,2,47.344489,22.952626999999996
864828,AP26001284000402417204131505,1,46.391064,24.984063
640905,DA26031782000111302204131504,2,47.024081,26.867888000000004
428,DC26007191000605789104131504,2,46.073822,25.571952999999997
607412,AP26000051000102473204131503,1,46.382944,26.930705
864858,AP26006897000903075304131503,1,46.459184,24.976970000000005
619236,DC26015467000013259804131503,2,46.257337,24.971998
871985,AP26008535000301353804131502,1,47.132995,23.984863
379628,DA26006404000400810604131501,2,46.45172399999999,24.613649999999996
3948,DA26007163001500931904131500,2,45.971503000000006,26.234821999999998
2778,DA26006395000203433404131500,2,46.46544,24.884755
888534,AP26001389000103744304131459,1,45.922331,26.210526
5180,DC26008210003401285104131459,2,46.556076999999995,25.96702
11926,DA26010197000203038704131458,2,46.342025,25.810457
3706,DA26001923002505892604131457,2,46.09736999999999,21.664234000000004
4971,DA26003534001506537904131457,2,46.515229,25.156189
869971,AP26001299002003159904131455,1,45.90458,25.732727
14148,DA26010998000203256604131454,2,46.30947,25.023800000000005
21128,DC26010167004011520204131453,2,46.554876,25.770653
4971,DA26003534001506537904131453,2,46.515229,25.156189
689,DA26007239000301297004131451,2,46.117937000000005,25.584744
4214,DA26008475000201335004131451,2,46.55133800000001,25.108122999999996
883721,AP26006697001102756604131451,1,46.29144,25.332452
3931,DC26007182002005886304131450,2,45.944999,26.215017
1265,DA26007165000001173204131450,2,45.80384999999999,25.839216000000004
869971,AP26001299001803159904131449,1,45.90458,25.732727
883721,AP26006697001102756604131448,1,46.29144,25.332452
4967,DC26002065004600055004131448,2,46.864591,25.441297000000002
869595,AP26001439000801108004131447,1,46.518011,25.442065
880423,AP26007239001602435004131447,1,46.153780000000005,25.569114
855100,AP26016870000111367704131446,1,46.086984,25.985725
46020,DA26011943000203708204131446,2,46.357588,25.962553
865473,DA26011117000412658104131444,2,46.555319,25.770037
336,DA26003781000300079804131444,2,46.361915,25.951638
848642,AP26001413000601163304131444,1,46.191328,25.467923
882280,AP26018827000208363604131442,1,46.046197,25.794883
882204,AP26006099001108753604131442,1,46.660549,25.72308
883721,AP26006697001302756604131441,1,46.29144,25.332452
6687,DC26007193000300935404131441,2,45.980663,26.254852
667449,AP26004381002111786804131441,1,46.153585,26.269955
863683,AP26002926002202572704131441,1,46.591472,25.140647
859865,AP26010148000910249204131441,1,46.489352,26.009944
9561,DC26006461000000816204131440,2,46.42934399999999,24.835093
855100,AP26016870000211367704131439,1,46.086984,25.985725
343379,DA26010205000103352204131439,2,46.272273000000006,25.926726
31355,DA26013376000212739204131439,2,46.558255,25.130687000000005
884295,AP26001299000303119104131437,1,45.882549000000004,25.732835000000005
883061,AP26006925003406451704131437,1,46.548656,25.525714000000004
863683,AP26002926001302572704131437,1,46.591472,25.140647
740775,AP26028032000209686504131437,1,46.077047,26.841627
883721,AP26006697001302756604131435,1,46.29144,25.332452
869325,AP26008207000601241704131435,1,46.258345999999996,25.621944
866071,AP26008100002502349604131435,1,46.260354,25.74706
2835,DC26004395000001145604131434,2,45.96742700000001,25.566653
689,DA26007239000201297004131432,2,46.117937,25.584744
328111,DA26007174000300933004131430,2,45.95187000000001,26.192002
874106,AP26003585001612547904131430,1,46.27343199999999,26.097854
16508,DA26004176000303971204131430,2,47.344489,22.952626999999996
866544,AP26010998001607394204131430,1,46.380727,24.882859
832329,AP26001413000113330404131428,1,46.337035,25.157417
694401,DC26032393000111857404131428,2,46.12940699999999,25.609558000000003
866071,AP26008100001402349604131427,1,46.260354,25.74706
870122,AP26001175000202026904131426,1,46.703207,25.378964
845255,DA26034725001212912004131426,2,45.947775,25.851649999999996
562733,DA26009802000305572804131426,2,46.689855,24.666857000000004
11047,DA26008372000311197704131425,2,45.926528,25.798387
12095,DC26003239000000024604131425,2,46.51453,25.15759
848642,AP26001413000501163304131424,1,46.191328,25.467923
876918,AP26002689000213328004131424,1,47.341392000000006,22.219065
109282,DA26011667000303550204131423,2,46.545093,25.344987
7066,DA26002926000202571104131423,2,46.659934,24.936513
874106,AP26003585001112547904131422,1,46.27343199999999,26.097854
5636,DA26008181000801233304131421,2,46.340782,25.839645
832329,AP26001413000313330404131419,1,46.337035,25.157417
868827,AP26001175000502208704131419,1,46.639194,25.43345
865085,DA26002165003501049604131419,2,46.362064,25.296538
869327,AP26002689000204735304131417,1,47.28517200000001,22.171227
640905,DA26031782000111302204131417,2,47.024081,26.867888000000004
12357,DC26010526000002833904131417,2,46.293503,25.036543
838524,AP26001510000301679104131416,1,46.924883,22.550418
9099,DA26004945000403995904131416,2,46.193544,25.914160999999996
8549,DC26009041000002749404131416,2,46.513958,24.611005
884068,AP26001439000801096104131415,1,46.548975000000006,25.383596999999998
13874,DA26008104000712637304131414,2,46.358689,25.546988
877406,AP26003564001401503904131414,1,46.347522,26.141799000000002
872750,AP26007152003103097404131413,1,45.740519,26.161411
11926,DA26010197000203038704131413,2,46.342025,25.810457
883061,AP26006925001306451704131413,1,46.548656,25.525714000000004
868819,AP26001284000802485004131413,1,46.499807,25.353341
870122,AP26001175000202026904131413,1,46.703207,25.378964
797195,AP26003754002600075104131413,1,45.787119,26.365017000000005
877406,AP26003564002101503904131412,1,46.347522,26.141799000000002
832329,AP26001413000313330404131410,1,46.337035,25.157417
693435,DC26006891000100869104131410,2,46.44085900000001,25.750965999999995
828843,AP26000051000102324004131409,1,46.410722,27.0116
866348,AP26001439003701108004131408,1,46.543453,25.454015
916,DA26004384000309527004131408,2,46.351458,25.129271
25720,DC26012511000004209004131407,2,46.307544,25.944878
1087,DA26003173000110322904131407,2,46.262498,25.880343999999997
739662,AP26001510000201679104131407,1,46.91276,22.543981
4687,DA26006879000401578104131407,2,46.32101500000001,25.953222999999998
25061,DC26007172000000932704131406,2,45.970094,26.23832
94443,DC26003136000200143104131406,2,46.204259,21.287169
1087,DA26003173000110322904131405,2,46.262498,25.880344
881641,AP26001447001608946804131404,1,46.001678,25.664887000000004
741349,DA26006626000100837504131404,2,46.518059,24.623485
1087,DC26003173000002826604131403,2,46.262498,25.880344
1265,DA26007165000101173204131403,2,45.80384999999999,25.839216000000004
882206,AP26034667000913344504131402,1,46.646422,25.995343000000002
870122,AP26001175000202026904131402,1,46.703207,25.378964
745455,DA26016106000207277604131401,2,46.42505,24.866686
797195,AP26003754000600075104131401,1,45.787119,26.365017000000005
863553,AP26004045000200778204131401,1,46.556621,27.123026
838524,AP26001510000301679104131400,1,46.924883,22.550418
6687,DC26007193000206469804131400,2,45.980663,26.254852
875751,AP26004665001809194004131400,1,46.324386,25.775471
872826,AP26001630000300359304131359,1,46.56548999999999,24.941842999999995
876918,AP26002689000212910504131359,1,47.341392000000006,22.219065
887123,AP26001284000102449504131359,1,46.454551,25.146613
6036,DA26002189003502172904131359,2,46.35269300000001,25.286644
490,DC26002209000101376104131358,2,46.125304,25.602831999999996
881026,AP26001413000806998004131358,1,46.39192499999999,25.123454999999996
855419,AP26010693000802963204131358,1,46.54270499999999,25.58833
882206,AP26034667000913344504131357,1,46.646422,25.995343000000002
741673,AP26003754001100075104131357,1,45.79818600000001,26.350874
19137,DC26011990000005787004131357,2,45.8717,25.801371
16508,DA26004176000303971204131357,2,47.344489,22.952626999999996
4463,DA26007733000601035604131357,2,45.928407,26.273373000000003
-1,LC26001355000200324404131355,10,46.42850112915039,25.109100341796875
847450,AP26001957001101817904131354,1,46.668119,25.142847
4971,DA26003534000402367104131354,2,46.515229,25.156189
866153,AP26007163001200931904131354,1,45.935605,26.305409
7152,DC26008165000202876204131353,2,46.545746,25.346135
885941,AP26003798001509951904131353,1,45.82503499999999,26.268807
9561,DC26006461000000816204131353,2,46.42934399999999,24.835093
811846,AP26013376000404641004131352,1,46.603508,25.306963
885593,AP26001490000507766304131352,1,46.33610000000001,25.761677000000002
862392,AP26001413000301163304131351,1,46.19544,25.4627
885154,AP26010668004502948404131351,1,46.624233,25.431585
882206,AP26034667001013344504131351,1,46.646422,25.995343000000002
14899,DA26003583000300050104131350,2,47.22258300000001,22.035699000000005
864623,AP26001413000413330404131349,1,46.349453000000004,25.191744
883168,AP26011186001504654804131349,1,46.646575000000006,25.338985999999995
875620,AP26019527000207005004131349,1,46.921806,27.085489
810,DA26006564000210480604131348,2,47.158208,22.726786
7654,DC26006858004401454204131348,2,46.578768,25.995158
885590,AP26001490000507766304131348,1,46.336448999999995,25.761141999999996
873954,AP26010205001202483704131347,1,46.32477,26.123537
866153,AP26007163001500931904131346,1,45.935605,26.305409
882206,AP26034667000913344504131345,1,46.646422,25.995343000000002
5223,DC26007198000000935804131344,2,45.96415,26.03506
879732,AP26001555000400593204131343,1,46.407378,24.369921
442301,DC26004355000001855704131343,2,45.830538,25.80458
882214,AP26011610001903525904131341,1,46.760606,25.753884
871775,AP26007229000412773304131339,1,46.140064,26.374495
1736,DC26002218000200408504131339,2,45.193633,21.854483
379628,DA26006404000400810604131338,2,46.45172399999999,24.613649999999996
1117,DA26001936000201316304131337,2,46.66011,24.935599999999997
873954,AP26010205001602483704131337,1,46.32477,26.123537
850087,AP26001630000400359004131336,1,46.44691,24.753277
1736,DC26002218000000408504131336,2,45.193633,21.854483
817118,AP26000356000201126604131336,1,44.857998,25.306252
881412,AP26010535000205128604131335,1,46.334602,25.661349
882214,AP26011610001703525904131334,1,46.760606,25.753884
189885,DA26016106000806063104131333,2,46.585836,25.084481999999998
2301,DA26008096001103448704131331,2,46.360479,25.545481
370631,DA26026287000212595404131330,2,46.65661600000001,24.903811
860349,AP26001175004603331404131330,1,46.82831000000001,25.326869
873535,AP26001439000701100904131330,1,46.496221,25.321614
882206,AP26034667000313344504131330,1,46.646422,25.995343
888953,AP26002209001101216604131329,1,46.167329,25.624756
7066,DC26002926000102571104131328,2,46.659934,24.936513
14148,DA26010998000205606204131328,2,46.30947,25.023800000000005
886658,AP26006571002100831004131328,1,46.157139,26.304103
848659,AP26001299000203119104131328,1,45.88504,25.733448
5305,DA26008100000212210304131328,2,46.36521,25.547944
882813,AP26006626000400837504131327,1,46.511036,24.635566999999998
881652,AP26009555000204631404131327,1,46.648970999999996,24.659855000000004
370631,DA26026287000208853904131326,2,46.65661600000001,24.903811
560,DC26004583000100357304131326,2,46.671451,25.557
3355,DA26001753000205962404131326,2,46.659305999999994,24.939382
12673,DC26000188000103358504131325,2,46.468875,26.889264
720590,AP26001119000401158104131325,1,44.465058,25.331961
859456,DA26034237000012672104131325,2,46.524029,26.668617
10404,DA26007860000201081104131324,2,46.047948,26.319296999999995
807665,AP26003750000300074704131324,1,45.937541,25.697012
881026,AP26001413000106998004131323,1,46.391925,25.123455
1087,DA26003173000110322904131321,2,46.262498,25.880343999999997
2685,DA26008569000201378404131320,2,46.67117,25.568446000000005
879210,AP26002175002801506004131319,1,46.230639,26.174012
787139,AP26002165002101049604131319,1,46.135861,25.867929
846995,AP26001280000303594904131318,1,45.887798,26.304162
863142,AP26001509000003562504131318,1,44.675935,23.87801
4279,DA26000923009800319204131318,2,47.867606,25.995079
15,DC26002165004001129904131318,2,46.426891,25.387269
869650,AP26005420000800560504131317,1,46.529824,25.546532
722386,DC26032887000112058304131316,2,46.28539,25.289470000000005
5636,DA26008181000401233304131316,2,46.340782,25.839645
16508,DA26004176000303971204131316,2,47.344489,22.952626999999996
871985,AP26008535000701353804131315,1,47.132995,23.984863
4279,DA26000923009700319204131315,2,47.867606,25.995079
862590,AP26001413000301166604131313,1,46.43818000000001,24.941259
873535,AP26001439000701100904131313,1,46.496221,25.321614
884625,AP26003197000202853904131313,1,46.403464,23.57173
640905,DA26031782000211302204131312,2,47.024081,26.867888000000004
885109,AP26003726000600071204131312,1,46.54711799999999,25.505667
4279,DA26000923009800319204131312,2,47.867606,25.995079
619084,DA26011293000303389204131311,2,46.66392100000001,25.563594
869086,AP26001175000202028404131311,1,46.633645,25.482992
6036,DC26002189000002172904131310,2,46.352693,25.286644
866932,AP26002050001202561304131310,1,46.560847,25.202313
872026,AP26001439003801287804131310,1,46.50043,25.468436
865473,DA26011117000512658104131309,2,46.555319,25.770037
884295,AP26001299000303119104131308,1,45.882549000000004,25.732835000000005
19137,DC26011990000005787004131308,2,45.8717,25.801371
4279,DA26000923009700319204131307,2,47.867606,25.995079
884625,AP26003197000202853904131306,1,46.403464,23.57173
876918,AP26002689000206991604131306,1,47.341392000000006,22.219065
6036,DC26002189000002172904131305,2,46.352693,25.286644
689,DA26007239000301297004131305,2,46.117937,25.584744
4279,DA26000923009500319204131304,2,47.867606,25.995079
877368,AP26011610001503525904131303,1,46.720018,25.794735
4279,DA26000923009600319204131301,2,47.867606,25.995079
868819,AP26001284000702485004131301,1,46.499807,25.353341
1117,DA26001936000201316304131300,2,46.66011,24.935600000000004
21128,DC26010167000111520204131259,2,46.554876,25.770653
873535,AP26001439000701100904131259,1,46.496221,25.321614
870576,AP26001299000701701304131258,1,46.167608,25.768919
4687,DA26006879000401578104131258,2,46.32101500000001,25.953222999999998
4279,DA26000923009600319204131258,2,47.867606,25.995079
848891,AP26001439000701091804131257,1,46.572351,25.366444
729810,AP26001478000203289104131256,1,47.722704,22.284098
667449,AP26004381002007878304131256,1,46.153585,26.269955
10664,DC26006697000100847304131256,2,46.201391,25.146812
7152,DC26008165000302876204131255,2,46.545746,25.346135
887118,AP26004557000812114304131254,1,46.53826,25.892109
381630,DC26026552000008954104131254,2,46.437782,25.388463
19119,DA26004281000000261204131254,2,46.588074,25.777498
4279,DA26000923009600319204131254,2,47.867606,25.995079
11862,DA26005985000510582504131254,2,45.938565000000004,26.257268999999997
209152,DA26020218000412488004131254,2,46.806523,25.490051000000005
848637,AP26001413000401170204131253,1,46.234552,24.989661
862314,AP26002209000501213404131252,1,46.204125,25.683263
1087,DA26003173000110322904131252,2,46.262498,25.880343999999997
14148,DA26010998000003256604131252,2,46.30947,25.023800000000005
869316,AP26012457001311267204131252,1,46.12847200000001,26.115165
25720,DA26012511000204209004131252,2,46.307544,25.944878
4279,DA26000923009600319204131252,2,47.867606,25.995079
491055,DA26010709000602971604131251,2,46.475609,25.177937
2108,DC26004305000101712804131251,2,46.037796,26.058978
741349,DA26006626000000837504131251,2,46.518059,24.623485
884622,AP26003197000202853904131251,1,46.418382,23.596483
745455,DA26016106000207277604131250,2,46.42505,24.866686
740775,AP26028032000209686504131250,1,46.077047,26.841627
865674,AP26001389000903744304131248,1,45.922473,26.247321
789128,AP26010005002803245504131248,1,46.606039,25.284813
846995,AP26001280001003594904131247,1,45.887798,26.304162
4279,DA26000923009700319204131247,2,47.867606,25.995079
881026,AP26001413000006998004131247,1,46.391925,25.123455
726944,AP26002043000302665804131247,1,46.56952900000001,25.199549
4971,DA26003534000406534204131246,2,46.515229,25.156189
451091,DA26008165000302876204131245,2,46.538341,25.346299
4279,DA26000923009600319204131243,2,47.867606,25.995079
848642,AP26001413000301163304131242,1,46.191328,25.467923
886914,AP26007303001209550304131241,1,46.775129,25.55802
724496,AP26003239002210481604131240,1,46.614619,25.248181
4971,DA26003534000200045804131240,2,46.515229,25.156189
872026,AP26001439000301287804131240,1,46.50043,25.468436
189885,DA26016106000106110904131239,2,46.585836,25.084481999999998
14650,DA26003653000200062304131239,2,46.384989999999995,25.293299
5636,DA26008181000601233304131239,2,46.340782,25.839645
370707,DA26005418000300561304131239,2,46.590843,26.87396
862314,AP26002209000901213404131239,1,46.204125,25.683263
11174,DA26008647001001464004131239,2,46.538740999999995,25.961511
4279,DA26000923009900319204131239,2,47.867606,25.995079
377238,DA26024913000308404004131238,2,46.591057,24.803065
878236,AP26001299000303182604131238,1,45.863884000000006,25.745458
11174,DA26008647001001464004131238,2,46.538740999999995,25.961511
870212,AP26007244000212312204131237,1,45.86597600000001,26.27934
5636,DA26008181001001233304131236,2,46.340782,25.839645
4279,DA26000923009300319204131236,2,47.867606,25.995079
879713,AP26004305001601714104131235,1,46.11364699999999,26.178556
12095,DA26003239000105144304131235,2,46.51453,25.15759
4279,DA26000923009300319204131234,2,47.867606,25.995079
694401,DA26032393000511857404131234,2,46.12940699999999,25.609558000000003
834825,AP26003721000500120504131233,1,46.142357,25.501717
4971,DA26003534000311519304131231,2,46.515229,25.156189
342,DC26003564004808424604131231,2,46.350407999999995,25.445892
888803,AP26001523000202144504131231,1,47.261901,22.049699
889376,AP26001355000206286404131230,1,46.364287,25.235435
846293,AP26001439000312256604131229,1,46.458254,25.523633
5180,DC26008210003501285104131229,2,46.556076999999995,25.96702
882312,AP26007174000900933004131229,1,46.133699,26.207872999999996
12036,DC26005432000503073604131227,2,46.594054,25.779248
877575,AP26001389000103593904131227,1,45.888898000000005,26.292251000000004
864991,AP26002189001913483004131226,1,46.482688,25.382984000000004
6036,DA26002189000002172904131226,2,46.352693,25.286644
889447,AP26001284001002430604131226,1,46.436427,25.06808
814892,DC26034330000012720204131225,2,44.1338,28.6201
7066,DA26002926000202571104131225,2,46.659934,24.936513
876918,AP26002689000011096804131222,1,47.341392,22.219065
884295,AP26001299000303119104131222,1,45.882549000000004,25.732835000000005
23128,DC26007120000004277804131221,2,46.031994,25.582059
359356,DA26007216000300938204131221,2,45.947876,26.219088
11878,DC26005985000103074604131220,2,45.792432999999996,25.844196999999998
20598,DC26011867000311371304131220,2,46.431157000000006,25.387341000000003
12357,DC26010526000002833904131219,2,46.29350300000001,25.036543000000005
11926,DC26010197003703038704131219,2,46.342025,25.810457
3978,DC26007175000000933304131219,2,46.102346,26.197274
884188,AP26008767000607598404131219,1,47.231391,23.143827
693435,DC26006891000300869104131219,2,46.440859,25.750966
694401,DA26032393000311857404131218,2,46.12940699999999,25.609558000000003
857819,AP26001389000303593904131218,1,45.892581,26.294791
882312,AP26007174001700933004131216,1,46.133699,26.207872999999996
881026,AP26001413001006998004131216,1,46.39192499999999,25.123454999999996
880565,AP26001970000307103404131215,1,47.067775000000005,23.976058
878235,AP26035373000213330004131214,1,45.791543,25.698787
8879,DC26007205000100936604131214,2,45.6965,26.08873
749643,DC26031008000210936704131213,2,44.477786,26.026592000000004
15,DA26002165000301129904131213,2,46.42689099999999,25.387269
3151,DC26002164004301927104131213,2,45.450866,23.407310999999996
875994,AP26001957001411301104131211,1,46.706231,25.075495
1087,DA26003173000010322904131211,2,46.262498,25.880343999999997
862392,AP26001413000601163304131211,1,46.19544,25.4627
832563,DA26034457000112780604131210,2,44.35646,26.193634
783229,AP26001510000301662604131210,1,47.069009,22.455325
700709,DA26032497002211685304131210,2,45.768369,26.107013
7152,DC26008165000502876204131209,2,46.545746,25.346135
916,DA26004384002109527004131209,2,46.351458,25.129271
878235,AP26035373000313330004131208,1,45.791543,25.698787
813178,AP26003534002202195504131208,1,46.580353,25.213419
883061,AP26006925003406451704131207,1,46.548656,25.525714000000004
869485,AP26001175000202028704131207,1,46.636581,25.46375
21651,DA26009299000204051404131206,2,46.345064,25.398366
389019,DC26026780000209028104131205,2,45.842037,25.798229
820459,AP26006818001703071504131205,1,46.597998999999994,25.286519
5223,DA26007198000200935804131204,2,45.96415,26.03506
875994,AP26001957001211301104131203,1,46.706231,25.075495
490,DC26002209000501376104131203,2,46.125304,25.602831999999996
370631,DA26026287000008853904131202,2,46.656616,24.903811
16508,DA26004176000303971204131202,2,47.344489,22.952626999999996
5279,DA26003643000202801504131201,2,46.42738599999999,25.235724
869485,AP26001175000102028704131201,1,46.636581,25.46375
889375,AP26010668003804277904131200,1,46.623003000000004,25.43168
939,DA26007223000607541504131158,2,46.076991,25.691531
878159,AP26008194000901237304131158,1,46.179518,25.482149000000003
623616,DC26019387000011602904131157,2,46.537102,24.81698
888953,AP26002209001101216604131157,1,46.167329,25.624756
374822,DC26025944000008699104131156,2,45.009941,22.371071
469043,DC26006564000012601504131156,2,47.194218,22.715023
64504,DA26007175000500933304131156,2,46.0923,26.198829
18152,DC26011081000503258604131153,2,46.39120499999999,25.30852
814888,DA26034330000012719604131153,2,45.135,26.8145
848642,AP26001413000301163304131151,1,46.191328,25.467923
879009,AP26002689000204735304131150,1,47.376662,22.299436
2076,DA26003783000100081204131150,2,46.050504,26.259232
623616,DC26019387000011602904131150,2,46.537102,24.81698
495757,DA26009105000201612304131149,2,47.095191,26.819541
2987,DA26005972001404716504131149,2,45.918004,26.291211
374203,DA26007207000400936704131148,2,45.979942,26.259546
198838,DA26016158000405743404131148,2,46.33614500000001,25.524418
766350,AP26001284001502424904131148,1,46.627964,25.286756
2987,DA26005972000904716504131147,2,45.918004,26.291211
25720,DA26012511000504209004131146,2,46.307544,25.944878
2685,DA26008569000401378404131146,2,46.67117,25.568446000000005
872215,AP26001413000306998004131146,1,46.402524,25.116071
885293,AP26008647003611505804131145,1,46.571258,26.013651
886317,AP26007193002106469804131145,1,46.041351999999996,26.39479
336,DA26003781000400079804131145,2,46.361915,25.951638
6036,DC26002189000602172904131145,2,46.35269300000001,25.286644
880423,AP26007239001602435004131144,1,46.153780000000005,25.569114
1087,DA26003173000010322904131144,2,46.262498,25.880344000000004
11174,DA26008647001403180504131144,2,46.538740999999995,25.961511
15,DA26002165003301129904131142,2,46.42689099999999,25.387269
9561,DC26006461000000816204131141,2,46.42934399999999,24.835093
3489,DA26006643000203104404131140,2,46.65717,24.912387
5170,DC26009103000010024004131139,2,46.531045,24.786314
843100,AP26002590000104399604131139,1,47.300894,22.977407
4523,DC26004579000100355504131138,2,46.677775,25.56771
886317,AP26007193001606469804131138,1,46.041351999999996,26.39479
766350,AP26001284001502424904131138,1,46.627964,25.286756
810,DA26006564000310480604131138,2,47.158208,22.726786
29096,DA26006438001613173904131137,2,46.66017200000001,24.934637999999996
2301,DA26008096001103448704131137,2,46.360479,25.545481
12095,DA26003239000205144304131135,2,46.51453,25.15759
694401,DC26032393000011602104131135,2,46.129407,25.609558
5636,DA26008181000501233304131134,2,46.340782,25.839645
11878,DC26005985000003074604131133,2,45.792433,25.844197
216509,DA26020424000407328704131132,2,46.80787999999999,25.448981
2685,DA26008569000301378404131132,2,46.67117,25.568446000000005
868780,AP26008785000907158304131131,1,46.39784699999999,26.048427
882367,AP26004380003103674704131130,1,46.146465,25.921136
19137,DC26011990000005787004131130,2,45.8717,25.801371
883061,AP26006925001306451704131129,1,46.548656,25.525714000000004
490,DC26002209000001237604131128,2,46.125304,25.602832
6687,DA26007193000002922004131128,2,45.980663,26.254852
876918,AP26002689000212910504131128,1,47.341392000000006,22.219065
109282,DA26011667000203550204131127,2,46.545093,25.344987
12185,DC26010640000802923904131127,2,46.497861,25.750666
6036,DC26002189002802172904131127,2,46.35269300000001,25.286644
884068,AP26001439000801096104131127,1,46.548975000000006,25.383596999999998
689,DA26007239000201297004131126,2,46.117937,25.584744
15,DA26002165001603082404131126,2,46.42689099999999,25.387269
813656,AP26001439000001108804131126,1,46.484361,25.538099
889438,AP26001394000412868504131126,1,46.349234,26.015436
498205,DC26029189000110079104131125,2,46.4032,25.305784
374203,DA26007207000500936704131124,2,45.979942,26.259546
-1,LC26000353001900252704131124,10,44.959999084472656,25.444599151611328
3931,DA26007182001605886304131124,2,45.944999,26.215017
877368,AP26011610002603525904131123,1,46.720018,25.794735
3931,DA26007182000805886304131123,2,45.944999,26.215017
109282,DA26011667000203550204131123,2,46.545093,25.344987
889444,AP26010703000402969204131122,1,46.638888,25.436572
879009,AP26002689000204735304131122,1,47.376662,22.299436
878236,AP26001299000303182604131121,1,45.863884000000006,25.745458
867247,AP26010655000209671904131121,1,47.141428,22.454697999999997
14148,DA26010998000205606204131121,2,46.30947,25.023800000000005
1071,DC26003542000101578504131121,2,46.815292,25.509992
889438,AP26001394000512868504131119,1,46.349234,26.015436
793170,AP26031151000211010704131119,1,47.472385,22.929404
13966,DC26011036000003249304131119,2,46.291362,25.040218
886909,AP26001355000200324404131118,1,46.399008,25.045763000000004
450366,DC26028454000109844804131118,2,46.43030100000001,24.824864
877406,AP26003564001101503904131117,1,46.347522,26.141799000000002
872026,AP26001439003501287804131117,1,46.50043,25.468436
640905,DA26031782000111302204131117,2,47.024081,26.867888000000004
862392,AP26001413000601163304131116,1,46.19544,25.4627
343379,DA26010205000103352204131116,2,46.272273000000006,25.926726
787139,AP26002165002201049604131116,1,46.135861,25.867929
865473,DA26011117000512658104131116,2,46.555319,25.770037
877406,AP26003564001801503904131115,1,46.347522,26.141799000000002
12848,DC26010103004913414704131115,2,46.357963000000005,25.538864
6499,DC26007321003600959304131115,2,46.89475000000001,25.71596
887118,AP26004557001112114304131115,1,46.53826,25.892109
785458,AP26000051000202302804131113,1,46.393673,26.868015
442301,DC26004355000201855704131112,2,45.830538,25.80458
490,DC26002209000201376104131112,2,46.125304,25.602831999999996
748090,DC26003585000001119704131111,2,46.300676,25.283705
884625,AP26003197000202853904131110,1,46.403464,23.57173
2076,DA26003783000100081204131110,2,46.050504,26.259232
15875,DC26005969000212395804131110,2,46.307261000000004,25.837425
13966,DC26011036000003249304131108,2,46.291362,25.040218
848642,AP26001413000301163304131108,1,46.191328,25.467923
442216,DA26028365000109813404131108,2,43.990176,24.826655
12095,DA26003239000600024604131106,2,46.51453,25.15759
884625,AP26003197000202853904131106,1,46.403464,23.57173
495757,DA26009105000201612304131105,2,47.095191,26.819541
871986,AP26008535000501353804131105,1,47.13132199999999,23.987432
883472,AP26003235001001727904131104,1,46.438624,24.97342
10664,DA26006697000400847304131104,2,46.201391,25.146812
859660,AP26001355000002251904131102,1,46.26782,25.075212
4031,DA26007834001801063804131102,2,45.789715,26.130375
883471,AP26003235001001727904131101,1,46.441268,24.979964
885806,AP26016002003305685904131101,1,46.488533,25.374925
689,DA26007239000301297004131100,2,46.117937,25.584744
886241,AP26006438001013173904131058,1,46.639488,25.005632000000002
25720,DA26012511001104209004131058,2,46.307544,25.944878
814895,DC26034330000012755204131058,2,45.705085,27.204693
640905,DA26031782000111302204131058,2,47.024081,26.867888000000004
881641,AP26001447001708946804131057,1,46.001678,25.664887000000004
376808,DC26011867000108935104131057,2,46.38028,25.35735
882401,AP26008165001705229004131057,1,46.566874000000006,25.485174
872901,AP26006438001013173904131055,1,46.643101,25.004428
763542,AP26000842000301402204131055,1,44.727939,23.726172
626354,DC26031591000011306104131055,2,47.513847,22.139838
19905,DC26006668000104148904131055,2,46.37825,25.359153000000003
813656,AP26001439000801108804131054,1,46.484361,25.538099
4031,DA26007834003201063804131053,2,45.789715,26.130375
868819,AP26001284000802485004131053,1,46.499807,25.353341
847450,AP26001957001001817904131052,1,46.668119,25.142847
34654,DC26014609000105228004131052,2,46.363126,25.517940999999997
882401,AP26008165001505229004131052,1,46.566874000000006,25.485174
370631,DA26026287000208853904131051,2,46.65661600000001,24.903811
5149,DA26003300000100207304131051,2,47.72807,22.48906
1404,DC26006827004806562404131051,2,46.967467,25.730377
6036,DA26002189001202172904131051,2,46.35269300000001,25.286644
6687,DC26007193000002923404131050,2,45.980663,26.254852
889407,AP26001413000509493704131050,1,46.361585,25.057585
8549,DC26009041000002749404131050,2,46.513958,24.611005
5180,DC26008210003701285104131049,2,46.556076999999995,25.96702
694401,DA26032393000311857404131049,2,46.12940699999999,25.609558000000003
29777,DC26013657000206337804131048,2,46.406836,25.308302
740775,AP26028032000209686504131048,1,46.077047,26.841627
782872,AP26001472001504533804131047,1,45.730129,26.201057000000002
878787,AP26001453000202319604131045,1,47.141352,24.018779
865168,AP26010167001411521204131045,1,46.688337,25.680904
849531,AP26002869000201255204131044,1,46.265703,22.513067
562733,DA26009802000305572804131044,2,46.689855,24.666857000000004
434229,DC26028195000409749304131044,2,44.36065,26.197664
813656,AP26001439001201108804131043,1,46.484361,25.538099
7010,DA26000874000000178304131043,2,43.983798,22.946063
189885,DA26016106000107277604131043,2,46.585836,25.084481999999998
13467,DA26010469000803214604131041,2,46.709099,25.567888
49866,DA26016002000505685904131041,2,46.497274,25.353624
18677,DA26010045000302250404131041,2,46.35684,25.545828
2096,DA26003235000001723604131039,2,46.558437,24.998082
872651,AP26008372003111197704131038,1,46.04708300000001,25.886507000000005
7001,DA26003027000412088104131038,2,46.33397,27.689302
726944,AP26002043000202665804131038,1,46.569528999999996,25.199549
682619,AP26031151000711010704131038,1,47.469671,22.93169
763542,AP26000842000301402204131038,1,44.727939,23.726172
876918,AP26002689000206991604131037,1,47.341392000000006,22.219065
455544,DC26006420000202954404131037,2,47.21876699999999,22.887777
866932,AP26002050001302561304131037,1,46.560847,25.202313
5636,DA26008181001601233304131036,2,46.340782,25.839645
6036,DC26002189000002172904131036,2,46.352693,25.286644
4687,DA26006879000401578104131035,2,46.32101500000001,25.953222999999998
557798,DA26010928000403161204131034,2,46.093195,20.988319
1006,DA26008338000001287704131034,2,43.831786,24.775203
12095,DA26003239000703053504131034,2,46.51453,25.15759
-1,LA26001447000000565804131032,10,46.060001373291016,25.784299850463867
846293,AP26001439000312256604131032,1,46.458254,25.523633
764335,AP26001925000112411804131032,1,48.062839,26.254074
877037,AP26006891002310375204131032,1,46.440164,25.662384
629656,DA26031089000310988204131031,2,44.095506,27.753931000000005
29088,DC26007896000001103204131031,2,44.490124,28.64493
877677,AP26003534003302229104131031,1,46.101063,25.327997
879210,AP26002175003501506004131031,1,46.230639,26.174012
884458,AP26001439000901287804131031,1,46.49831700000001,25.43705
878788,AP26001453000202319604131031,1,47.141511,24.018543
864990,AP26001439001601091104131031,1,46.479083,25.357812
863818,AP26005972002703339704131031,1,45.821130000000004,26.343371
12411,DA26003124000200058604131029,2,46.33758799999999,25.102842
845621,AP26001251002103582104131027,1,46.117348,26.242853
764335,AP26001925000112411804131027,1,48.062839,26.254074
865289,AP26007244000202360104131027,1,45.89362,26.2127
863818,AP26005972001703339704131027,1,45.821130000000004,26.343371
755346,AP26001970000202849804131027,1,47.063952,23.982554000000004
877037,AP26006891001710375204131026,1,46.440164,25.662384
370631,DA26026287000212595404131026,2,46.65661600000001,24.903811
866019,AP26006879003101576404131025,1,46.293283,25.996164000000004
14247,DC26010721005211148504131025,2,46.389731000000005,25.361923
4430,DC26003798000210064404131025,2,45.872401,26.18813
764335,AP26001925000112411804131024,1,48.062839,26.254074
869316,AP26012457001511267204131024,1,46.12847200000001,26.115165
879009,AP26002689000204735304131024,1,47.376662,22.299436
863553,AP26004045000200778204131023,1,46.556621,27.123026
883472,AP26003235002106868504131022,1,46.438624,24.97342
18152,DC26011081000203258604131022,2,46.39120499999999,25.30852
831539,AP26000821000508466504131022,1,43.861467,23.003031
867087,AP26009555000304631404131022,1,46.653052,24.657604000000003
557798,DC26010928000103161204131022,2,46.093195,20.988319
764335,AP26001925000112411804131022,1,48.062839,26.254074
877884,AP26001424002007054304131021,1,46.312349000000005,25.661049000000002
640905,DA26031782000011302204131021,2,47.024081,26.867888000000004
5279,DA26003643000202801504131021,2,46.42738599999999,25.235724
916,DC26004384002009527004131020,2,46.351458,25.129271
888803,AP26001523000202144504131020,1,47.261901,22.049699
764335,AP26001925000112411804131019,1,48.062839,26.254074
886840,AP26006678001608947004131019,1,46.263,25.667456
888953,AP26002209001101216604131018,1,46.167329,25.624756
874642,AP26004384001510532704131018,1,45.991981,25.19929
455544,DC26006420000202954404131018,2,47.21876699999999,22.887777
845621,AP26001251001703582104131017,1,46.117348,26.242853
764335,AP26001925000112411804131016,1,48.062839,26.254074
467476,DC26007303000005373504131016,2,46.821322,25.536748
873742,AP26001389000305240504131016,1,46.048655,25.892177
870576,AP26001299000401701304131016,1,46.167608,25.768919
5305,DA26008100000212210304131016,2,46.36521,25.547944
886153,AP26008210001712035504131014,1,46.487042,25.78961
877884,AP26001424001607054304131014,1,46.312349000000005,25.661049000000002
216509,DA26020424000407328704131014,2,46.80787999999999,25.448981
748090,DC26003585000001119704131013,2,46.300676,25.283705
886840,AP26006678001308947004131012,1,46.263,25.667456
853232,AP26001299000802247204131012,1,45.999332,25.705073
19137,DC26011990000005787004131011,2,45.8717,25.801371
879713,AP26004305001601714104131010,1,46.11364699999999,26.178556
428,DA26007191000005789104131010,2,46.073822,25.571953
886153,AP26008210001312035504131009,1,46.487042,25.78961
846995,AP26001280000303594904131009,1,45.887798,26.304162
889427,AP26001490001307766304131008,1,46.339948,25.755622
270222,DC26003585000012547904131008,2,46.370591,25.770251
3017,DA26006846000301910004131008,2,46.302527,25.841449
874642,AP26004384001510532704131007,1,45.991981,25.19929
689,DA26007239000201297004131007,2,46.117937,25.584744
766,DA26006787003013414504131006,2,46.710995,25.505551
853771,DA26034851000112976304131006,2,45.23175,27.79122
760150,AP26018365002006580904131006,1,46.905566,25.597455
21128,DC26010167002411520204131006,2,46.554876,25.770653
4971,DA26003534000311519304131006,2,46.515229,25.156189
837804,AP26001394001206848004131005,1,46.542162999999995,25.600053
10820,DC26007897000201103604131004,2,46.078983,25.576713
5149,DA26003300000200207304131004,2,47.72807,22.48906
886170,AP26003636001910488804131003,1,46.481682,25.414621999999998
856980,AP26001490001307766304131003,1,46.336963,25.753162
886914,AP26007303001209550304131003,1,46.775129,25.55802
870576,AP26001299000801701304131002,1,46.167608,25.768919
869650,AP26005420000800560504131002,1,46.529824,25.546532
885819,AP26001355000102258304131002,1,46.406141,25.241485
345664,DC26019930001007172104131001,2,46.712917,25.583771
4971,DA26003534000406534204131001,2,46.515229,25.156189
689,DA26007239000201297004130959,2,46.117937000000005,25.584744
886170,AP26003636001710488804130958,1,46.481682,25.414621999999998
881807,AP26008210003202300404130958,1,46.421141,25.90563
7066,DA26002926000202571104130958,2,46.659934,24.936513
189885,DA26016106000207277604130958,2,46.585836,25.084481999999998
885154,AP26010668004312415804130957,1,46.624233,25.431585
885819,AP26001355000102258304130956,1,46.406141,25.241485
939,DC26007223000101897804130956,2,46.076991,25.691531
6036,DC26002189000302172904130955,2,46.352693,25.286644
869325,AP26008207000601241704130955,1,46.258345999999996,25.621944
884295,AP26001299000203119104130955,1,45.882549000000004,25.732835000000005
-1,LA26001307000202259604130954,10,47.06769943237305,25.489599227905273
13966,DC26011036000003249304130954,2,46.291362,25.040218
869971,AP26001299001903159904130953,1,45.90458,25.732727
806603,AP26002043000002665804130952,1,46.572867,25.249105
6036,DC26002189000202172904130952,2,46.352693,25.286644
25720,DA26012511000404209004130952,2,46.307544,25.944878
825420,AP26018365000406580904130952,1,46.906859,25.597693000000003
586,DC26006925000100871904130951,2,46.536549,25.496284
880423,AP26007239001502435004130951,1,46.153780000000005,25.569114
311355,DA26014530000405206604130951,2,47.90472400000001,22.907577
729810,AP26001478000003289104130951,1,47.722704,22.284098
842700,AP26001389000204798404130949,1,45.990953,25.956453
785871,AP26002598000001429904130949,1,47.194837,22.844304
748090,DC26003585000001119704130948,2,46.300676,25.283705
869971,AP26001299001603159904130948,1,45.90458,25.732727
7078,DC26000286000402217404130948,2,47.00628700000001,26.952338
14650,DA26003653000200062304130947,2,46.384989999999995,25.293299
884188,AP26008767000507598404130946,1,47.231391,23.143827
359356,DC26007216000300938204130946,2,45.947876,26.219088
885565,AP26001280001003598604130946,1,45.974803,26.288941000000005
847913,AP26001389000204798404130946,1,45.998772,25.937984
606202,DA26020983007807463604130945,2,47.871015,26.000083
495757,DA26009105000101612304130943,2,47.095191,26.819541
748090,DC26003585000001119704130943,2,46.300676,25.283705
846995,AP26001280001003594904130943,1,45.887798,26.304162
3931,DA26007182001605886304130941,2,45.944999,26.215017
13966,DC26011036000103249304130941,2,46.291362,25.040218
3931,DA26007182000805886304130941,2,45.944999,26.215016999999992
25720,DA26012511000704209004130941,2,46.307544,25.944878
606202,DA26020983007807463604130940,2,47.871015,26.000083
916,DA26004384002401642604130940,2,46.351458,25.129271
786049,AP26034008001612545704130940,1,46.215375,25.131498000000004
336,DA26003781000400079804130939,2,46.361915,25.951638
878236,AP26001299000303182604130939,1,45.863884000000006,25.745458
888796,AP26009363003810335904130939,1,46.94912,25.682820000000003
576436,DC26030815000110933204130938,2,47.029509999999995,26.85825
883071,AP26003798001709951904130938,1,45.810357,26.260919
12069,DC26010460003703078304130938,2,46.34841600000001,25.525674
873535,AP26001439000701100904130937,1,46.496221,25.321614
6036,DC26002189000302172904130937,2,46.35269300000001,25.286644
865473,DA26011117000512658104130936,2,46.555319,25.770037
4971,DA26003534000100045804130936,2,46.515229,25.156189
689,DA26007239000601297004130935,2,46.117937,25.584744
12673,DC26000188000000786604130934,2,46.468875,26.889264
748090,DC26003585000101119704130934,2,46.300676,25.283705
853897,DC26006048000100750604130934,2,45.86136,25.81626
2301,DA26008096000903448704130934,2,46.360479,25.545481
834825,AP26003721000400120504130933,1,46.142357,25.501717
27956,DC26010715000202977804130932,2,46.806759,25.498431999999998
885293,AP26008647003611505804130932,1,46.571258,26.013651
428,DA26007191000205789104130931,2,46.073822,25.571952999999997
884068,AP26001439000201096104130931,1,46.548975000000006,25.383596999999998
873535,AP26001439000701100904130930,1,46.496221,25.321614
7152,DC26008165000002876204130930,2,46.545746,25.346135
3489,DA26006643000203104404130929,2,46.65717,24.912387
813656,AP26001439000901108804130929,1,46.484361,25.538099
640905,DA26031782000111302204130929,2,47.024081,26.867888000000004
867500,AP26008104001603247304130929,1,46.272185,25.618733000000002
873535,AP26001439000901100904130927,1,46.496221,25.321614
455544,DC26006420000902954404130927,2,47.21876699999999,22.887777
1736,DC26002218000300408504130927,2,45.193633,21.854483
864990,AP26001439003301091104130927,1,46.479083,25.357812
862314,AP26002209001001213404130925,1,46.204125,25.683263
748090,DC26003585000001119704130924,2,46.300676,25.283705
5636,DA26008181001901233304130924,2,46.340782,25.839645
7152,DC26008165000302876204130924,2,46.545746,25.346135
377238,DA26024913000208404004130923,2,46.591057,24.803065
867500,AP26008104000503247304130923,1,46.272185,25.618733000000002
879009,AP26002689000204735304130923,1,47.376662,22.299436
884068,AP26001439000401096104130923,1,46.54897499999999,25.383597000000005
626354,DC26031591000011306104130923,2,47.513847,22.139838
4007,DC26008696000203979104130922,2,47.01743100000001,26.872469
7131,DC26008773000101468604130922,2,46.691093,25.436111
888798,AP26010474001512779204130922,1,46.98190300000001,25.652025
13874,DA26008104000712637304130922,2,46.358689,25.546988
865545,AP26008372001908996704130922,1,46.013073,25.785798
811951,AP26000051000202473204130921,1,46.393093,26.927167
25720,DA26012511000604209004130921,2,46.307544,25.944878
3017,DA26006846000301910004130921,2,46.302527,25.841449
11174,DA26008647001003180504130920,2,46.53874100000001,25.961511
257,DC26006927000302089104130920,2,46.710001,25.506284000000004
886909,AP26001355000200324404130919,1,46.399008,25.045763000000004
884458,AP26001439001601287804130919,1,46.49831700000001,25.43705
14148,DA26010998000205606204130919,2,46.30947,25.023800000000005
9099,DA26004945000403995904130916,2,46.193544,25.914160999999996
2318,DA26008862002301519104130913,2,46.956288,26.880744000000004
7114,DC26000947000005031904130913,2,47.046165,23.917391999999996
793170,AP26031151000211010704130912,1,47.472385,22.929404
886774,AP26001424000602278604130911,1,46.371795,25.690687
5149,DA26003300000100207304130910,2,47.72807,22.48906
4463,DA26007733001201035604130909,2,45.928407,26.273373000000003
370631,DA26026287000212595404130909,2,46.65661600000001,24.903811
22100,DC26010709000202971604130909,2,46.521719,25.239651
5271,DA26005604002610105504130908,2,45.359454,24.110672000000005
748090,DC26003585000001119704130908,2,46.300676,25.283705
810,DA26006564000210480604130903,2,47.158208,22.726786
889375,AP26010668003804277904130903,1,46.623003000000004,25.43168
8960,DA26006843002506281004130903,2,46.73994,25.528499999999998
747486,AP26001490000707766304130903,1,46.329964999999994,25.782799
7152,DA26008165000302876204130903,2,46.545746,25.346135
866544,AP26010998001607394204130903,1,46.380727,24.882859
12095,DA26003239000205144304130902,2,46.51453,25.15759
916,DA26004384000309527004130902,2,46.351458,25.129271
863659,AP26006818001003071504130901,1,46.571256,25.235786
878414,AP26004409002900298504130901,1,46.60226500000001,25.555468
848891,AP26001439000701091804130900,1,46.572351,25.366444
888953,AP26002209000901216604130859,1,46.167329,25.624756
5950,DC26004995000000476604130859,2,46.451796,25.767363
549572,DA26030075000010401704130858,2,44.599436,27.64261
883470,AP26006674000600844304130858,1,45.879270999999996,25.381276
689,DA26007239000201297004130857,2,46.117937,25.584744
359356,DC26007216000105931804130857,2,45.947876,26.219088
257130,DA26023306000107990504130857,2,46.343905,25.765233
888825,AP26003534003101223604130856,1,46.107034,25.410265999999996
455544,DC26006420000302954404130855,2,47.21876699999999,22.887777
2685,DC26008569000301378404130855,2,46.67117,25.568446
878414,AP26004409001800298504130855,1,46.60226500000001,25.555468
623616,DC26019387000011602904130854,2,46.537102,24.81698
8960,DC26006843004103609704130853,2,46.73994,25.528500000000005
11926,DC26010197000103038704130852,2,46.342025,25.810457
859436,AP26001280000303598604130852,1,45.974698,26.29185
889407,AP26001413000409493704130852,1,46.361585,25.057585
885265,AP26003197000202853904130851,1,46.41155,23.583262
888243,AP26001299000207466404130851,1,46.19170499999999,25.735907
-1,LA26030939000411047604130851,10,46.19850158691406,26.037399291992188
724496,AP26003239000903053504130851,1,46.614619,25.248181
694401,DA26032393000311857404130850,2,46.12940699999999,25.609558000000003
7085,DC26006771000402554504130850,2,46.38433799999999,25.217595
469043,DC26006564000212898404130850,2,47.194218,22.715023
724496,AP26003239002210481604130849,1,46.614619,25.248181
884051,AP26007866000201087804130849,1,45.751381,26.167821
880349,AP26013376001013272204130849,1,46.640841,25.248386
1369,DC26006669000300843904130849,2,46.694832,25.456113
450366,DC26028454000109844804130848,2,46.430301,24.824864
813178,AP26003534001202195504130848,1,46.580353,25.213419
26783,DA26003871000300461904130847,2,44.347588,22.776059
3978,DC26007175000100933304130847,2,46.10234599999999,26.197274000000004
748090,DC26003585000301119704130845,2,46.300676,25.283705
6036,DC26002189003402172904130844,2,46.35269300000001,25.286644
370631,DA26026287000212595404130842,2,46.65661600000001,24.903811
3017,DA26006846000301910004130841,2,46.302527,25.841449
879900,AP26011186001504654804130841,1,46.795028,25.300377
4523,DA26004579001000355504130840,2,46.677775,25.56771
815387,AP26001299000701701304130840,1,46.162073,25.787654
868819,AP26001284000902485004130840,1,46.499807,25.353341
872026,AP26001439003701287804130839,1,46.50043,25.468436
4971,DA26003534000402367104130839,2,46.515229,25.156189
797771,AP26000110000001083804130838,1,45.104159,25.610863
9604,DC26006492000500819204130838,2,47.410349,23.160337
777721,AP26001439000409564404130837,1,46.429768,25.47431
865545,AP26008372001903354504130837,1,46.013073,25.785798
8549,DC26009041000102749404130836,2,46.513958,24.611005
874459,DC26004031000009992804130836,2,47.350662,22.810308
916,DA26004384001001771804130833,2,46.351458,25.129271
4645,DA26003754000500075104130832,2,45.84875,26.165043999999998
10719,DA26008189001201235804130832,2,46.06472399999999,26.384395
7152,DC26008165000502876204130832,2,46.545746,25.346135
5389,DA26002689000206991604130831,2,47.359758,22.075825
827194,AP26001491000203017604130830,1,46.327878,24.441085
916,DA26004384001001771804130828,2,46.351458,25.129271
939,DA26007223000607541504130828,2,46.076991,25.691531
855100,AP26016870000411367704130825,1,46.086984,25.985725
878236,AP26001299000303182604130824,1,45.863884000000006,25.745458
888607,AP26006801001509241004130824,1,46.636934,25.354716
14247,DA26010721000111148504130824,2,46.389731,25.361923
862589,AP26001413000613330404130824,1,46.326636,25.158085
4971,DA26003534001506537904130824,2,46.515229,25.156189
8372,DA26000120000102733604130823,2,44.61137,25.556462
189885,DA26016106000007277604130821,2,46.585836,25.084481999999998
4971,DA26003534001506537904130820,2,46.515229,25.156189
9561,DC26006461000200816204130819,2,46.42934399999999,24.835093
888607,AP26006801001509241004130818,1,46.636934,25.354716
4687,DA26006879000401578104130818,2,46.32101500000001,25.953222999999998
19137,DC26011990000005787004130818,2,45.8717,25.801371
876418,AP26005964000300732804130818,1,45.944156,25.684062
12023,DA26006897002103075304130817,2,46.452514,25.042504999999995
370631,DA26026287000208853904130816,2,46.65661600000001,24.903811
9948,DC26006421000110597404130816,2,47.22481,22.871867999999996
885806,AP26016002003305685904130815,1,46.488533,25.374925
882280,AP26018827000308363604130813,1,46.046197,25.794883
-1,LA26030939000711047604130812,10,46.232398986816406,26.100299835205078
1071,DC26003542000101578504130812,2,46.815292,25.509992
15992,DA26001549000100428304130812,2,44.918172,28.481008
4007,DC26008696000003979104130811,2,47.01743100000001,26.872469
3489,DA26006643000203104404130811,2,46.65717,24.912387
9948,DC26006421000110597404130810,2,47.22481,22.871867999999996
853897,DC26006048000100750604130810,2,45.86136,25.81626
879210,AP26002175003301506004130810,1,46.230639,26.174012
879009,AP26002689000204735304130809,1,47.376662,22.299436
109282,DA26011667000203550204130809,2,46.545093,25.344987
881805,AP26001424001202903704130808,1,46.421604,25.933044
4430,DC26003798000102126604130808,2,45.872401,26.18813
5149,DA26003300000200207304130808,2,47.72807,22.48906
888606,AP26006818000400860404130807,1,46.569833,25.115954
14247,DC26010721005011148504130805,2,46.389731000000005,25.361923
831103,AP26018720000706685704130805,1,44.292504,22.88572
888235,AP26023011001710140304130803,1,46.661404,25.716098
879009,AP26002689000204735304130802,1,47.376662,22.299436
880423,AP26007239001502435004130802,1,46.153780000000005,25.569114
14116,DA26010998000403256604130801,2,46.38475,25.04471
852464,AP26007244000302360104130800,1,45.892036,26.235334000000005
3355,DA26001753000205962404130759,2,46.659305999999994,24.939382
866098,AP26001523000201005704130759,1,47.57209,22.130918
189885,DA26016106000806063104130756,2,46.585836,25.084481999999998
13754,DA26010005000303245504130754,2,46.69173,25.43839
4971,DA26003534000100309204130751,2,46.515229,25.156189
555821,DA26011610001403525904130750,2,46.56304500000001,25.790352
5305,DA26008100000212210304130747,2,46.36521,25.547944
370631,DA26026287000208853904130747,2,46.65661600000001,24.903811
370631,DA26026287000212595404130737,2,46.65661600000001,24.903811
14650,DA26003653000200062304130735,2,46.384989999999995,25.293299
4971,DA26003534000102367104130734,2,46.515229,25.156189
872826,AP26001630000400359304130733,1,46.56549,24.941843
490,DA26002209001001237604130732,2,46.125304,25.602831999999996
109282,DA26011667000303550204130732,2,46.545093,25.344987
7066,DA26002926000202571104130732,2,46.659934,24.936513
22100,DC26010709000002971604130730,2,46.521719,25.239651
2773,DC26009056000001606504130730,2,46.656028,24.928727
2301,DA26008096000903448704130729,2,46.360479,25.545481
14116,DC26010998000205606204130728,2,46.38475,25.04471
810895,AP26009366000301737504130728,1,46.400711,25.091987
10820,DA26007897000201103604130726,2,46.078983,25.576713
12095,DA26003239000105144304130725,2,46.51453,25.15759
13874,DA26008104000712637304130724,2,46.358689,25.546988
586,DC26006925000100871904130721,2,46.536549,25.496284
4971,DA26003534000406534204130717,2,46.515229,25.156189
5149,DA26003300000200207304130716,2,47.72807,22.48906
4971,DA26003534000211519304130716,2,46.515229,25.156189
14148,DC26010998000203256604130707,2,46.30947,25.023800000000005
726944,AP26002043000302665804130653,1,46.56952900000001,25.199549
7682,DA26004414001702365204130652,2,46.800886,25.442798999999997
173,DC26003585000009643804130651,2,46.359445,25.516825
1071,DC26003542003901578504130638,2,46.815292,25.509992
199439,DA26019855000207150104130629,2,46.817183,21.638263
12095,DA26003239000205144304130621,2,46.51453,25.15759
889375,AP26010668003804277904130618,1,46.623003000000004,25.43168
3821,DC26007863000301082504130617,2,45.94359,26.234965
16362,DC26004057000100179704130613,2,45.978474,26.801748
19818,DC26010534000102836604130500,2,46.357869,25.507287
707699,DC26032512000111703004130454,2,47.630186,25.836667
19818,DC26010534000502836604130452,2,46.357869,25.507287
2453,DC26009363003501773504121810,2,46.820333,25.535691
177736,DA26019466000406969304121740,2,46.193896,25.897042
7438,DA26003636002910488804121704,2,46.501849,25.356145
177736,DA26019466000206969304121610,2,46.193896,25.897042
5030,DC26002763001602405804121605,2,46.434311,21.785755000000005
10664,DC26006697002708639504121552,2,46.201391,25.146812
840199,AP26001428000102720804121541,1,46.150252,25.543689
874335,AP26001447000100566104121537,1,46.048096,25.631928
848923,AP26009366000301737504121439,1,46.403384,25.045648
848914,AP26009366001101737504121430,1,46.40808,25.048476
2773,DC26009056000101606504121328,2,46.656028,24.928727
177736,DA26019466000206969304121232,2,46.193896,25.897042
882998,DA26035494000313413904121222,2,44.319265,22.658357
3017,DC26006846003600863604121213,2,46.302527,25.841449
870576,AP26001299000701701304121136,1,46.167608,25.768919
1265,DC26007165002101173204121125,2,45.80384999999999,25.839216000000004
177736,DA26019466000306969304121051,2,46.193896,25.897042
806603,AP26002043000002665804121036,1,46.572867,25.249105
2685,DC26008569004001378404121036,2,46.67117,25.568446000000005
582465,DC26017968003906432104121025,2,46.355928,25.789315
582465,DC26017968003906432104121012,2,46.355928,25.789315
177736,DA26019466000206969304121004,2,46.193896,25.897042
869644,AP26001447000300566104120959,1,46.007865,25.633059
2685,DC26008569004001378404120927,2,46.67117,25.568446
177736,DA26019466000306969304120807,2,46.193896,25.897042
796592,AP26001428000102720804120755,1,46.112022,25.489073
199439,DA26019855000207150104120624,2,46.817183,21.638263
657868,AP26000823000101535204112157,1,44.548043,23.39476
11612,DA26003172000006438104112142,2,45.843854,22.179744
839579,AP26002376000508964104112113,1,46.194727,22.326635
724421,AP26012414000204136704112047,1,46.745129999999996,27.394133
673539,DC26007182003505886304112044,2,45.690361,25.622835999999996
886786,AP26004251000200250604112044,1,46.749009,22.507065
876545,DA26035363000313408804112036,2,45.918228,22.882969
783229,AP26001510000301662604112036,1,47.069009,22.455325
5108,DC26002593000100782104112019,2,47.338523,22.83695
302737,DA26005450000900571904112016,2,45.970153,20.760247
1778,DA26002751000200865404112016,2,45.09917099999999,23.622679
811598,AP26015153000412199804112011,1,46.644395,23.216256
852212,DA26001171000105150604112010,2,45.13725,25.402294
811598,AP26015153000312199804112008,1,46.644395,23.216256
795371,AP26013863000404858804112004,1,45.193458,28.353189
853536,DA26006625000000837404112003,2,46.518909,24.610996
860940,AP26001244000202099904112001,1,45.370971,22.21382
728053,DA26005450000900571904112001,2,45.969381,20.769969
845608,AP26000058000102460704111957,1,46.696095,26.787271
6279,DA26009993000202156204111955,2,45.192203,22.345440999999997
838197,AP26032672000211892804111954,1,46.077858,23.052599
874634,AP26009079000201609504111950,1,46.67099199999999,24.43271
845342,AP26000058000102460704111950,1,46.712614,26.79235
568106,DA26015916000905787904111949,2,45.96938600000001,20.7628
829606,AP26025619000610859204111948,1,46.247421,23.040961999999997
871883,AP26028678000209918504111948,1,47.80871,25.563071999999995
858724,AP26010416000003775104111945,1,47.51996,22.889984
839579,AP26002376000308964104111943,1,46.194727,22.326635
783229,AP26001510000301662604111934,1,47.069009,22.455325
867885,AP26001490000202223504111932,1,46.622411,25.6849
574303,DC26030681000310689704111932,2,47.940628,25.817003
872800,AP26001450000200486304111912,1,46.414447,27.528133
45557,DA26008500000301343204111912,2,46.980837,23.492897
725336,AP26004269000100255904111912,1,45.74109000000001,21.962330999999995
865061,AP26030738001210728804111910,1,44.947788,22.931710999999996
612171,DA26006298000300801004111906,2,44.928997,24.270495
177736,DA26019466000206969304111906,2,46.193896,25.897042
813771,AP26002595000206088404111904,1,47.175917,22.66362
881102,AP26006616000303541404111858,1,46.559696,24.598402000000004
878048,AP26034667000012990004111857,1,46.224151,25.802621
878048,AP26034667000012990004111852,1,46.224151,25.802621
872826,AP26001630000300359304111850,1,46.56548999999999,24.941842999999995
612171,DA26006298000400801004111850,2,44.928997,24.270495
583199,DA26008739000801456904111846,2,46.114397,21.964933
61096,DA26016889000005979004111844,2,44.858952,22.388695
12133,DA26010122000203084204111844,2,46.354999,25.511859
866883,AP26008500000301343204111843,1,47.019641,23.46666
806728,AP26001750000810795804111841,1,47.022468,24.11076
783229,AP26001510000501662604111840,1,47.069009,22.455325
886786,AP26004251000200250604111839,1,46.749009,22.507065
806728,AP26001750000510795804111837,1,47.022468,24.11076
12185,DC26010640000102923904111836,2,46.497861,25.750666
806728,AP26001750001010795804111833,1,47.022468,24.11076
878415,AP26002296000200258304111829,1,45.754263,23.258056
3836,DC26006988000002049504111825,2,45.660705,25.548344
9516,DA26005319000800540704111815,2,45.679076,24.334461
862392,AP26001413000601163304111815,1,46.19544,25.4627
867459,AP26019475000306978204111812,1,46.009476,25.721242
843504,AP26005725001200681004111810,1,45.075269,25.048517
886393,AP26012777000204217204111808,1,44.813787,21.797751
9604,DA26006492001500819204111807,2,47.410349,23.160337
881000,AP26012414000004136704111807,1,46.619751,27.057977000000005
868805,AP26002296001413246704111806,1,45.774210000000004,23.30288
881102,AP26006616000203541404111806,1,46.559696,24.598402000000004
878415,AP26002296000213246604111804,1,45.754263,23.258056
810978,AP26001750000710795804111803,1,47.146091,24.135733
886393,AP26012777001404217204111802,1,44.813787,21.797751
12565,DA26006014000200743404111801,2,47.975764,23.023987
810979,AP26001750000510795804111800,1,47.145959,24.136293
847877,AP26000200001101416704111755,1,46.76754300000001,25.912667
737355,DC26006988000012792604111752,2,44.478866,26.161806
818868,AP26001807000100278104111749,1,45.007713,25.060383
873286,AP26009273000112016004111749,1,45.943969,25.749848
12185,DC26010640000102923904111749,2,46.497861,25.750666
737355,DC26006988000012792604111748,2,44.478866,26.161806
1602,DC26006841000200863204111748,2,47.600883,24.032253
847874,AP26000200001301416704111748,1,46.767482,25.912505
843977,AP26001522000301018804111747,1,47.568833,23.151253
9697,DC26007336000000962604111747,2,45.36359000000001,24.20989
879330,AP26001453000206944104111746,1,47.22028,23.857033
829606,AP26025619001510859204111744,1,46.247421,23.040961999999997
834437,AP26001491000103014004111743,1,46.27774,24.416817
868523,AP26004259000400253004111741,1,46.91396699999999,22.940675
888438,AP26026227000108829404111741,1,47.477433,24.124096999999995
434372,DA26003347000200200004111740,2,45.477978,27.756188
530926,DA26029774000510282204111739,2,47.667349,26.41845
827163,AP26001491000203017604111737,1,46.322499,24.450453
732308,DA26025165000408473204111736,2,45.311547999999995,26.211639
888929,AP26026227001108829404111735,1,47.49095400000001,24.148231
869207,AP26002895001902530604111735,1,46.403391,22.617668999999996
881141,AP26009366000301737504111735,1,46.11442,25.663235
10453,DA26002909000202364304111735,2,44.921383,25.205744
825776,AP26008739001201456904111730,1,46.06172999999999,22.088125
177736,DA26019466000206969304111729,2,46.193896,25.897042
15564,DA26000531002302188704111728,2,47.218719,24.713156
783229,AP26001510000401662604111728,1,47.069009,22.455325
875806,AP26001357000009571004111727,1,46.581462,27.576901
173,DC26003585000209643804111726,2,46.359445,25.516825
771593,AP26000730000202110104111725,1,47.008387,27.495447
413221,DA26027640000211000804111723,2,46.36236,25.515838
754190,AP26009840000103002404111722,1,45.029118000000004,21.893829999999998
825776,AP26008739000301456904111721,1,46.06172999999999,22.088125
888017,AP26008049000301159504111720,1,46.36899499999999,22.22229
373500,DA26008201000001240304111719,2,43.904528,25.454188
886314,DC26035574000213475204111718,2,46.819531,21.670974
875806,AP26001357000009571004111717,1,46.581462,27.576901
732177,DC26033118000112158704111717,2,47.25127799999999,24.824570000000005
874380,AP26001544000003322104111717,1,44.705732,24.244169
4093,DA26005609000400639404111716,2,44.941699,25.075484
866628,AP26001667001411418404111713,1,46.84740200000001,22.732251
12185,DC26010640000102923904111712,2,46.497861,25.750666
868799,AP26006085001800756704111711,1,45.683572,24.413191
40457,DC26000141000012687504111710,2,45.870481,25.797451
848145,AP26002595000302409104111709,1,47.267943,22.514067
607458,DA26025232000208496104111708,2,45.895919,20.614654
612171,DA26006298001000801004111707,2,44.928997,24.270495
412475,DC26025921000108689204111702,2,44.279731,27.167732
177736,DA26019466000206969304111700,2,46.193896,25.897042
390971,DA26002589000300375804111659,2,45.194007,24.000931999999995
850,DC26008373000001841004111657,2,44.340294,23.765042
213093,DC26010179000302606504111656,2,45.83658499999999,25.004107
846684,AP26001603000210933304111655,1,45.534328,22.894287
879110,AP26000832000201860704111653,1,43.869338,23.158178
783564,AP26002725000303567104111651,1,46.102726,22.167855
875329,AP26002722000400570704111650,1,46.467435,22.569765
732308,DA26025165000308473204111650,2,45.311547999999995,26.211639
173,DC26003585000209643804111650,2,46.359445,25.516825
854743,AP26000168000211115104111649,1,46.4262,23.211799
808052,AP26001705000402791504111648,1,46.100446,25.046839
546402,DA26003275000101144604111648,2,44.65300299999999,23.651448
807864,AP26000827001700026004111647,1,47.52227100000001,24.306517
868805,AP26002296001313246704111646,1,45.774210000000004,23.30288
184,DA26001368003000374704111646,2,46.733274,25.916197
881209,AP26000287000501013104111646,1,47.34023,26.042963
880606,AP26001815000500774504111645,1,45.334056,25.155308
867401,AP26000353000412674504111644,1,44.801579,25.384045
860,DC26008373000001632404111644,2,46.50916,24.50896
813330,AP26000303000100968204111641,1,47.686347,25.320347
7712,DA26003430000200147004111641,2,46.47482,22.06302
821880,AP26005518000302883204111641,1,44.513722,24.105767
807864,AP26000827001500026004111640,1,47.52227100000001,24.306517
879657,AP26006492001500819204111639,1,47.404149999999994,23.066693
11395,DA26010341001202701904111638,2,45.48013699999999,21.999327000000005
49919,DA26005352000000544104111638,2,45.340714,23.168937
823298,AP26009967000102122204111538,1,44.512438,22.129364999999996
879657,AP26006492001300819204111637,1,47.404149999999994,23.066693
860,DC26008373000001632404111637,2,46.50916,24.50896
340142,DA26025766000108631304111637,2,45.87025,27.11572
7712,DC26003430000400147004111637,2,46.47482,22.06302
9083,DA26005584000212792704111636,2,46.647965,22.354212
799889,AP26019752000207108504111636,1,46.225185,22.14037
568483,DC26009704000001900104111635,2,45.9573,25.536600000000004
821880,AP26005518000602883204111635,1,44.513722,24.105767
859736,AP26015954000305671604111634,1,44.903741,28.488277
11395,DA26010341000802701904111634,2,45.48013699999999,21.999327000000005
373500,DA26008201000101240304111634,2,43.904528,25.454188
823298,AP26009967000102122204111532,1,44.512438,22.129364999999996
876793,AP26003269000800251604111632,1,46.92775,21.925287
863720,AP26000356000301113504111632,1,44.867993,25.218121
882280,AP26018827000108363604111631,1,46.046197,25.794883
827440,AP26001461000402364804111631,1,45.905403,25.44705
871008,AP26001323000811394204111631,1,45.889509,22.321679
653440,AP26000808000202403204111630,1,47.174974999999996,24.768655
836893,AP26001389000304797904111630,1,46.027277,25.995856
15958,DA26009243000503394404111630,2,46.487497,25.74797
14071,DC26005755000203264004111629,2,47.69848000000001,24.124196
876793,AP26003269000700251604111628,1,46.92775,21.925287
783229,AP26001510000401662604111628,1,47.069009,22.455325
848923,AP26009366000301737504111628,1,46.403383999999996,25.045648
6978,DA26002011000200660604111627,2,47.976278,23.708825
11897,DA26002514000602423204111627,2,46.959932,22.842534
614,DC26000141000008812104111626,2,44.424433,25.996651
604526,DA26008545000409692804111625,2,46.11263499999999,22.108679
884298,AP26001985000204624304111624,1,46.971546,22.796686000000005
839579,AP26002376000308964104111622,1,46.194727,22.326635
819235,AP26001510000109766104111622,1,46.972568,22.465704
870967,AP26001454000002436504111621,1,47.890125,22.942505
871310,AP26001888000602892904111621,1,45.014679,22.809297
855100,AP26016870000211367704111621,1,46.086984,25.985725
863053,AP26027443000209472004111619,1,45.200797,24.1845
880565,AP26001970000307103404111619,1,47.067775000000005,23.976058
12242,DA26010572000402870404111618,2,45.97652,20.762149
467476,DA26007303000300954304111618,2,46.821322,25.536748
840277,AP26001244000402310004111617,1,45.490233,22.104734
17030,DC26007078000100906204111617,2,45.9821,25.378747
546402,DA26003275000401144604111616,2,44.65300299999999,23.651448
852464,AP26007244000302360104111616,1,45.892036,26.235334000000005
881125,AP26002598000301558104111615,1,47.325864,22.659304000000002
16492,DC26006988000002051204111615,2,44.602541,26.069586
862791,AP26007223000807541504111615,1,45.990192,25.697348
816270,AP26002869000109764304111614,1,46.359447,22.564347
874225,AP26005992000012270304111612,1,44.821229,21.802835
1736,DC26002218000000408504111612,2,45.193633,21.854483
419102,DA26025805000308642304111610,2,47.199558,25.986814
15832,DC26010694000302964904111608,2,47.227466,24.807808000000005
888869,AP26001424000102278604111606,1,46.319848,25.797046
16492,DC26006988000002051204111605,2,44.602541,26.069586
771593,AP26000730000202110104111604,1,47.008387,27.495447
874225,AP26005992001209973904111604,1,44.821228999999995,21.802835
872802,AP26022604000307807404111603,1,45.118178,26.112576
863014,AP26011314000603399104111603,1,45.938185,25.423892
467476,DA26007303001009550304111602,2,46.821322,25.536748
888769,AP26013514001104706304111601,1,45.970643,22.027819000000004
879628,AP26001829000700272504111601,1,46.586352,27.681209
862247,AP26001323000401050504111601,1,45.902365,21.581062
825492,AP26000453000208193904111601,1,47.46460199999999,24.138786999999997
854985,AP26028359000309800904111559,1,46.134717,22.568595
809211,AP26001558000006289404111559,1,45.554341,26.068405
177736,DA26019466000206969304111558,2,46.193896,25.897042
874342,AP26001447000100566104111557,1,46.055566,25.671923
863066,AP26014179000005086704111557,1,46.228791,26.596109
882204,AP26006099000708753604111555,1,46.660549,25.72308
16314,DA26008786000103460304111555,2,44.087319,26.242797
686721,DA26005023000400482104111554,2,46.829446,22.602063
875928,AP26001261000300106404111553,1,46.125821,27.266518
14985,DC26009895000204232004111553,2,46.122845000000005,22.788512
4368,DA26004208000002120504111552,2,44.309979,24.545667
7220,DA26007002000103852604111552,2,45.913636,26.907086000000003
568483,DC26009704000001900104111551,2,45.9573,25.536600000000004
381630,DC26026552000008954104111551,2,46.437782,25.388463
820905,AP26000084000001692804111550,1,48.056174,26.281833
882248,AP26034855000112979404111549,1,44.953076,25.330023
886786,AP26004251000200250604111549,1,46.749009,22.507065
888996,AP26002467000300264404111549,1,45.87337399999999,22.793639
269846,DA26014485000105394004111548,2,45.76234300000001,27.025076
786265,AP26001510000301663504111548,1,47.088286,22.389329
4318,DA26004615000000370704111548,2,44.72126599999999,22.352538
880606,AP26001815001100774504111546,1,45.334056,25.155308
860767,AP26002348000003775904111545,1,46.835153,24.31631
612171,DA26006298000500801004111544,2,44.928997,24.270495
865927,DC26035049000213127704111544,2,46.721658,21.84173
14985,DC26009895000102004804111544,2,46.122845000000005,22.788512
2223,DA26009340000001723204111543,2,47.099558,26.444214
843904,AP26010492000403428104111542,1,46.97170400000001,25.41117
535336,AP26000102000302506204111542,1,46.008536,23.362561
872677,AP26005957000304250204111542,1,47.641589,23.140337
869330,AP26001523000205560504111542,1,47.304649,22.268231
3251,DA26003929001608341504111541,2,47.742758,24.533148999999998
843504,AP26005725001200681004111540,1,45.075269,25.048517
2696,DA26006061000500752904111540,2,45.674012,26.060926
883814,AP26001723000602815704111539,1,44.873391,28.487617
867556,AP26001478000105138704111539,1,47.622273,22.295859
3635,DA26007389000300976704111538,2,44.111799,27.345358
13467,DA26010469000703214604111538,2,46.709099,25.567888
863426,AP26002430000400546204111537,1,47.450197,25.985525
889393,AP26001671000201156504111536,1,45.085745,23.646742
886387,AP26002782001603586504111536,1,44.99063900000001,25.235079
884569,AP26034011000212546104111536,1,46.103988,22.638102
1863,DC26000141000009634304111535,2,45.678571,25.589004
870401,AP26002187000000023404111534,1,46.152666,26.582965
786265,AP26001510000101663504111534,1,47.088286,22.389329
871254,AP26011924000803691104111534,1,46.93125,22.304773
798967,DA26033726000112440904111533,2,44.186283,24.654771999999998
9516,DA26005319000800540704111533,2,45.679076,24.334461
888716,AP26010116000202380704111533,1,47.373414,23.973687
865545,AP26008372001603354504111532,1,46.013073,25.785798
883585,AP26002272000506566204111532,1,46.63774,22.171963
29089,DA26010913000104821004111531,2,44.417447,27.828756
868282,AP26003162000200289204111531,1,46.610891,22.111296999999997
873002,AP26027608002109536204111531,1,45.705378,22.496364
9083,DC26005584000212792704111530,2,46.647965,22.354212
6983,DA26006583000200832204111530,2,45.639918,25.420572000000003
422311,DA26027853000109657804111530,2,47.711552000000005,24.441061
886421,AP26000200001901412404111528,1,46.756911,25.980553
783229,AP26001510000401662604111527,1,47.069009,22.455325
873765,DA26035264000313286604111527,2,47.61115900000001,23.056726
604526,DA26008545000409692804111527,2,46.11263499999999,22.108679
837151,AP26001389000004797904111526,1,46.031549,26.016531
857565,AP26000083000301952704111526,1,48.037642,27.034112
607945,DA26031403000311137404111525,2,46.332275,21.934473
336712,DC26025345000008525404111525,2,46.305298,21.793638
872826,AP26001630000300359304111525,1,46.56548999999999,24.941842999999995
864208,AP26001441000112963104111524,1,45.662022,25.931921
865545,AP26008372002411197704111524,1,46.013073,25.785798
590725,DA26017660000110873304111523,2,46.86299499999999,22.415358
663106,DA26015845000105635204111523,2,46.485162,22.136264
806463,AP26031798000311311104111523,1,47.039073,23.359351
640905,DA26031782000111302204111523,2,47.024081,26.867888000000004
858,DC26008373000009025904111522,2,46.746367,23.590752
873002,AP26027608002009536204111522,1,45.705378,22.496364
20756,DA26012102000203815504111521,2,45.17143000000001,23.802735
4319,DC26002767000100669904111521,2,47.658803,24.351250000000004
857565,AP26000083000001952704111521,1,48.037642,27.034112
864408,AP26007240001901145904111521,1,45.916023,26.334102
880839,AP26000816000003347604111520,1,47.290162,24.468887
809555,AP26001510000109766104111520,1,46.975901,22.464914
189885,DA26016106000207277604111520,2,46.585836,25.084481999999998
9721,DA26009495001002870504111520,2,46.058305,20.640821
875329,AP26002722000200570704111518,1,46.467435,22.569765
873793,AP26000083000101952704111516,1,48.032188,27.034467
316734,DA26013514000004706304111516,2,46.066102,21.818300000000004
806463,AP26031798000311311104111516,1,47.039073,23.359351
888017,AP26008049000301159504111516,1,46.368995000000005,22.22229
875451,AP26001570000102151004111515,1,46.758049,22.276213
783229,AP26001510000301662604111515,1,47.069009,22.455325
814884,DA26034330000012733904111514,2,44.44795,26.061893
1835,DA26000141000003219604111514,2,46.894249,26.423512
837151,AP26001389000304797904111513,1,46.031549,26.016531
813330,AP26000303000200968204111513,1,47.686347,25.320347
864408,AP26007240001101145904111512,1,45.916023,26.334102
32807,DA26007875000601094904111511,2,44.477672000000005,27.903046
873264,AP26001181000301535904111511,1,45.781925,27.514726
568106,DA26015916000905662504111511,2,45.96938600000001,20.7628
867204,DA26027447001610324204111510,2,45.894632,24.457894999999997
840277,AP26001244000102310004111509,1,45.490233,22.104734
9697,DC26007336000300962604111509,2,45.36359000000001,24.20989
354580,DA26026037000109291804111506,2,47.349051,22.107392
889381,AP26001478000011230804111506,1,47.935217,23.525555
9732,DA26010512000302830904111506,2,46.349665,21.306847
858863,AP26011943000303708204111506,1,46.391736,25.98994
19044,DA26004704000400401604111506,2,46.72356,22.06063
853536,DA26006625000400837404111505,2,46.518909,24.610996
864408,AP26007240000801145904111504,1,45.916023,26.334102
465092,DA26002846000200619004111504,2,47.543217,23.984502000000003
885270,AP26005018001712025604111504,1,46.69771599999999,25.872451
596936,DC26031181000011019204111502,2,44.631264,27.594141
864726,AP26015960000305672904111502,1,44.144993,26.123054
873913,AP26004490000300327204111500,1,45.085795,24.975108
837151,AP26001389000304797904111500,1,46.031549,26.016531
858357,AP26024790000908377204111459,1,44.777448,22.889079
837144,AP26001593000207173204111459,1,46.640156,21.993478
828544,AP26001733000401250004111459,1,45.844845,25.491087
873264,AP26001181000101535904111458,1,45.781925,27.514726
591990,DA26031028001010945304111458,2,45.056943,21.845511
939,DA26007223000602689004111457,2,46.076991,25.691531
804428,AP26000353000310574004111457,1,44.831768,25.349217
828561,AP26003955000110142004111457,1,47.017075,23.625368999999996
879909,AP26007303000909550304111456,1,46.81192000000001,25.59961
886153,AP26008210001612035504111456,1,46.487042,25.78961
866668,AP26000086000101259304111455,1,47.483191,26.685658
828544,AP26001733000401250004111455,1,45.844845,25.491087
867204,DA26027447001310324204111455,2,45.894632,24.457894999999997
269846,DA26014485000105394004111455,2,45.76234300000001,27.025076
603140,AP26001489000201151504111455,1,46.264968,27.81503
889346,AP26000105000201639304111454,1,45.20252,25.407702
600,DC26000141000010047204111452,2,45.176783,28.7677
7311,DA26006085000112554204111452,2,45.645422,24.305627
879909,AP26007303000809550304111451,1,46.81192000000001,25.59961
865048,AP26001192000301509704111451,1,44.689478,26.3202
6101,DA26004813000206910304111451,2,46.572916,26.449113
840277,AP26001244000502310004111451,1,45.490233,22.104734
4349,DA26002290000600292104111451,2,46.812591,21.661858
861081,AP26001024000001124004111449,1,46.705348,23.420441
25640,DC26004876000000449804111449,2,45.331424,27.617765
865962,AP26033338000213280704111449,1,47.28477,22.715636
834114,AP26000453000208251404111449,1,47.46103,24.159589999999998
886153,AP26008210001312035504111449,1,46.487042,25.78961
4679,DC26000896000002157504111448,2,47.386423,24.704947
804428,AP26000353000410574004111448,1,44.831768,25.349217
579279,DC26000141000003214704111448,2,46.175145,21.373896
177736,DA26019466000206969304111448,2,46.193896,25.897042
808819,AP26005125000200512204111447,1,45.127379,24.823696
780881,AP26001837000002359704111446,1,45.48817,26.944241
736609,DC26002390000300125304111445,2,46.958046,25.3605
7087,DA26005205000201521304111445,2,46.89663099999999,22.233491
405,DC26007504000100994104111444,2,45.75150399999999,23.981667
878348,AP26009704000301900104111444,1,46.014626,25.628356
862958,AP26001476000602427304111443,1,47.060767,24.757542
886393,AP26012777000204217204111442,1,44.813787,21.797751
740499,AP26002929000403712404111442,1,45.044462,23.13462
8067,DA26009014000601591004111442,2,46.273594,23.054556
1947,DA26000141000112007804111441,2,44.946797,26.038692
78925,DA26004365000301825304111440,2,45.799119,20.909554
7087,DA26005205000301521304111440,2,46.89663099999999,22.233491
846315,AP26001909000212461304111439,1,46.445174,23.098278000000004
863066,AP26014179000105086704111439,1,46.228791,26.596109
838760,AP26001422000301581304111439,1,46.647872,22.262847
804428,AP26000353000010574004111437,1,44.831768,25.349217
804586,AP26000065000307507304111437,1,46.278285,26.967429
811858,AP26000067000202603504111436,1,46.6219,27.067168
866174,AP26000353000301540904111436,1,45.003327,25.47617
887466,AP26000353000200552304111435,1,44.931138,25.353531
62105,DC26015467000013259804111435,2,46.264108,24.977677
876267,AP26001630000305521504111435,1,46.58578500000001,24.473675
868170,AP26015641000405553204111435,1,46.115453,27.281269000000005
862958,AP26001476001502427304111435,1,47.060767,24.757542
855926,DA26034619000112869804111435,2,47.202929000000005,27.026472
707891,AP26032507000211690904111435,1,46.079896999999995,26.84784
581454,DC26030908000010855704111435,2,45.319863,25.128189
786265,AP26001510000101663504111434,1,47.088286,22.389329
872842,AP26000252000301893404111434,1,47.705047,26.301556
881125,AP26002598000301558104111433,1,47.325864,22.659304000000002
804428,AP26000353000410574004111433,1,44.831768,25.349217
505947,DA26029378000110143204111433,2,47.102295,27.560037999999995
858357,AP26024790000408377204111432,1,44.777448,22.889079
700304,DA26000703000210864304111432,2,47.853981,26.958416
852296,AP26030751000911913704111432,1,46.438298,27.027854
859736,AP26015954000305671604111430,1,44.903741,28.488277
876294,AP26027063001709191204111430,1,44.912225,24.150412
12095,DC26003239000000024604111429,2,46.51453,25.15759
874481,AP26002135000100830704111428,1,45.224184,23.731263
867629,AP26000353000301540904111428,1,44.996465,25.491748
25165,DC26008680000404530604111427,2,46.634536,23.31372
7285,DA26001542001000784804111426,2,46.645271,26.025626
863179,AP26000816000302241604111426,1,47.251793,24.665128
838760,AP26001422000101581304111426,1,46.647872,22.262847
546402,DA26003275000301144604111425,2,44.65300299999999,23.651448
884228,AP26000051000302460504111425,1,46.37999,26.900566
852296,AP26030751001011913704111424,1,46.438298,27.027854
873116,AP26001285000501013704111424,1,45.926715,24.302628
876120,AP26001436000400968804111424,1,46.01325,25.364335999999998
807040,AP26000136000200783104111423,1,46.337148,26.909368
810997,AP26008545000609692804111423,1,46.13868,22.116629
880649,AP26000485000202453504111423,1,46.000172,23.371885000000002
847156,AP26000086000201276904111422,1,47.634653,26.658555
883062,AP26004668000400388904111422,1,46.8063,22.688875
876607,AP26001490000202223504111421,1,46.600422,25.645788
700304,DA26000703000211708904111421,2,47.853981,26.958416
8067,DA26009014000601591004111419,2,46.273594,23.054556
827554,AP26000949000001640004111418,1,44.45829,24.12094
786265,AP26001510000001663504111417,1,47.088286,22.389329
888716,AP26010116000202380704111417,1,47.373414,23.973687
814873,DC26034330000012733404111416,2,44.50943,26.084439
805358,AP26001232000201356904111416,1,44.308519,26.701766
800813,AP26001795000202675304111416,1,45.036326,24.827192
552978,DA26026143000308754804111416,2,47.743778,25.513469
862791,AP26007223000802689004111416,1,45.990192,25.697348
566589,DA26008592000503190404111416,2,44.928678,24.270287
873293,AP26017649000406952604111416,1,44.856306999999994,28.469144
833505,AP26001253000207017404111416,1,46.435188,27.620487
879010,AP26001357000401744604111415,1,46.427964,27.93498
246114,DA26001002000200659504111415,2,47.63888699999999,24.518825000000003
840947,AP26029975000810375704111414,1,46.479646,22.39735
868371,AP26001558000200570804111414,1,45.638786,25.897725999999995
847962,AP26004687000100839604111414,1,45.109254,23.469193
867629,AP26000353000501540904111414,1,44.996465,25.491748
876120,AP26001436000400968804111413,1,46.01325,25.364335999999998
869745,AP26026353000108877404111413,1,47.11281399999999,27.118521
863572,AP26000084000201700204111413,1,48.130451,26.35643
640905,DA26031782000111302204111413,2,47.024081,26.867888000000004
881356,AP26004414001708946504111412,1,46.743764,25.294208
6978,DA26002011000200660604111412,2,47.976278,23.708825
566589,DA26008592000303190404111412,2,44.928678,24.270287
827554,AP26000949000001640004111412,1,44.45829,24.12094
863400,AP26000228000002962604111412,1,45.210792,25.39809
840947,AP26029975000310375704111412,1,46.479646,22.39735
810539,AP26001469000002780104111411,1,47.461606999999994,22.655098
5170,DC26009103000010024004111411,2,46.531045,24.786314
804577,AP26000065000207507304111411,1,46.281796,26.961529
2835,DA26004395001401146204111411,2,45.96742700000001,25.566653
4629,DC26003445000100151904111410,2,46.380689999999994,22.121839000000005
308730,DA26001500000400647004111410,2,47.47315799999999,23.39376
491055,DA26010709000502971604111409,2,46.475609,25.177937
31921,DC26009868000505068604111409,2,46.01815,26.687764
817085,AP26001323000011394204111409,1,45.909038,22.395882
11467,DA26004594000100686304111409,2,47.571879,24.415139999999997
548578,DA26030112000010418504111408,2,44.64006700000001,25.50917
878415,AP26002296000200258304111408,1,45.754263,23.258056
15131,DC26005209000100524904111408,2,45.340532,26.357612
877786,AP26000131000103689904111408,1,45.078296,25.558274
874193,AP26001287000100293204111408,1,46.72852,27.99976
712487,DA26000703000212237004111407,2,47.949909,26.854715
804896,AP26001469000002780104111407,1,47.45672299999999,22.656016000000005
878415,AP26002296000113246604111407,1,45.754263,23.258056
881092,AP26006616000303541404111407,1,46.566723,24.656046
569876,AP26001703000404393404111406,1,46.711205,22.580398
889373,AP26001064000007737104111406,1,47.00362,27.452288
847093,AP26002590000203661804111405,1,47.366892,23.24229
818135,AP26006507000000820704111404,1,45.682048,22.091377000000005
211475,DA26020314000307288904111404,2,45.452276000000005,27.531238
21058,DC26004132000300197404111404,2,47.20866,24.675694000000004
884228,AP26000051000202460504111404,1,46.37999,26.900566
888746,AP26000110000001070204111403,1,45.04757,25.543055
887200,AP26005243000002350304111403,1,47.710269,22.291342
6887,DA26003569000500822604111402,2,45.146666,23.805555
722570,AP26001209000211217104111402,1,44.200425,25.913124
878415,AP26002296000213246604111402,1,45.754263,23.258056
776218,AP26017660000110873304111401,1,46.854209,22.352883000000002
1265,DC26007165000201173204111401,2,45.80384999999999,25.839216000000004
868897,AP26001623000108384504111401,1,44.770603,23.300714
801412,AP26001788000004848104111401,1,44.966224,24.611128
446000,DA26018640000006657604111400,2,45.739427,23.992479
15564,DA26000531000502188704111400,2,47.218719,24.713156
654524,DA26031415000611142104111400,2,46.08007,20.742068
765052,AP26005090000300504004111400,1,45.30283,24.560176
887018,DA26005992000112270304111359,2,44.829631,21.883131
865365,AP26009003000402816404111359,1,46.137296,21.738885
864746,AP26000065000107507304111359,1,46.285467,26.953314
177736,DA26019466000206969304111358,2,46.193896,25.897042
863517,AP26027447001310324204111358,1,45.830355,24.471058
887200,AP26005243000302350304111357,1,47.710269000000004,22.291342
872839,AP26000252000401893404111357,1,47.700577,26.325873
774314,DC26006988000012727704111356,2,45.723973,21.282091
866449,AP26001218000000929404111356,1,44.608392,26.897445
828544,AP26001733000101250004111355,1,45.844845,25.491087
860806,AP26002585000202669004111355,1,47.206822,23.071422
864726,AP26015960000305672904111354,1,44.144993,26.123054
471171,DA26028776000109949704111354,2,45.26871500000001,26.755447
884295,AP26001299000103119104111354,1,45.882549,25.732835
852341,AP26002598000101423504111353,1,47.262741,22.913259
772123,AP26008545000509692804111353,1,46.155427,22.12436
865824,AP26003027000400389904111353,1,46.464191,27.650008
680295,DA26010383000302756404111353,2,44.424969,22.853956
863517,AP26027447000810324204111353,1,45.830355,24.471058
859104,DA26009992000203338504111353,2,45.08975999999999,22.467979
12184,DC26010607000003090804111353,2,46.823697,24.911311
852199,AP26002585000302265104111353,1,46.906378,23.276927
884228,AP26000051000202460504111353,1,46.37999,26.900566
843927,AP26001394001106446404111352,1,46.474804,25.676887000000004
839579,AP26002376000308964104111352,1,46.194727,22.326635
888568,AP26001424003903534904111352,1,46.478579,25.981242999999996
888746,AP26000110000101070204111352,1,45.04757,25.543055
872839,AP26000252000401893404111352,1,47.700577,26.325873
873913,AP26004490000300327204111352,1,45.085795,24.975108
859581,AP26002751001701575504111352,1,45.258552,23.483442
786748,AP26001441000408241904111352,1,45.647618,26.042791
801412,AP26001788000004848104111352,1,44.966224,24.611128
9638,DA26005306000200539604111352,2,47.26236600000001,26.005553000000003
843904,AP26010492000303428104111351,1,46.97170400000001,25.41117
295225,DC26011603000403521904111351,2,44.06314,28.233075
840593,AP26002514001402423204111351,1,46.999378,22.922287999999998
12257,DC26003018000004891304111351,2,46.096633,27.266375
656043,AP26000090000000368404111351,1,45.144869,25.959943
875577,AP26002773000002662504111351,1,44.906776,28.478304
840405,AP26000821000201222904111350,1,43.852005,22.958092
706818,AP26001880000102194804111349,1,44.64186,23.011723
853091,AP26013332001104621904111349,1,47.384774,24.922350000000005
886387,AP26002782001803586504111349,1,44.99063900000001,25.235079
829110,AP26000096000000923604111349,1,45.179423,25.73933
542659,DA26029972001910362804111349,2,44.183093,26.368144
806315,AP26002348000103778004111349,1,46.783616,24.226661
712738,AP26001791000205470004111348,1,44.978968,24.701692999999995
770177,AP26000816000202241604111348,1,47.264343,24.587496
843850,AP26001441000001246404111348,1,45.673545,26.106133
36970,DA26006410000105334704111347,2,46.43017,24.663440000000005
850930,DA26030723000410717804111346,2,46.03382200000001,20.809395
733612,AP26009993000202156204111346,1,45.090878,22.504262
842922,AP26001176000200726704111345,1,45.735463,26.958652
878225,AP26003197000204737204111345,1,46.184205,22.923885
854985,AP26028359000409800904111345,1,46.134717,22.568595
803848,AP26001710000501896504111345,1,47.127382,26.805244
7285,DA26001542001100784804111344,2,46.645271,26.025626
886570,AP26005547000200611804111344,1,44.773064,21.757116
859016,AP26008767000301467904111343,1,47.376298,23.12271
879110,AP26000832000401860704111343,1,43.869338,23.158178
35940,DC26005959000505324904111343,2,47.79894,24.083149
871090,AP26000691000400261804111342,1,46.086242,24.456157
847233,AP26002598000101423504111342,1,47.260186,22.909738
578021,DA26001771001712302904111341,2,46.77996099999999,24.737994
869499,AP26001205000202883304111341,1,45.738566,26.187697000000007
799389,AP26001548000300882404111341,1,44.814033,23.792854
733612,AP26009993001502156204111341,1,45.090878,22.504262
15633,DA26000824000100426604111341,2,47.31719999999999,25.139904
863993,AP26001935000606557704111341,1,46.123279,25.009286
28047,DC26009681000001887004111340,2,44.508783,25.043142
-1,LA26001570000202153404111339,10,46.7333984375,22.46769905090332
881475,AP26032204000311533004111339,1,46.684202,23.258079
827119,AP26001441000101246404111339,1,45.669665,26.095874999999996
863179,AP26000816000302241604111339,1,47.251793,24.665128
5394,DA26002394000300852304111339,2,45.095808,23.035738
733612,AP26009993001502156204111339,1,45.090878,22.504262
793847,AP26001209000001896404111338,1,44.299356,25.812675
877025,AP26029037000610035204111338,1,46.900883,22.756762999999996
806315,AP26002348000103778004111337,1,46.783616,24.226661
689,DC26007239000100941604111337,2,46.117937,25.584744
759814,DA26002258000902789104111337,2,46.179281,26.946448
3489,DA26006643000203104404111337,2,46.65717,24.912387
840543,AP26010840000203816404111336,1,47.160231,22.403707
872299,DA26031336000511135204111336,2,45.118054,24.485006
2720,DA26004256000300251404111335,2,46.270002,22.301918
253221,DA26015407000205471004111334,2,45.153864,24.116913999999998
886314,DC26035574000313475204111334,2,46.819531,21.670974
842811,DA26034478000012800504111334,2,43.967151,24.856454
302737,DA26005450000900571904111333,2,45.970153,20.760247
887455,AP26005963002600732504111333,1,46.88995500000001,22.689157000000005
578021,DA26001771001712302904111333,2,46.77996099999999,24.737994
830452,AP26001634000304368504111333,1,44.718302,23.296724
467865,DC26000141000010823004111333,2,44.32964,23.77241
889391,AP26024358001108275304111332,1,47.784338,24.342120000000005
880906,AP26001931000401317704111332,1,47.57251,26.779986
11648,DA26004498000400328404111332,2,45.73880599999999,23.989548
706818,AP26001880000102194804111331,1,44.64186,23.011723
872423,AP26001441000101246404111331,1,45.66625,26.095489
799544,AP26002045000200606304111330,1,47.710171,24.611015
16298,DA26006598000200833304111330,2,45.889895,20.966114
316685,DA26001041000208529604111330,2,47.765235,23.803823000000005
801412,AP26001788000104848104111330,1,44.966224,24.611128
770177,AP26000816000202241604111329,1,47.264343,24.587496
801183,DC26034191000212646804111329,2,45.03894,25.82894
885854,AP26033772001112461504111329,1,47.035332000000004,22.953466000000002
884885,AP26009604001302916904111328,1,46.598212,26.423593999999998
878169,AP26001440000302249704111328,1,47.882052,24.411065
20022,DC26006285000100799704111328,2,45.82053,23.207327
3827,DA26000705000000012504111328,2,47.202543,26.998848
381561,DC26016631000105889404111328,2,46.564764,27.710501000000004
832203,AP26001373000209801404111327,1,45.876418,21.754954
878348,AP26009704000301900104111327,1,46.014626,25.628356
6216,DA26002675000300530304111326,2,47.837371999999995,23.295457
843504,AP26005725001200681004111325,1,45.075269,25.048517
591990,DA26031028000410945304111325,2,45.056943,21.845511
871871,AP26000105000001656404111325,1,45.21483799999999,25.470333
722859,AP26000691000300263404111325,1,45.884488,24.362287
819016,AP26001818000101302504111324,1,45.029641,24.921774
803848,AP26001710000301896504111324,1,47.127382,26.805244
868805,AP26002296000100258304111324,1,45.77421,23.30288
546402,DA26003275000301144604111323,2,44.65300299999999,23.651448
868818,AP26011667001603550204111323,1,46.505436,25.289419
422403,DA26002016000500080404111323,2,46.86840800000001,22.678749
850628,AP26001532000102662704111322,1,45.101805,24.177087
880933,AP26034955000213045204111322,1,46.50814,27.458696
11467,DA26004594001200686304111322,2,47.571879,24.415139999999997
533399,DC26009882002802001604111322,2,47.051589,22.044142000000004
1421,DC26007682002111111504111321,2,44.16783,28.643503
864029,AP26034945000313036704111321,1,45.042654,24.809378999999996
856926,AP26001357000201800804111321,1,46.648626,27.728986
813330,AP26000303000100968204111320,1,47.686347,25.320347
406620,DC26008373000009500504111320,2,46.192809,21.318313
491055,DA26010709000902971604111320,2,46.475609,25.177937
2569,DA26002650001002576004111320,2,46.341163,26.42299
177736,DA26019466000206969304111320,2,46.193896,25.897042
189885,DA26016106000207277604111319,2,46.585836,25.084481999999998
801412,AP26001788000104848104111318,1,44.966224,24.611128
862392,AP26001413000301163304111318,1,46.19544,25.4627
866668,AP26000086000101259304111318,1,47.483191,26.685658
6887,DA26003569001000822604111317,2,45.146666,23.805555
828843,AP26000051000102324004111317,1,46.410722,27.0116
875450,AP26003128000200104004111317,1,46.921822,21.962322
612171,DA26006298001000801004111317,2,44.928997,24.270495
7285,DA26001542001100784804111317,2,46.645271,26.025626
1955,DC26000141000003202404111316,2,45.867459,22.923639
821470,AP26004141000308860304111316,1,46.36485,21.987050999999997
864030,AP26034945001113036704111316,1,45.04354800000001,24.810728
885263,AP26000131000004992404111316,1,44.644367,25.755527
1088,DA26008213000001248804111315,2,44.266876,28.249044
886786,AP26004251000200250604111315,1,46.749009,22.507065
12565,DA26006014000200743404111315,2,47.975764,23.023987
806315,AP26002348000203778004111315,1,46.783616,24.226661
810895,AP26009366000301737504111315,1,46.400711,25.091987
826250,AP26000114000101052204111315,1,45.000785,25.318603
403113,DC26027323000009382504111314,2,45.737833,24.968555
1966,DC26000141000008806304111314,2,47.78512,22.84004
10825,DC26003495000100322804111314,2,47.939889,25.640367
6978,DA26002011000200660604111314,2,47.976278,23.708825
866740,AP26001387000200133704111314,1,47.436735,22.464619
10404,DC26007860000801081104111314,2,46.047948,26.319296999999995
872651,AP26008372000408996704111314,1,46.04708300000001,25.886507000000005
863176,AP26010145000102423304111313,1,46.90015,27.042255
859913,AP26001316000100751404111313,1,44.91827800000001,28.495796
578021,DA26001771001712302904111313,2,46.77996099999999,24.737994
579279,DA26000141000203214704111313,2,46.175145,21.373896
862829,AP26000087000101213704111312,1,47.84958,25.759853000000003
47966,DA26001860000002986604111312,2,44.718858,22.353861
8067,DA26009014000601591004111312,2,46.273594,23.054556
7107,DA26001489000201243104111311,2,46.187434,27.901543
835906,AP26000105000001656404111311,1,45.22205499999999,25.482607
5170,DC26009103000010024004111311,2,46.531045,24.786314
886303,AP26000060000102230904111311,1,46.379891,26.663128
722859,AP26000691000300263404111311,1,45.884488,24.362287
802473,AP26000353000102902104111311,1,44.98883,25.470904
377238,DA26024913000108404004111311,2,46.591057,24.803065
12175,DA26001035000100619304111311,2,47.498376,24.068883
442301,DC26004355000101855704111310,2,45.830538,25.80458
1793,DA26001229001300312404111309,2,47.265359,25.654859999999996
9123,DA26005193000202902204111309,2,45.205987,26.851769
872651,AP26008372001208996704111309,1,46.04708300000001,25.886507000000005
20314,DA26001912000003926904111308,2,46.743458,27.767152999999997
750474,DC26033489000712335004111308,2,45.71734,27.168290000000002
864623,AP26001413000313330404111308,1,46.349453,25.191744
801412,AP26001788000104848104111308,1,44.966224,24.611128
815755,AP26001299000402636004111308,1,46.155835,25.800755
503427,DA26011776000203609104111308,2,46.55704599999999,25.791688000000004
471171,DC26028776000009949704111308,2,45.26871500000001,26.755447
884603,AP26003089000200673804111308,1,47.702143,24.568069999999995
568313,DA26030561000010670004111307,2,45.052054,26.761991
9792,DA26010284000202599104111307,2,45.881599,25.798049000000002
16444,DA26011433000503467204111307,2,47.450053,24.884838
12242,DA26010572000202870404111307,2,45.97652,20.762149
676438,DA26031625001211235104111307,2,47.678967,24.100109
1857,DC26000141000008789604111307,2,46.956949,26.912481
801014,DC26007985000112641304111307,2,46.262834,26.766901
880933,AP26034955000213045204111307,1,46.50814,27.458696
15958,DA26009243000303394404111306,2,46.487497,25.74797
822437,AP26000808000502403204111306,1,47.129586999999994,24.804123
247387,DA26006154000100771804111306,2,45.498486,26.435348
873293,AP26017649000106952604111306,1,44.856306999999994,28.469144
872651,AP26008372001608996704111305,1,46.04708300000001,25.886507000000005
744181,AP26002590000103661804111305,1,47.284451,23.066921
734604,AP26001118000101605604111304,1,47.50875,24.226524
767338,AP26000829000603311504111304,1,47.329437000000006,24.962977
8179,DA26000082000102322904111303,2,47.780761,26.457032
40104,DC26015194000605460604111303,2,45.142179,26.166451
886674,AP26000098000100170304111302,1,45.290657,25.723843
849819,AP26001387000200132604111302,1,47.366428,22.345724
801412,AP26001788000104848104111302,1,44.966224,24.611128
874101,AP26011224000303351604111302,1,46.133787000000005,22.058843
799389,AP26001548000500882404111301,1,44.814033,23.792854
799084,AP26000802000208484004111301,1,47.453059,24.272518
6983,DA26006583000200832204111301,2,45.639918,25.420572000000003
3924,DC26007152000100929704111301,2,45.947354,26.200757
302737,DA26005450001000571904111300,2,45.970153,20.760247
886806,AP26000968000112437504111259,1,44.576359,24.410747
824341,AP26002846000200619004111259,1,47.58667499999999,23.884168
886902,AP26016165000305744404111259,1,45.916484,21.515918
867087,AP26009555000204631404111259,1,46.653052,24.657604000000003
785569,AP26001470000104355804111259,1,46.866629,25.00425
535562,DA26007569000201001204111258,2,45.61862,26.130710000000004
12321,DA26008501000401343404111258,2,43.990815,25.279275
-1,LC26001737004002365104111257,10,47.64229965209961,24.58370018005371
867,DC26008373000007915204111257,2,44.963583,25.967882
863066,AP26014179000305086704111257,1,46.228791,26.596109
16492,DC26006988000002051204111256,2,44.602541,26.069586
551,DA26003782000401212504111256,2,46.80110199999999,25.440385000000003
829395,AP26001453000002347104111256,1,47.194911,23.754067
722859,AP26000691000100263404111256,1,45.884488,24.362287
578021,DA26001771001712302904111256,2,46.77996099999999,24.737994
881125,AP26002598000301558104111255,1,47.325864,22.659304000000002
770697,DA26023206000707961604111255,2,46.967725,25.193921
848145,AP26002595000302409104111255,1,47.267943,22.514067
350990,DA26006180000200782504111254,2,46.526126,26.882878
865648,AP26001791000305230704111254,1,45.103757,24.682655
829392,AP26001357000009543404111254,1,46.576385,27.62574
870223,AP26001261000112448104111254,1,46.081899,27.064926
801412,AP26001788000104848104111254,1,44.966224,24.611128
3607,DA26004396000900292804111254,2,45.968653999999994,20.553526
199439,DA26019855000207150104111253,2,46.817183,21.638263
886314,DC26035574000413475204111253,2,46.819531,21.670974
863465,AP26000960001402776904111253,1,47.544738,25.98868
865,DC26008373000001566004111252,2,44.383981,26.001914
1079,DA26002949000001432004111252,2,45.739881,23.984248
881376,AP26000082000002322904111252,1,47.774717,26.460172
852924,DA26001495000302124504111251,2,46.412782,26.450724999999995
878537,AP26034935000413028104111251,1,45.835316,25.269926
328111,DA26007174000000933004111251,2,45.95187,26.192002
8067,DA26009014000601591004111251,2,46.273594,23.054556
867090,AP26001529000307345204111251,1,44.736831,22.567543
1088,DA26008213000001248804111250,2,44.266876,28.249044
726735,AP26000105000101635604111250,1,45.068112,25.348942
887975,AP26001420000401879804111250,1,47.835787,24.125822
868799,AP26006085000112554204111250,1,45.683572,24.413191
7191,DC26008165000002883104111249,2,46.23727,24.860729
876099,AP26010145000002423304111249,1,46.927962,27.043922
578021,DA26001771001212302904111249,2,46.77996099999999,24.737994
802689,AP26000095000402187004111249,1,46.668428,23.3473
868805,AP26002296000213246704111248,1,45.77420999999999,23.30288
864623,AP26001413000113330404111248,1,46.349453,25.191744
865606,AP26000130000500962004111247,1,47.685187000000006,25.718093999999997
863053,AP26027443000009472004111247,1,45.200797,24.1845
881209,AP26000287000701013104111246,1,47.34023,26.042963
878537,AP26034935000013028104111246,1,45.835316,25.269926
846862,AP26000100000101024204111246,1,47.761112,26.212851
875600,AP26006634000400840404111246,1,44.636707,23.228501000000005
7276,DC26002336000001579604111246,2,45.447886000000004,26.297490999999997
865,DA26008373000101566004111245,2,44.383981,26.001914
886570,AP26005547001603330004111245,1,44.773064,21.757116
599483,DA26003449000102939104111245,2,46.210049,21.602118
654,DC26000141000008813804111245,2,46.785123,23.583987
19866,DC26011954000103717104111245,2,44.620957,23.195719
883125,AP26000100000201024204111244,1,47.754806,26.212405
8067,DC26009014000501591004111244,2,46.273594,23.054556
5389,DA26002689000111096804111244,2,47.359758,22.075825
868805,AP26002296001113246704111243,1,45.77420999999999,23.30288
264299,DA26011186001204654804111243,2,46.802402,25.457891
846759,AP26000084000101688204111243,1,47.964104,26.276078
803848,AP26001710000301896504111242,1,47.127382,26.805244
35940,DC26005959000305324904111242,2,47.798939999999995,24.083149000000002
878537,AP26034935000313028104111242,1,45.835316,25.269926
583179,DC26009029001007287004111241,2,46.762178,25.013842999999998
858952,AP26002776000303214204111241,1,46.219215999999996,23.503125999999998
888365,AP26007078001300906204111241,1,45.983235,25.438307
883125,AP26000100000101024204111241,1,47.754806,26.212405
886383,AP26001218000000950404111241,1,44.554797,27.335977
879470,AP26006527000300828404111241,1,45.555459,21.573334
4785,DA26001419000100606804111240,2,47.742535,24.513928000000003
343379,DA26010205000103352204111240,2,46.272273000000006,25.926726
865,DC26008373000001566004111239,2,44.383981,26.001914
8067,DC26009014000301591004111239,2,46.273594,23.054556
866957,AP26000356000208892504111239,1,44.846917,25.283233
779881,AP26002590000203661804111239,1,47.284522,23.109146999999997
882910,AP26001667000911418404111238,1,46.900878,22.766182
188033,DC26019148000406829204111238,2,46.648393,26.030365
868805,AP26002296001313246704111238,1,45.77420999999999,23.30288
846862,AP26000100000101024204111238,1,47.761112,26.212851
802215,AP26002591000303540004111237,1,47.330978,23.540221
863141,AP26015103000205372504111237,1,45.36893799999999,25.802104
870899,AP26004684000300396004111237,1,46.903654,22.437563
817120,AP26000356000301068404111237,1,44.988903,25.211965
870333,AP26000067000002607104111236,1,46.61791,27.062971
818796,AP26003222000301807604111236,1,46.122775,21.449898
8248,DA26001196000002279804111236,2,44.492382,26.354644
377,DA26005396000103083904111236,2,46.59941,26.098861
291297,AP26001253000300710504111235,1,47.036133,27.317871
872705,AP26001473000202620704111235,1,47.77412,23.044854
876793,AP26003269000204136804111235,1,46.92775,21.925287
6036,DC26002189000102172904111235,2,46.352693,25.286644
872111,AP26005626000100645504111235,1,45.118076,24.496642
797692,AP26002589001500375804111234,1,44.95147599999999,23.958254
647,DA26002148000200667904111234,2,47.733922,23.922686
8248,DA26001196000002279804111233,2,44.492382,26.354644
1857,DA26000141000008789604111232,2,46.956949,26.912481
882599,AP26001317000102432704111232,1,46.020215,26.285704
883432,AP26001453000210349204111232,1,47.077543,23.971324
839566,AP26000988000201935604111232,1,44.822196,24.419432
863141,AP26015103000206284504111232,1,45.36893799999999,25.802104
834706,AP26001455000202775704111231,1,47.642269,23.133045
4629,DA26003445000400151904111231,2,46.380689999999994,22.121839000000005
864623,AP26001413000413330404111231,1,46.349453,25.191744
667464,DC26032090000111432904111231,2,46.214238,26.644201
225812,DA26019610000107021604111231,2,44.089044,25.004428
868466,AP26000062000202624704111231,1,46.438334,26.546323
837962,AP26001800000306673304111231,1,44.885693,25.050856
7191,DC26008165000002883104111230,2,46.23727,24.860729
886622,AP26033703000312431704111230,1,46.700577,23.304374
3931,DA26007182000800934204111230,2,45.944999,26.215017
832466,AP26015416000405472504111229,1,45.00433600000001,24.332826000000004
874893,AP26001478000203289104111229,1,47.700393,22.310056
876793,AP26003269001200251604111228,1,46.92775,21.925287
196,DC26004190000001936704111228,2,47.20233,23.05537
177736,DA26019466000206969304111228,2,46.193896,25.897042
778985,DC26028302000009776204111228,2,46.147510000000004,27.208991
881662,AP26005497000200587804111227,1,44.943566,24.052307
888017,AP26008049000301159504111227,1,46.368995000000005,22.22229
801412,AP26001788000104848104111227,1,44.966224,24.611128
888746,AP26000110000101070204111227,1,45.04757,25.543055
834114,AP26000453000208251404111227,1,47.46103,24.159589999999998
17039,DC26005632000400646804111227,2,45.485125000000004,26.605341
883746,AP26001593000002513004111227,1,46.799378,21.962672
239867,DA26000464002000237404111226,2,47.818666,25.836217
1614,DA26008543000001357804111226,2,45.717639999999996,21.144711
248033,DA26013300000304609704111226,2,45.771262,26.720406
828843,AP26000051000102324004111226,1,46.410722,27.0116
868006,AP26016985001606012204111226,1,47.772693,24.490089
790117,AP26001781000002877304111226,1,45.125225,24.9539
783767,AP26002816000101739304111226,1,46.493703,22.016183
870037,AP26001503001001911804111225,1,45.624689,22.685647
39639,DA26012156000203840404111225,2,46.568984,23.588049
888473,AP26001785000210650304111225,1,44.69728,24.716592
879470,AP26006527000200828404111225,1,45.555459,21.573334
534939,DA26026278000308852304111225,2,47.055213,22.213304
370707,DA26005418001600561304111224,2,46.590843,26.87396
886664,AP26000865000802402604111224,1,47.413271,24.661777
755001,AP26001299000212864804111224,1,45.816597,25.725105
888534,AP26001389000203744304111224,1,45.922331,26.210526
740775,AP26028032000209686504111224,1,46.077047,26.841627
16852,DA26010383000009563604111224,2,45.356655,22.249323
868529,AP26002675000100530304111224,1,47.339634,22.996519
834428,AP26001467000302409404111224,1,46.889185,22.450284999999997
871596,AP26003197000102858604111224,1,46.204054,22.932443
792145,AP26000060000102453604111223,1,46.432195,26.797687
876793,AP26003269001100251604111223,1,46.92775,21.925287
807040,AP26000136000300783104111223,1,46.33714799999999,26.909368
12185,DA26010640000102923904111222,2,46.497861,25.750666
12673,DC26000188000003358504111221,2,46.468875,26.889264
839270,AP26000453000208193904111221,1,47.495325,24.127814
578021,DA26001771001212302904111221,2,46.77996099999999,24.737994
608968,DA26031415000311142104111220,2,46.110569,20.443623
662724,DC26031858000111341304111220,2,45.621035,26.136257
50936,DA26016158000405743404111220,2,46.336031,25.521972
876267,AP26001630000305521504111219,1,46.58578500000001,24.473675
876602,AP26001490000102223504111219,1,46.590852,25.630084
783229,AP26001510000401662604111218,1,47.069009,22.455325
15958,DA26009243000103394404111218,2,46.487497,25.74797
566589,DA26008592000903190404111218,2,44.928678,24.270287
608968,DA26031415000711142104111218,2,46.110569,20.443623
2096,DA26003235002012484204111218,2,46.558437,24.998082
546402,DA26003275000101144604111218,2,44.65300299999999,23.651448
1933,DC26000141000003161104111218,2,45.773959,24.161124
578021,DA26001771001712302904111218,2,46.77996099999999,24.737994
22922,DC26002115000010552404111217,2,46.289326,27.911423
801412,AP26001788000104848104111217,1,44.966224,24.611128
10493,DA26000182000300787904111217,2,46.486951,26.516702999999996
680295,DA26010383000202756404111217,2,44.424969,22.853956
700304,DA26000703000211708904111217,2,47.853981,26.958416
805971,AP26014614000105229804111217,1,46.365326,27.521677
806463,AP26031798000311311104111216,1,47.039073,23.359351
9561,DC26006461000200816204111216,2,46.42934399999999,24.835093
777555,AP26001218000000949704111216,1,44.567554,27.116683
186605,DC26002903000112588204111216,2,46.187377,21.373114
560559,DC26014475000105191204111215,2,45.18458999999999,25.59747
10453,DA26002909000202364304111215,2,44.921383,25.205744
9534,DA26007214000202847304111215,2,45.94880800000001,26.216715000000004
27957,DA26004161000402875904111215,2,46.01355900000001,22.23828
878348,AP26009704000301900104111215,1,46.014626,25.628356
888534,AP26001389000203744304111214,1,45.922331,26.210526
795108,AP26006025001200746604111214,1,45.793738,26.622158
884852,AP26004438000203068804111214,1,45.97977699999999,26.555806
838760,AP26001422000201581304111214,1,46.647872,22.262847
9890,DA26005009000800482404111213,2,46.753152,26.654463000000003
3489,DA26006643000203104404111213,2,46.65717,24.912387
3552,DC26006477000306416004111213,2,46.657773999999996,24.923321
1438,DA26001970000302849804111213,2,46.95030599999999,23.894362
491055,DA26010709000602971604111213,2,46.475609,25.177937
868529,AP26002675000300530304111213,1,47.339634,22.996519
6887,DA26003569001000822604111213,2,45.146666,23.805555
808052,AP26001705000302791504111213,1,46.100446,25.046839
462059,DA26020364000107310004111213,2,46.049073,21.835743999999995
75790,DA26017654000006304104111213,2,46.795667,25.501251
868190,AP26000293001601030604111213,1,47.42936,25.975931
6036,DC26002189000302172904111212,2,46.35269300000001,25.286644
700304,DA26000703000410864304111211,2,47.853981,26.958416
759420,AP26002601000104231304111210,1,47.223575000000004,23.284194
3924,DC26007152000300929704111210,2,45.947354,26.200757
752397,AP26003197001902549504111210,1,46.367394,22.946196
845746,AP26001483000003119204111210,1,47.861424,23.24203
7171,DC26005336000003443304111210,2,45.360943999999996,25.168621
859456,DA26034237000012672104111210,2,46.524029000000006,26.668617
858357,AP26024790000608377204111210,1,44.777448,22.889079
886314,DC26035574000013475204111210,2,46.819531,21.670974
809332,AP26001355000000324404111210,1,46.380328,25.041722
878641,AP26001261000300106904111209,1,46.107829,27.300069
811858,AP26000067000202603504111209,1,46.6219,27.067168
884228,AP26000051000302460504111209,1,46.37999,26.900566
15875,DA26005969000312395804111208,2,46.307261000000004,25.837425
11681,DC26007222000003126504111208,2,44.622732,23.941791
865,DC26008373000013148604111207,2,44.383981,26.001914
871090,AP26000691000200261804111207,1,46.086242,24.456157
746812,AP26004487000400326504111207,1,46.308845,26.335767
873064,AP26034924000613024004111207,1,44.920723,22.505419
827440,AP26001461000402364804111206,1,45.905403,25.44705
844323,AP26001024000201058004111204,1,46.90974,23.376681
867011,AP26001693000100580704111204,1,44.937027,27.124387
21647,DC26003843000009336504111204,2,45.52257,26.536283
2835,DC26004395000300291804111204,2,45.967427,25.566653
716271,AP26000051000202277804111204,1,46.368279,27.145415
804717,AP26001469000202780104111203,1,47.46839,22.650606999999997
4407,DA26004783001402528304111203,2,44.746165,24.579112999999996
207477,DA26004232000100245204111203,2,46.34035500000001,22.385553
801412,AP26001788000104848104111203,1,44.966224,24.611128
862591,AP26001791000205470004111203,1,44.969617,24.712018
848145,AP26002595000102409104111202,1,47.267943,22.514067
858952,AP26002776000203214204111202,1,46.219215999999996,23.503125999999998
809024,AP26001355000500324404111202,1,46.395361,25.036729
551850,AP26002126000500334604111202,1,46.156754,22.063581
835594,AP26001591000300307904111202,1,45.420932,24.301885
19044,DA26004704000600401604111202,2,46.72356,22.06063
883155,AP26000105000101637804111202,1,45.134388,25.386872
9083,DC26005584000012792704111201,2,46.647965,22.354212
840277,AP26001244000402310004111201,1,45.490233,22.104734
825599,AP26022457000207778204111201,1,47.740714,23.455556
720469,DC26000141000012829904111201,2,43.984501,25.361802
882187,AP26006716001400849304111200,1,46.686283,26.026065
578021,DA26001771001212302904111200,2,46.77996099999999,24.737994
862591,AP26001791000205470004111200,1,44.969617,24.712018
598028,DA26028412000110113004111159,2,45.077619,21.852022
790146,DA26019407002406947004111159,2,46.965255,25.397331
32807,DA26007875000601094904111159,2,44.477672000000005,27.903046
786525,AP26001570000102151004111159,1,46.764028,22.282277
852630,AP26000057000306583004111158,1,46.43816,26.49603
884228,AP26000051000202460504111158,1,46.37999,26.900566
578021,DA26001771001712302904111158,2,46.77996099999999,24.737994
880078,AP26001562000201124904111158,1,44.990522,24.409333
1829,DC26000141000008815504111158,2,45.17112,26.81591
177736,DA26019466000206969304111158,2,46.193896,25.897042
881026,AP26001413000206998004111157,1,46.391925,25.123455
546705,DC26007840000101066104111157,2,44.181522,25.998953
751591,DA26005334000400542104111157,2,45.612321,26.002731
861878,AP26000453000008193904111157,1,47.474149,24.129292
878535,AP26034935000113028104111157,1,45.835951,25.276607
716271,AP26000051000102277804111157,1,46.368279,27.145415
878544,AP26001373000208455204111156,1,45.837213,21.753444
552668,DA26000150000308994404111156,2,45.141616,25.216645
857318,AP26004151000200303704111156,1,45.75733,22.680409
15958,DA26009243000403394404111156,2,46.487497,25.74797
832466,AP26015416001005472504111155,1,45.004336,24.332826
864494,AP26001221000101168104111155,1,44.745007,26.453614
124738,DA26018499000106620804111154,2,45.958167,25.538513
801412,AP26001788000104848104111154,1,44.966224,24.611128
2096,DA26003235002001770704111154,2,46.558437,24.998082
862737,AP26003222000501807604111154,1,46.123489,21.472037
868034,AP26000087002001217104111154,1,47.81694100000001,25.736420999999996
253221,DA26015407000205471004111153,2,45.153864,24.116913999999998
877537,AP26001533000203098804111153,1,47.152898,22.101889
710805,DA26009734000209778404111153,2,47.32271,26.625462
785482,AP26002590000203661804111152,1,47.322364,23.117256
868529,AP26002675000200530304111152,1,47.339634,22.996519
871254,AP26011924000603691104111152,1,46.93125,22.304773
864494,AP26001221000101168104111151,1,44.745007,26.453614
3487,DA26008489000001336404111151,2,44.731711999999995,27.301404
284230,DA26024168000008239804111151,2,43.957934,28.301083
253221,DA26015407000405471004111151,2,45.153864,24.116913999999998
763542,AP26000842000301402204111151,1,44.727939,23.726172
560,DC26004583000500357304111151,2,46.671451,25.557
872168,AP26001533000203078504111151,1,47.11213999999999,22.092204
3470,DC26000729000001971504111151,2,46.810666,26.418962
848145,AP26002595000102409104111150,1,47.267943,22.514067
814903,DA26034330000012731704111150,2,44.9222,25.464
884228,AP26000051000202460504111150,1,46.37999,26.900566
715100,DA26001192000101547004111150,2,44.637186,26.295365
835594,AP26001591000300307904111150,1,45.420932,24.301885
825492,AP26000453000108193904111150,1,47.464602,24.138787
8502,DC26002762000100222804111150,2,45.769788,21.19618
9697,DC26007336000300962604111149,2,45.36359000000001,24.20989
872410,AP26000062000204304004111149,1,46.431619,26.572857
1840,DC26000141000009241704111149,2,45.074187,24.345081
12023,DA26006897000303075304111149,2,46.452514,25.042504999999995
18161,DA26011786001003613904111149,2,46.33156499999999,25.509008000000005
253221,DA26015407000405471004111148,2,45.153864,24.116913999999998
865648,AP26001791000305230704111148,1,45.103757,24.682655
786525,AP26001570000202151004111148,1,46.764028,22.282277
6425,DC26010049000102575604111148,2,44.25177299999999,27.580289000000004
862591,AP26001791000405470004111148,1,44.969617,24.712018
963,DA26003810000410502604111147,2,46.333203,25.963180999999995
870724,AP26000104000101528504111147,1,45.054024,26.179143
578021,DA26001771000812302904111147,2,46.77996099999999,24.737994
806463,AP26031798000311311104111146,1,47.039073,23.359351
879470,AP26006527000200828404111146,1,45.555459000000006,21.573334
26619,DC26011424000103464304111146,2,46.980311,24.992929
835594,AP26001591000200307904111145,1,45.420932,24.301885
14321,DA26002843000400672204111145,2,47.671969,24.693244000000004
9890,DA26005009000800482404111145,2,46.753152,26.654463000000003
708363,AP26007632000001010404111144,1,45.040785,25.72906
830772,AP26001201000101223204111144,1,44.287211,25.65811
874459,DC26004031000009992804111144,2,47.350662,22.810308000000003
798650,AP26001570000102153404111144,1,46.762845,22.537552
578021,DA26001771001212302904111144,2,46.77996099999999,24.737994
881026,AP26001413000406998004111143,1,46.391925,25.123455
19749,DC26006194000100786904111143,2,46.265527999999996,26.771125
841070,AP26001788000303681904111143,1,44.987342,24.54915
16232,DA26008228000301250804111143,2,46.27026800000001,21.758833999999997
867558,AP26001478000105138704111143,1,47.650676,22.313084
775112,DA26024885000408399604111143,2,45.992653999999995,20.688246
817085,AP26001323000211394204111142,1,45.909038,22.395882
863572,AP26000084000201700204111142,1,48.130451,26.35643
838389,AP26034124000412613504111141,1,46.473025,27.485199
13313,DC26002436000200669504111141,2,47.82918,24.400724
863036,AP26001349000401064604111141,1,47.616608,23.633669
873544,AP26003637000600061304111141,1,45.597552,26.112903
879470,AP26006527000300828404111141,1,45.555459,21.573334
835594,AP26001591000300307904111141,1,45.420932,24.301885
872411,AP26000062000004304004111140,1,46.431704,26.572439
291297,AP26001253000100710504111140,1,47.036133,27.317871
888920,AP26004013000500682004111140,1,47.551628,24.090537
872677,AP26005957000304250204111140,1,47.641589,23.140337
694401,DA26032393000111857404111139,2,46.129407,25.609558
706243,AP26002187000300023404111139,1,46.17361300000001,26.507287
844982,DA26020268000407281904111139,2,45.658715,21.911622000000005
880874,AP26001429000306798704111139,1,46.900455,22.565378
875139,AP26007632000201010404111139,1,45.035302,25.729295
612171,DA26006298000800801004111139,2,44.928997,24.270495
14650,DA26003653000200062304111139,2,46.384989999999995,25.293299
450970,DA26002871000200027804111138,2,47.213109,24.752766
7630,DC26000597000200265104111138,2,45.36529199999999,26.04494
874506,AP26002776000303214204111138,1,46.189685,23.544725
607458,DA26025232000208496104111138,2,45.895919,20.614654
763542,AP26000842000301402204111138,1,44.727939,23.726172
838389,AP26034124000412613504111138,1,46.473025,27.485199
16700,DC26005463000200575404111138,2,45.252544,24.384223000000002
566589,DA26008592000903190404111138,2,44.928678,24.270287
840543,AP26010840000203816404111137,1,47.160231,22.403707
884603,AP26003089000200673804111136,1,47.702143,24.568069999999995
7027,DC26007895000201102304111136,2,46.10075,26.841333000000002
870333,AP26000067000002607104111136,1,46.61791,27.062971
842966,AP26001532000111912504111136,1,45.018186,24.199254
845746,AP26001483000003119204111136,1,47.861424,23.24203
534939,DA26026278000208852304111136,2,47.055213,22.213304000000004
565887,DA26009495000802870504111136,2,46.13258199999999,20.593711
4349,DA26002290000000292104111136,2,46.812591,21.661858
811871,AP26001483000403091104111136,1,47.755894,23.318841
15855,DC26009494000003807404111136,2,44.332778,26.078904
838524,AP26001510000301679104111136,1,46.924883,22.550417999999997
835594,AP26001591000400307904111136,1,45.420932,24.301885
851163,AP26000691000700259004111135,1,45.983669,24.679479
16492,DA26006988000102051204111135,2,44.602541,26.069586
16924,DA26000920000104745504111135,2,43.881123,23.939348
859960,AP26000084000101642804111135,1,47.864736,26.405878
871786,AP26000104000103115004111135,1,45.074439,26.189272
881141,AP26009366000301737504111135,1,46.11442,25.663235
887982,AP26004524000703309204111135,1,45.596046,22.631019999999996
838389,AP26034124000912613504111135,1,46.473025,27.485199
878537,AP26034935000413028104111135,1,45.835316,25.269926
868201,AP26000051000102296004111135,1,46.474237,26.829525
578021,DA26001771000912302904111135,2,46.77996099999999,24.737994
27024,DA26006345000200806604111135,2,46.365581999999996,21.312911
889391,AP26024358001108275304111135,1,47.784338,24.342120000000005
1259,DC26002201000201678504111134,2,46.353367,25.514899
1554,DC26003103000201406304111134,2,46.713447,27.756827
693435,DC26006891000000869104111133,2,46.440859,25.750966
4461,DC26007703000102132604111133,2,44.312799000000005,25.896189000000003
832042,AP26000808001006798104111133,1,47.20132,24.806066
271,DC26007098000101148304111133,2,44.768575,24.316864
446000,DA26018640000106657604111133,2,45.739427,23.992479
887982,AP26004524000903309204111133,1,45.596046,22.631019999999996
291297,AP26001253000100710504111132,1,47.036133,27.317871
888232,AP26029468000910172104111132,1,47.469065,23.724249
871725,AP26001338000202936404111132,1,45.71448899999999,21.487786
358419,DC26026117000009939104111132,2,46.751676,24.159107
1966,DC26000141000008806304111132,2,47.78512,22.84004
838389,AP26034124000412613504111131,1,46.473025,27.485199
850068,AP26001389001104797904111131,1,46.029477,25.959093
870081,AP26001441001901244204111131,1,45.602411,26.158002
882878,AP26031089000310988204111131,1,44.107757,27.771061
738202,AP26007223000407541504111131,1,46.150399,25.775363
838886,AP26002585000102693704111131,1,46.975954,23.156117
868189,AP26004949001509838304111131,1,46.957322,26.248409
5389,DA26002689000104735304111131,2,47.359758,22.075825
805977,AP26001413000006998004111130,1,46.395602,25.160308
578021,DA26001771001312302904111130,2,46.77996099999999,24.737994
880751,AP26002570000412737104111130,1,45.052524,22.90452
880208,AP26001024000101124504111130,1,46.770773,23.490443
873818,AP26001394000400163704111130,1,46.491197,25.639201
785828,AP26004524000103309204111130,1,45.589762,22.639919000000003
886314,DC26035574000213475204111130,2,46.819531,21.670974
798286,AP26001510000101679104111129,1,46.932429,22.564447
11963,DC26007431000000984404111129,2,46.57985399999999,24.364227
533399,DC26009882002902001604111129,2,47.051589,22.044142000000004
868529,AP26002675000300530304111129,1,47.339634,22.996518999999996
1527,DC26008828004001550104111129,2,47.3607,25.2153
864632,AP26006860000500865504111129,1,46.899068,22.985521
16298,DA26006598000000833304111129,2,45.889895,20.966114
859985,AP26000084000101642804111129,1,47.857941,26.388749
6967,DA26008894000201551504111129,2,47.957631,23.700361
838389,AP26034124000412613504111129,1,46.473025,27.485199
875602,AP26022535000207794404111129,1,47.294653000000004,25.97917
698039,AP26001373000601782604111129,1,45.83906,21.641179
791459,AP26001510000301669804111128,1,47.003515,22.432663
881026,AP26001413000106998004111128,1,46.391925,25.123455
9561,DC26006461000002849604111128,2,46.429344,24.835093
6983,DC26006583000200832204111128,2,45.639918,25.420572
882310,AP26001206000300580104111128,1,44.077259,27.757572
831811,DA26034506000112817204111128,2,44.76917,26.896385
4012,DA26009201000603836504111127,2,46.073432,27.084144999999996
862526,AP26033490000312335504111127,1,47.273948,26.058426
818023,AP26006615001900836004111127,1,46.997007,24.998626
811457,AP26002583000202676104111127,1,47.154554,22.910776
34013,DA26007883000105198404111127,2,44.755486,26.529937
19218,DA26004354000100281604111126,2,45.603985,26.695286999999997
856721,AP26000086000010991404111126,1,47.709071,26.603432
792859,AP26016903000310037804111126,1,45.116352,24.595663
876014,AP26001247000000109104111126,1,45.829125,27.001045
838886,AP26002585000102693704111126,1,46.975954,23.156117
883126,AP26005333000300541904111126,1,45.775512,25.27806
832203,AP26001373000309801404111126,1,45.876418,21.754954
640905,DA26031782000211302204111126,2,47.024081,26.867888000000004
824253,AP26008545000409692804111126,1,46.14648,22.138066
5389,DA26002689000211096804111126,2,47.359758,22.075825
881604,AP26004524000703309204111125,1,45.588799,22.638172
580022,DC26030734000010726104111125,2,44.974061,22.648369
750871,DA26006457000202573904111125,2,46.13858100000001,20.571861
574298,DC26030681000110689704111125,2,47.743526,27.229912
799895,AP26002785000104775504111125,1,46.422906,22.364971
838389,AP26034124000412613504111124,1,46.473025,27.485199
14175,DC26001118000510420104111124,2,47.486893,24.06559
2207,DC26002212000200377504111124,2,47.928023,25.575965
882310,AP26001206000300580104111124,1,44.077259,27.757572
880751,AP26002570000600828204111124,1,45.052524,22.90452
136267,DC26002531000207281604111124,2,46.978995,21.858574
19137,DC26011990000003776704111123,2,45.8717,25.801371
864726,AP26015960000305672904111123,1,44.144993,26.123054
801014,DC26007985000212641304111123,2,46.262834,26.766901
881125,AP26002598000301558104111123,1,47.325864,22.659304000000002
889325,AP26031204000311035504111123,1,45.183269,22.990034999999995
864623,AP26001413000613330404111123,1,46.349453,25.191744
805084,AP26000307000202194404111122,1,47.541944,26.571959
887298,AP26000114000101051104111122,1,45.036746,25.306863000000003
838389,AP26034124000312613504111122,1,46.473025,27.485199
216,DA26007140000000927504111122,2,44.280019,27.079145
263125,DC26019719000007086604111122,2,47.22504899999999,22.399226
6890,DA26001276000102552004111122,2,44.682508000000006,25.571859
770697,DA26023206000707961604111122,2,46.967725,25.193921
819601,DA26034392000113004004111121,2,46.686659999999996,26.582176
503427,DA26011776001503609104111121,2,46.55704599999999,25.791688000000004
45913,DA26011924000203691104111121,2,46.89964799999999,22.230245
12137,DA26004552000303544904111121,2,45.268871999999995,27.882315000000002
578021,DA26001771000912302904111121,2,46.77996099999999,24.737994
793940,AP26007006000104064004111121,1,46.026536,27.025555
3852,DC26006988000012198604111121,2,45.821238,24.149163
314,DA26003378000100270504111120,2,45.45549400000001,23.416306000000002
566180,DA26008372000301299104111120,2,45.915726,25.794525
864585,AP26000355000209117104111120,1,44.78572,25.543238
868799,AP26006085000100756704111120,1,45.683572,24.413191
469043,DC26006564000009763704111120,2,47.194218,22.715023
833172,AP26002595000202373804111120,1,47.184484,23.365493
884228,AP26000051000202460504111119,1,46.37999,26.900566
886387,AP26002782001603586504111119,1,44.99063900000001,25.235079
759420,AP26002601000204231304111119,1,47.223575000000004,23.284194
879922,AP26030022000210380704111119,1,44.732972999999994,25.40852
838389,AP26034124000912613504111119,1,46.473025,27.485199
127,DC26005564001300617304111119,2,47.88896,25.287673
767338,AP26000829000603311504111119,1,47.329437000000006,24.962977
700610,DC26020410000307324104111119,2,45.290368,26.748412
805857,AP26000105000001639304111118,1,45.175072,25.435729
821215,AP26001429000305108604111118,1,46.958243,22.474802
568313,DA26030561000010670004111118,2,45.052054,26.761991
570239,AP26000051000103133504111118,1,46.533367,26.908722
667464,DC26032090000011432904111118,2,46.214238,26.644201
7087,DA26005205000201521304111118,2,46.89663099999999,22.233491
880765,AP26002108000100269704111118,1,47.916186,23.538942
626516,DA26004182000810353504111117,2,46.447543,26.717263
802489,AP26001540000102946104111117,1,46.528678,22.54544
32807,DA26007875000601094904111117,2,44.477672000000005,27.903046
879370,AP26001593000306385204111117,1,46.797043,21.993482
5149,DA26003300000200207304111117,2,47.72807,22.48906
888940,AP26002601000004231304111117,1,47.213966,23.286391999999996
833172,AP26002595000202373804111117,1,47.184484,23.365493
578021,DA26001771001312302904111117,2,46.77996099999999,24.737994
805084,AP26000307000202194404111116,1,47.541944,26.571959
177736,DA26019466000206969304111116,2,46.193896,25.897042
878251,AP26001985000105553304111116,1,46.83621,23.152855
11926,DA26010197000203038704111116,2,46.342025,25.810457
18107,DC26007401000204144204111116,2,44.916772,24.454488
9561,DC26006461000300816204111116,2,46.42934399999999,24.835093
882015,AP26001523000101005704111116,1,47.55335399999999,22.151918
811457,AP26002583000102676104111116,1,47.154554,22.910776
856559,AP26000170000101997904111115,1,45.028702,25.970186
881136,AP26012133000803828004111115,1,45.781776,22.281623
731871,AP26000168000311698104111115,1,45.927458,23.52678
16441,DC26005768000803672504111115,2,45.812016,26.779286000000003
12804,DC26003981000203147304111115,2,45.28467,28.277687
694401,DA26032393000712691304111115,2,46.12940699999999,25.609558000000003
18178,DA26011598000503516304111114,2,45.736944,27.314235
89204,DC26017960000506475004111114,2,44.710443,25.308057
838389,AP26034124000412613504111114,1,46.473025,27.485199
13966,DC26011036000003249304111114,2,46.291362,25.040218
836900,AP26001389000204797904111114,1,46.030561,25.960844
818023,AP26006615001700836004111114,1,46.997007,24.998626
33056,DA26013898000104878704111113,2,44.822327,26.834013
7153,DC26002834000100618704111113,2,47.468666,23.29566
645134,DA26003850000308434304111113,2,45.41878,26.305670000000003
888746,AP26000110000101070204111113,1,45.04757,25.543055
880769,AP26001794000100919804111113,1,45.218356,24.763693
870160,AP26018751000106693904111112,1,44.954967,23.599063
840277,AP26001244000402310004111112,1,45.490233,22.104734
645134,DA26003850000202274604111112,2,45.41878,26.305670000000003
557935,DA26001084001013048304111112,2,46.77518,25.905999999999995
200073,DC26019878000207155604111112,2,46.591049,26.023695
888830,AP26033133000212164404111112,1,44.807873,25.175776
764468,AP26002575000401192104111112,1,47.075422,23.257358
884622,AP26003197000202853904111111,1,46.418382,23.596483
7657,DA26006355000000807604111111,2,46.059214,21.286587
692864,DA26032373000211575004111111,2,44.689594,25.894812
189885,DA26016106000207277604111111,2,46.585836,25.084481999999998
805084,AP26000307000202194404111111,1,47.541944,26.571959
197,DC26004190000001937104111111,2,47.27102,23.2582
807040,AP26000136000300783104111111,1,46.33714799999999,26.909368
450366,DC26028454000009844804111111,2,46.430301,24.824864
855975,AP26030939000011046504111111,1,46.174463,26.140078
878757,AP26000356000310265604111110,1,44.783912,25.299685
18025,DC26005936001203663104111110,2,45.82434700000001,26.772125
838389,AP26034124000412613504111110,1,46.473025,27.485199
717101,AP26000090000100381304111110,1,45.046818,25.934414
888830,AP26033133000212164404111110,1,44.807873,25.175776
881136,AP26012133000803828004111110,1,45.781776,22.281623
791459,AP26001510000101669804111109,1,47.003515,22.432663
842910,AP26001809000200154804111109,1,45.103285,25.175206
738245,DC26005932000000724104111109,2,45.073249,24.356269
571782,DA26004151000200303704111109,2,45.83395,23.034427
842438,AP26006615000700836004111109,1,46.999205999999994,24.998445
5389,DA26002689000011096804111108,2,47.359758,22.075825
856,DC26008373000011856204111108,2,45.70376,21.18262
20247,DA26010332000202693004111108,2,45.269859,21.751847
854808,AP26001464000202947804111108,1,47.852813,23.550691
838389,AP26034124000412613504111108,1,46.473025,27.485199
578021,DA26001771000912302904111107,2,46.77996099999999,24.737994
847129,AP26020278001508615004111107,1,45.64797000000001,26.551102
865,DA26008373000201594804111107,2,44.383981,26.001914
814889,DA26034330000112749004111107,2,44.21874,27.338027
863981,AP26001355000700324404111106,1,46.414771,25.043846
1438,DA26001970000202849804111106,2,46.950306000000005,23.894362
199439,DA26019855000207150104111106,2,46.817183,21.638263
61096,DA26016889000305979004111106,2,44.85895200000001,22.388695
771576,DA26015916000905662504111106,2,45.989861,20.821694
838389,AP26034124000412613504111105,1,46.473025,27.485199
293881,DA26024556000613482204111105,2,46.608448,22.421775
857840,AP26030939000411046504111105,1,46.199001,26.169117
472,DC26008125000001229604111105,2,43.935284,25.976912
869330,AP26001523000305560504111104,1,47.304649,22.268231
251727,DA26007943000106612604111104,2,44.398745,28.661484
715403,DA26000829000304005804111104,2,47.448813,24.808353999999998
10286,DA26005569000100618804111104,2,44.720921,21.629150999999997
4218,DA26002901000304509704111104,2,47.211229,24.750807999999996
850853,AP26001582000211493504111104,1,46.89055,22.641733
836057,DA26003666000212399504111103,2,45.909214999999996,27.101648
11433,DA26004932000100462504111103,2,45.274,26.866453
859248,DA26034935000313028104111103,2,45.753431,25.178062999999998
847962,AP26004687000100839604111103,1,45.109254,23.469193
16829,DA26007168000204483704111103,2,46.95909700000001,22.743484
15245,DC26009006000201587704111102,2,45.772423,23.97904
838389,AP26034124000412613504111102,1,46.473025,27.485199
886001,AP26025669000208604704111102,1,44.94938199999999,24.958120999999995
1880,DC26003990000105061504111102,2,46.623462999999994,27.751804000000003
718258,AP26003868000105236704111102,1,44.725639,24.630408
578021,DA26001771001312302904111101,2,46.77996099999999,24.737994
870838,DC26007208000301219804111101,2,44.505691,26.004069
887278,AP26001453000202378204111101,1,47.100838,23.868265
293881,DA26024556000713482204111101,2,46.608448,22.421775
717186,AP26020388000112810904111101,1,44.920194,24.965057
888427,AP26018892001812676604111101,1,44.908526,23.316477000000003
834082,AP26001454000102498304111101,1,47.651638,22.822858
8611,DA26009680002202342704111100,2,45.09331,24.548992
397610,DC26023329000209233804111100,2,45.481169,22.909846
888746,AP26000110000401070204111100,1,45.04757,25.543055
867247,AP26010655000109671904111100,1,47.141428,22.454698
830579,AP26002558000301506704111100,1,46.546601,21.462333
263125,DC26019719000007086604111100,2,47.22504899999999,22.399226
1564,DA26008763000001465404111100,2,45.17809,25.44452
870078,AP26001880000002218504111100,1,44.637661,23.153638
805084,AP26000307000302194404111100,1,47.541944,26.571959
216,DA26007140000100927504111059,2,44.280019,27.079145
838389,AP26034124000312613504111059,1,46.473025,27.485199
757251,AP26001551000101667804111059,1,45.089974,24.406017
836900,AP26001389000304797904111059,1,46.030561,25.960844
3953,DC26008373000011513804111059,2,46.78071,23.63829
863302,AP26000355000201091904111059,1,44.793251,25.60078
876766,AP26027645001109555004111058,1,47.693046,25.493667
1153,DC26002430002400546204111058,2,47.44501,26.003191
850487,AP26001280000203235704111058,1,46.08049,25.963012
15958,DA26009243000203394404111058,2,46.487497,25.74797
875068,AP26002595000402410704111058,1,47.214392,22.497159
771593,AP26000730000202110104111058,1,47.008387,27.495447
783229,AP26001510000401662604111058,1,47.069009,22.455325
859248,DA26034935000213028104111058,2,45.753431,25.178062999999998
867247,AP26010655000209671904111057,1,47.141428,22.454697999999997
293881,DA26024556000513482204111057,2,46.608448,22.421775
840551,AP26001385000212355504111056,1,46.541982,24.953882
868471,DA26005838000600705004111056,2,44.960194,25.548701000000005
715403,DA26000829000804005804111056,2,47.448813,24.808353999999998
460488,DA26007200000300936004111056,2,46.962487,22.847549
863937,AP26000060000002232304111056,1,46.391725,26.612569
758577,AP26000746000508634204111056,1,46.914506,27.935649
881026,AP26001413000106998004111056,1,46.391925,25.123455
883979,AP26001238000102670204111056,1,47.107602,24.383171
3489,DA26006643000203104404111056,2,46.65717,24.912387
30883,DC26003504000102161304111056,2,45.46321,23.42028
771576,DA26015916000905787904111056,2,45.989861,20.821694
868457,DA26035118000213178704111055,2,45.289773,27.952029
680295,DA26010383000202756404111055,2,44.424969,22.853956
868529,AP26002675000100530304111055,1,47.339634,22.996519
135205,DA26018897001206740104111055,2,46.686664,27.618646
196,DC26004190000001936704111055,2,47.20233,23.05537
16504,DC26009190000304468404111055,2,46.392794,23.299722
872739,AP26002776000003215804111054,1,46.24559,23.634812
870250,AP26032599000311804104111054,1,48.181897,26.457734
692495,DC26029078000011686404111054,2,47.612064,22.703887
864360,AP26000353000002899704111054,1,45.005542,25.526915
437822,DC26028308000009780804111054,2,44.554201,23.511981000000002
828790,AP26000485000202453504111053,1,46.054637,23.348346
848146,AP26005419000504073004111053,1,47.27684200000001,22.449643
2728,DC26008787000409180004111053,2,44.133112,25.570872
546402,DA26003275000201144604111053,2,44.65300299999999,23.651448
578021,DA26001771000912302904111052,2,46.77996099999999,24.737994
3852,DC26006988000012198604111052,2,45.821238,24.149163
209756,DC26013593000104911204111052,2,45.436869,22.227284
854985,AP26028359000109800904111052,1,46.134717,22.568595
3931,DC26007182000313270704111052,2,45.944999,26.215017
878348,AP26009704000301900104111052,1,46.014626,25.628356
832884,AP26002929000002977404111052,1,45.155962,23.471482
882204,AP26006099000808753604111052,1,46.660549,25.72308
3696,DC26008454000202011004111051,2,45.664504,25.407027
876094,AP26002836000003850304111051,1,46.489749999999994,27.95045
764207,AP26001570000302157604111051,1,46.726133,22.401948
836900,AP26001389000304797904111051,1,46.030561,25.960844
830332,AP26001562000201101604111051,1,45.022094,24.381092
698039,AP26001373000301782604111051,1,45.83906000000001,21.641178999999998
775112,DA26024885000708399604111051,2,45.992653999999995,20.688246
873116,AP26001285000301013704111051,1,45.926715,24.302628
880751,AP26002570001100828204111050,1,45.052524,22.90452
886998,AP26001667001511418404111050,1,46.852353,22.734450999999996
841596,AP26019666000107058604111050,1,46.949542,24.957826
758577,AP26000746000508634204111049,1,46.914506,27.935649
7740,DA26007553000000999104111049,2,43.90285500000001,25.943468
30008,DC26011520000303496904111049,2,45.658561999999996,25.277827
7015,DC26000328000002627004111049,2,44.980422,25.651698
458586,DA26016776000211133904111049,2,45.151920999999994,26.371569000000004
865545,AP26008372001503354504111048,1,46.013073,25.785798
364122,DA26026193000108799204111048,2,44.78038,25.97443
866362,AP26000231000407591304111048,1,46.95842100000001,27.098277
578021,DA26001771001312302904111048,2,46.77996099999999,24.737994
881290,AP26000453000300381804111048,1,47.214196,24.02015
4366,DC26009069000202118604111048,2,45.614073,25.293708
2959,DC26005867000200709704111048,2,47.814369,25.87719
791459,AP26001510000101669804111048,1,47.003515,22.432663
712487,DA26000703000312237004111048,2,47.949909,26.854715
450970,DA26002871000200027804111048,2,47.213109,24.752766
11467,DA26004594000200686304111048,2,47.571879,24.415139999999997
19749,DC26006194000000786904111047,2,46.265527999999996,26.771125
829323,AP26001523000105138504111047,1,47.294289,22.201788000000004
862327,AP26001119000410267804111047,1,44.479572,25.335287
707891,AP26032507000311690904111046,1,46.079896999999995,26.84784
377,DA26005396000303083904111046,2,46.59941,26.098861
722570,AP26001209000311217104111046,1,44.200425,25.913124
4368,DA26004208000102120504111046,2,44.309979,24.545666999999998
33494,DA26006804000000858704111046,2,45.002071,26.850315
857125,AP26002929000403712404111045,1,45.019176,23.11383
888403,AP26001818000905351504111045,1,45.288659,25.002151
721143,AP26005626000100645504111045,1,45.116289,24.51096
4336,DA26003951000302964304111045,2,45.698565,26.677539
869847,AP26004161000002875904111045,1,46.029817,22.191779
862791,AP26007223001202523904111045,1,45.990192,25.697348
882316,AP26002378000401456504111045,1,46.451155,22.286258
758577,AP26000746000408634204111045,1,46.914506,27.935649
886570,AP26005547000203330004111045,1,44.773064,21.757116
879997,AP26000355000009117104111044,1,44.783021,25.54336
867448,AP26000051000102412204111044,1,46.353191,26.904483
847025,AP26000086000401276904111044,1,47.652772,26.641526
873116,AP26001285000001013704111044,1,45.926715,24.302628
881870,AP26001200001201450704111043,1,46.912472,25.419345000000003
876094,AP26002836000203850304111043,1,46.48975,27.95045
861350,AP26001791000205470004111043,1,44.99012100000001,24.704408
7087,DA26005205000201521304111043,2,46.89663099999999,22.233491
865545,AP26008372002311197704111043,1,46.013073,25.785798
872462,AP26000960001402776904111043,1,47.553396,26.008169999999996
885411,AP26001220000301273904111043,1,44.208031,24.940119
11648,DA26004498000400328404111042,2,45.73880599999999,23.989548
12231,DC26006943000100873704111042,2,44.344103,24.132448999999998
832884,AP26002929000302977404111042,1,45.155962,23.471482
864494,AP26001221000101168104111042,1,44.745007,26.453614
640905,DA26031782000111302204111042,2,47.024081,26.867888000000004
21755,DA26007708000101030804111042,2,44.425539,27.64252
836899,AP26001389000804797904111041,1,46.030279,25.960567
2569,DA26002650001502576004111041,2,46.341163,26.42299
862327,AP26001119000410267804111041,1,44.479572,25.335287
17039,DA26005632000500646804111041,2,45.485125000000004,26.605341
849103,AP26002929000203712404111041,1,45.040015,23.130833
802689,AP26000095000602187004111041,1,46.668428,23.3473
838389,AP26034124000312613504111041,1,46.473025,27.485199
4312,DA26001267000500826004111040,2,45.104733,23.608457
828628,AP26002598000301553604111040,1,46.934119,23.189844
876120,AP26001436000300968804111040,1,46.01325,25.364335999999998
843143,AP26008808000001488804111040,1,44.243854,23.676548
886314,DC26035574000213475204111040,2,46.819531,21.670974
880906,AP26001931000301317704111040,1,47.57251,26.779986
568313,DA26030561000010670004111040,2,45.052054,26.761991
33056,DA26013898000104878704111040,2,44.822327,26.834013
569655,DA26026452000113268204111040,2,46.198104,21.345685
7882,DA26004646000112993904111039,2,46.431735,26.413858
888017,AP26008049000301159504111039,1,46.368995000000005,22.22229
2532,DC26009397000101752504111039,2,47.777121,22.859472
645134,DA26003850000308434304111039,2,45.41878,26.305670000000003
875928,AP26001261000300106404111038,1,46.125821,27.266518
864494,AP26001221000001168104111038,1,44.745007,26.453614
17399,DC26005308000400687604111037,2,44.99336400000001,24.912486
12215,DA26003972000100387804111037,2,45.25603900000001,28.121566
578021,DA26001771000912302904111037,2,46.77996100000001,24.737994
879568,AP26008152002512985604111037,1,46.48001200000001,25.674205
821642,AP26001195000201393704111037,1,43.994398,28.077977
838389,AP26034124000112613504111037,1,46.473025,27.485199
728828,AP26032539001411732804111036,1,44.949593,24.570935000000002
770697,DA26023206000707961604111036,2,46.967725,25.193921
3931,DA26007182001600934204111036,2,45.944999,26.215017
835134,AP26002929000403712404111036,1,45.040663,23.120434
872830,AP26008210000512035504111036,1,46.375172,25.895735
805087,AP26000307000202194404111036,1,47.558718,26.523973
32807,DA26007875000601094904111036,2,44.477672000000005,27.903046
36970,DA26006410000200811104111035,2,46.43017,24.663439999999998
3931,DA26007182000800934204111035,2,45.944999,26.215017
19825,DC26011744000003591604111035,2,46.504891,25.161438
863246,AP26002594000012543304111035,1,46.596225,22.122519
578021,DA26001771001312302904111034,2,46.77996099999999,24.737994
645134,DA26003850000202274604111034,2,45.41878,26.305670000000003
774314,DC26006988000012727704111034,2,45.723973,21.282091
1099,DC26002750000501448204111034,2,45.7078,21.09771
824341,AP26002846000200619004111034,1,47.58667499999999,23.884168
62726,DA26013026000204445204111033,2,45.722899000000005,27.165418
865927,DC26035049000313127704111033,2,46.721658,21.84173
15958,DA26009243000603394404111033,2,46.487497,25.74797
839579,AP26002376000308964104111033,1,46.194727,22.326635
293881,DA26024556000613482204111032,2,46.608448,22.421775
873214,AP26004456000202176904111032,1,47.53719900000001,23.102092
12600,DA26000141000108785904111032,2,46.508757,26.928123
939,DA26007223000602689004111032,2,46.076991,25.691531
619236,DC26015467000105486704111031,2,46.257337,24.971998
843301,AP26001355000200324404111031,1,46.398387,25.076824
888359,AP26002785000104540904111031,1,46.241317,22.226291
885265,AP26003197000102853904111031,1,46.41155,23.583262
821642,AP26001195000201393704111031,1,43.994398,28.077977
880933,AP26034955000213045204111031,1,46.50814,27.458696
1736,DC26002218000100408504111030,2,45.193633,21.854483
10105,DC26006786000200856804111030,2,45.38325,27.06506
16536,DA26005594000200630004111030,2,45.177862,25.207529000000005
446000,DA26018640000006657604111030,2,45.739427,23.992479
295225,DC26011603000503521904111029,2,44.06314,28.233075
758577,AP26000746000408634204111029,1,46.914506,27.935649
830363,AP26033009000412119904111029,1,44.539842,23.384115999999995
586,DC26006925000000871904111029,2,46.536549,25.496284
1955,DC26000141000008813004111029,2,45.867459,22.923639
783595,AP26029733001210268404111029,1,45.679617,22.426571
5149,DA26003300000200207304111029,2,47.72807,22.48906
177736,DA26019466000206969304111029,2,46.193896,25.897042
883126,AP26005333000300541904111028,1,45.775512,25.27806
59,DA26007585000401002604111028,2,44.428799,27.642195
880160,AP26006634000100840404111028,1,44.623063,23.229012
3487,DA26008489000001336404111028,2,44.731711999999995,27.301404
568,DC26001502000100614904111028,2,47.667134,23.432586
879243,DA26025232000908496104111028,2,45.78563,20.89731
16548,DC26006129000803067204111028,2,47.89743000000001,23.081881999999997
886786,AP26004251000200250604111027,1,46.749009,22.507065
196,DC26004190000001936704111027,2,47.20233,23.05537
838760,AP26001422000501581304111026,1,46.647872,22.262847
884228,AP26000051000202460504111026,1,46.37999,26.900566
862958,AP26001476000602427304111026,1,47.060767,24.757542
805087,AP26000307000202194404111026,1,47.558718,26.523973
722903,AP26000231000002743504111026,1,46.962503,27.040749
805176,AP26000051000102473204111026,1,46.383066,26.936681
804937,AP26001791000105085104111026,1,45.03191,24.661545
31376,DA26006599000200833504111025,2,45.947151,26.217864000000002
867045,AP26001413000210749204111025,1,46.278357,25.457632
801543,AP26010332000602693004111025,1,45.256599,21.724919
1562,DC26001271000012346004111025,2,45.779616,27.990146999999997
5716,DC26007846000111885904111025,2,44.446908,26.748661
783595,AP26029733001210268404111025,1,45.679617,22.426571
14650,DC26003653000000062304111025,2,46.384989999999995,25.293299
870644,AP26000356000101116204111025,1,44.869252,25.352951
830363,AP26033009001012119904111024,1,44.539842,23.384115999999995
867965,AP26004108000100756304111024,1,46.594216,26.805272
869212,AP26000060000102230904111024,1,46.380403,26.6481
883126,AP26005333000300541904111024,1,45.775512,25.27806
619236,DC26015467000113259804111024,2,46.257337,24.971998
862829,AP26000087000101213704111023,1,47.84958,25.759853000000003
8067,DA26009014000601591004111023,2,46.273594,23.054556
867392,AP26008210000912035504111023,1,46.372741,25.8952
795644,AP26005770002600694704111022,1,46.153038,22.793136
873005,AP26005881000611574604111022,1,45.704198999999996,26.608484
29789,DA26006070000100754204111021,2,46.79755,23.702944
698039,AP26001373000301782604111021,1,45.83906,21.641179
3069,DA26001134000600364304111021,2,47.20144,26.402932
834257,DC26003990000401634504111021,2,46.837632000000006,27.463129999999996
778600,AP26001412000303071304111021,1,45.771502,22.278155
876120,AP26001436000100968804111021,1,46.01325,25.364335999999998
805087,AP26000307000202194404111020,1,47.558718,26.523973
694401,DA26032393000411857404111020,2,46.12940699999999,25.609558000000003
862958,AP26001476001402427304111020,1,47.060767,24.757542
872344,AP26001284000102425904111020,1,46.571694,25.202587
813843,AP26007200000300936004111020,1,46.953394,22.892039
15309,DA26001407000000604404111020,2,45.021359,26.505429
840277,AP26001244000202310004111020,1,45.490233,22.104734
883282,AP26003445001002167204111019,1,46.24473,22.209819999999997
885612,AP26006437000200814104111019,1,46.65110000000001,25.171669999999995
863014,AP26011314000503399104111018,1,45.938185,25.423892
2532,DC26009397000001752504111018,2,47.777121,22.859472
754190,AP26009840000103003004111018,1,45.029118000000004,21.893829999999998
626516,DA26004182000810353504111018,2,46.447543,26.717263
5389,DA26002689000211096804111018,2,47.359758,22.075825
694401,DA26032393000311857404111017,2,46.12940699999999,25.609558000000003
1776,DA26002640000300785304111017,2,46.505441999999995,26.370294
2391,DC26004842000001712004111017,2,47.739199000000006,23.944424
888529,AP26001769000202354004111017,1,47.163444,23.598052
626,DA26000952001000243304111017,2,47.381364,25.842439
814885,DA26034330000012723204111016,2,44.439274,26.184081
864726,AP26015960000305672904111015,1,44.144993,26.123054
875337,AP26001500000500647004111015,1,47.415665999999995,23.331046
15332,DA26005078004200500204111015,2,44.927833,22.108043
851369,AP26000865000002404804111015,1,47.437571,24.667362
813035,AP26002449000204558304111015,1,46.611548,22.343229999999995
694401,DA26032393000311857404111015,2,46.12940699999999,25.609558000000003
887975,AP26001420000501879804111015,1,47.835787,24.125822
14635,DC26003444000103319304111014,2,46.018393,22.152824
16596,DC26001796000006105204111014,2,44.677099,23.377045
3386,DC26009383000001754204111014,2,44.93552,24.237409
13389,DA26009448001503204704111014,2,45.03565,21.681093
883269,AP26001795000402690004111014,1,44.933029,24.643772
868190,AP26000293001701030604111014,1,47.42936,25.975931
3970,DC26002247000000289904111014,2,44.959615,24.235965
888746,AP26000110000401070204111014,1,45.04757,25.543055
19119,DA26004281000300261204111013,2,46.588074,25.777497999999998
419102,DA26025805000208642304111013,2,47.199558,25.986814
863937,AP26000060000102232304111013,1,46.391725,26.612569
879418,AP26001440000902249704111012,1,47.870036,24.415478
831579,AP26000314000102388404111012,1,44.80424,25.305319
884228,AP26000051000302460504111011,1,46.37999,26.900566
856926,AP26001357000201800804111011,1,46.648626,27.728986000000003
554218,DA26012968000311067204111011,2,45.912654,26.680084
595,DC26007044000000890904111011,2,46.445528,25.846111
5596,DC26002128000302588504111011,2,46.99319400000001,22.522036
10448,DA26008441000101327904111010,2,46.518082,22.824392
865498,AP26001533000203092404111010,1,47.142137,22.046428
586,DA26006925000200871904111010,2,46.536549,25.496284
3852,DC26006988000012198604111010,2,45.821238,24.149163
860806,AP26002585000202669004111010,1,47.206822,23.071422
884295,AP26001299000203119104111009,1,45.882549,25.732835
805087,AP26000307000102194404111009,1,47.558718,26.523973
843301,AP26001355000200324404111009,1,46.398387,25.076824
29552,DA26000302000100235104111009,2,46.338662,26.412205
888014,AP26017487000313414304111009,1,45.174681,23.090752999999996
859016,AP26008767000301467904111008,1,47.376298,23.12271
161051,DA26019243000106871004111008,2,44.381159,25.009340999999996
640905,DA26031782000111302204111008,2,47.024081,26.867888000000004
263769,DC26023599000008059904111008,2,44.68143,24.09488
865759,AP26003921000303853804111008,1,47.685476,23.940812000000005
698039,AP26001373000301782604111008,1,45.83906,21.641179
9513,DA26003982000102872204111008,2,44.997999,27.711781
887279,AP26000182002500787904111008,1,46.537249,26.465062
884583,AP26000131000103706104111008,1,45.183363,25.328426
7191,DC26008165000002883104111007,2,46.23727,24.860729
765394,AP26000105000101639104111007,1,45.248922,25.334852
9619,DA26004598000200366004111007,2,46.79802,21.68664
4007,DC26008696000103979104111007,2,47.017430999999995,26.872469
804250,AP26001469000202780104111006,1,47.454392000000006,22.659547
827162,AP26000054000107962504111006,1,46.146333,26.92622
16271,DA26000192000403416404111006,2,44.827067,25.651313
834257,DC26003990000401634504111006,2,46.837632,27.46313
879009,AP26002689000304735304111005,1,47.376662,22.299436
9585,DA26007577000002596004111005,2,44.563772,27.245082
5664,DC26004992000300475304111005,2,45.211115,27.034883
253221,DA26015407000905471004111005,2,45.153864,24.116913999999998
46153,DA26015502000105498004111005,2,46.72265000000001,27.748768
546402,DA26003275000101144604111005,2,44.65300299999999,23.651448
8067,DA26009014000601591004111004,2,46.273594,23.054556
866904,AP26001533000003078504111004,1,47.112355,22.094656
6279,DA26009993000302156204111004,2,45.192203,22.345441000000005
851425,AP26000213000401746404111004,1,47.60812,26.913908
883618,AP26001196000202329404111004,1,44.449355,26.425962
7882,DA26004646000112993904111004,2,46.431735,26.413858
869038,AP26033703000312431704111003,1,46.685879,23.26111
887279,AP26000182002000787904111003,1,46.537249,26.465062
884957,AP26008426000201323504111003,1,45.653132,25.412237
197,DC26004190000001937104111003,2,47.27102,23.2582
883125,AP26000100000201024204111003,1,47.754806,26.212405
42193,DC26015304000105436404111003,2,47.089776,22.724284
919,DA26000254002310310604111003,2,45.995606,23.554869
7810,DC26001994000002488704111003,2,44.671818,23.380143
884885,AP26009604001102916904111003,1,46.598212,26.423593999999998
764335,AP26001925000112411804111002,1,48.062839,26.254074
884228,AP26000051000302460504111002,1,46.37999,26.900566
863572,AP26000084000201700204111002,1,48.130451,26.35643
844083,AP26008514000301348504111002,1,46.673281,23.294946
884583,AP26000131000103706104111001,1,45.183363,25.328426
872831,AP26008210000212035504111001,1,46.373547,25.900575
834706,AP26001455000202775704111001,1,47.642269,23.133045
685644,AP26001450000200467104111001,1,46.455088,27.653022
5439,DC26002276000102337604111001,2,47.593748,23.245523000000002
283187,DA26013534000204718904110959,2,45.841824,21.020647
14326,DC26002843000303494804110959,2,47.774533,26.594022
876120,AP26001436000300968804110959,1,46.01325,25.364335999999998
871254,AP26011924000203691104110959,1,46.93125,22.304773
12493,DC26004245000003968504110959,2,45.930875,22.658989
5856,DA26009601000002566504110959,2,44.688985,22.697964
866439,AP26000836000201214904110959,1,44.272656,23.730292
514429,DA26005920001103033204110958,2,45.797186,26.619873
863066,AP26014179000305086704110958,1,46.228791,26.596109
720639,DA26006527000107999904110958,2,45.685066,21.870218000000005
11648,DA26004498000400328404110958,2,45.73880599999999,23.989548
883880,AP26000083000111229404110958,1,48.168477,26.412534000000004
869038,AP26033703000312431704110958,1,46.685879,23.26111
805977,AP26001413000206998004110958,1,46.395602,25.160308
11278,DA26002910000101325404110957,2,47.563641,27.205555
879009,AP26002689000204735304110957,1,47.376662,22.299436
919,DA26000254002310123704110957,2,45.995606,23.554869
3922,DA26002939000002139204110956,2,45.619724999999995,28.051767
842412,AP26001533000203078504110956,1,47.104288,22.078386
2318,DA26008862002301519104110956,2,46.956288,26.880744000000004
881092,AP26006616000303541404110956,1,46.566723,24.656046
831238,AP26001428000602738004110956,1,46.012214,25.628781
7630,DC26000597000300265104110956,2,45.36529199999999,26.04494
868529,AP26002675000200530304110955,1,47.339634,22.996519
1265,DA26007165000001173204110955,2,45.80385,25.839216
878841,AP26000829000304011904110954,1,47.445268,24.820925
803848,AP26001710000301896504110954,1,47.127382,26.805244
804937,AP26001791000105085104110954,1,45.03191,24.661545
568313,DC26030561000010635204110954,2,45.052054,26.761991
36970,DA26006410000200811104110954,2,46.43017,24.663439999999998
612171,DA26006298001000801004110953,2,44.928997,24.270495
847729,AP26001450000100417704110953,1,46.328162,27.611285
7031,DC26000782000201577004110953,2,47.29173600000001,26.666809
1621,DA26006696000200847204110953,2,46.935046,25.750013
59645,DA26016985000506012204110953,2,47.647798,24.58318
645134,DA26003850000202274604110952,2,45.41878,26.305670000000003
783229,AP26001510000401662604110951,1,47.069009,22.455325
700304,DA26000703000310864304110951,2,47.853981,26.958416
888940,AP26002601000304231304110951,1,47.213966,23.286391999999996
18178,DA26011598000303516304110951,2,45.736944,27.314235
13722,DC26000650000000479604110951,2,45.062405,25.832226
1438,DA26001970000302849804110951,2,46.95030599999999,23.894362
883282,AP26003445000300151904110951,1,46.24473,22.209819999999997
879014,AP26001935000202468304110951,1,46.000709,25.129266
989,DC26003094000100601304110951,2,46.66946099999999,28.102234
880344,AP26004884000302809004110950,1,46.022765,26.976685
874225,AP26005992001309973904110950,1,44.821228999999995,21.802835
700304,DA26000703000211708904110950,2,47.853981,26.958416
882102,AP26002598000201429904110950,1,47.226064,22.942819
230644,DA26007987000209843904110950,2,45.29121899999999,25.725199
256547,DA26007792000407801804110950,2,45.190667,23.585525
851425,AP26000213000301746404110950,1,47.60812,26.913908
311954,DA26001925000600304504110950,2,47.91047799999999,25.742971
865817,AP26017254000306110304110950,1,45.324817,25.947627
888365,AP26007078001400906204110949,1,45.983235,25.438307
619236,DC26015467000113259804110949,2,46.257337,24.971998
379847,DA26026468000008937804110949,2,44.33727,27.73945
840543,AP26010840000103816404110948,1,47.160231,22.403707
11467,DA26004594002100686304110948,2,47.571879,24.415139999999997
868805,AP26002296001313246704110948,1,45.774210000000004,23.30288
843301,AP26001355000200324404110948,1,46.398387,25.076824
6036,DC26002189000002172904110948,2,46.352693,25.286644
878537,AP26034935000313028104110948,1,45.835316,25.269926
883032,AP26001529000103205204110948,1,44.723365,22.509379
871854,AP26000058000102315104110948,1,46.622732,26.833481
805096,AP26000307000002194404110947,1,47.487117,26.585386
867071,AP26001387000200138704110947,1,47.250913,22.465863
534939,DA26026278000308852304110947,2,47.055213,22.213303999999997
888568,AP26001424003703534904110947,1,46.478579,25.981242999999996
870118,AP26003239003110481604110946,1,46.644081,25.249739
827833,AP26000096000300948304110946,1,45.31010899999999,25.664377
813015,AP26001460000300496504110946,1,46.849626,24.712851
578021,DA26001771000912302904110946,2,46.77996099999999,24.737994
811858,AP26000067000202603504110946,1,46.6219,27.067168
15013,DC26005754000200692104110946,2,45.97820099999999,27.762356999999998
12646,DC26006016000000743704110946,2,44.613581,23.935738
4416,DC26000660000102122904110945,2,45.080265,25.920252
549572,DA26030075000010401704110945,2,44.599436,27.64261
864496,AP26000051000102301504110945,1,46.501458,26.844981
880933,AP26034955000213045204110945,1,46.50814,27.458696
1087,DC26003173000000059504110945,2,46.262498,25.880344
770697,DA26023206000707961604110944,2,46.967725,25.193921
820505,AP26001544000404303104110944,1,44.590301,24.203728
862791,AP26007223000702689004110943,1,45.990192,25.697348
880061,AP26009123000103492204110943,1,46.901357,24.561176
2555,DA26002307000100161904110943,2,45.885904000000004,27.421211
794033,AP26010840000003816404110943,1,47.16568900000001,22.396402
645134,DA26003850000308434304110943,2,45.41878,26.305670000000003
3489,DA26006643000203104404110943,2,46.65717,24.912387
578021,DA26001771001312302904110942,2,46.77996099999999,24.737994
879014,AP26001935000202468304110942,1,46.000709,25.129266
568306,DA26019752000307108504110941,2,46.370083,21.317961
888039,AP26001247000000109104110941,1,45.836206,27.029861
881125,AP26002598000301558104110941,1,47.325864,22.659304000000002
568313,DA26030561000010670004110941,2,45.052054,26.761991
862392,AP26001413000601163304110941,1,46.19544,25.4627
359368,DA26002305000013091704110941,2,46.26075,26.791245
534939,DA26026278000308852304110941,2,47.055213,22.213304
867247,AP26010655000209671904110940,1,47.141428,22.454697999999997
680295,DA26010383000202756404110940,2,44.424969,22.853956
509448,DA26029475000110175404110940,2,46.81315,26.78486
26991,DC26005164000305792304110940,2,46.564191,26.095141
6036,DC26002189000002172904110940,2,46.352693,25.286644
820505,AP26001544000304303104110939,1,44.590301,24.203728
8678,DC26003561003705332404110939,2,46.255951,25.207026
293881,DA26024556000513482204110939,2,46.608448,22.421775
879370,AP26001593000306385204110939,1,46.797043,21.993482
14445,DA26004928000200460604110938,2,46.873437,22.237717
352180,DA26025938000008696504110938,2,45.236217,26.863992
1087,DC26003173000400059504110938,2,46.262498,25.880344
1842,DC26003990000001631104110938,2,46.64120499999999,27.715474
887717,AP26000808000506798104110938,1,47.182170000000006,24.865962
734965,AP26000096000000917604110938,1,45.06489,25.702587
657946,AP26002187000200023404110938,1,46.13376300000001,26.576464
69594,DA26017472001006209404110938,2,46.519827,22.964874999999996
839887,AP26019812000107136604110938,1,45.400984,23.245201
391104,DC26001258000001259204110937,2,45.68121299999999,27.519486
206889,DA26009904000002008604110937,2,45.035134,21.678051999999997
2936,DA26000666000200241104110937,2,47.362596,26.238514999999996
867045,AP26001413000610749204110937,1,46.278357,25.457632
878640,AP26001261000412394904110937,1,46.167049999999996,27.218926999999997
8087,DA26007655000201014804110936,2,43.864749999999994,25.922322999999995
640905,DA26031782000111302204110936,2,47.024081,26.867888000000004
864414,AP26001178000000437604110936,1,45.607411,26.271381
469043,DC26006564000413264704110936,2,47.194218,22.715023
852924,DA26001495000202124504110936,2,46.412782,26.450724999999995
17791,DA26010786000203037604110936,2,45.846329,27.50619
808916,AP26001887000201047904110935,1,44.652505999999995,22.768387
869923,AP26001769000202354004110934,1,47.14527999999999,23.625523
863057,AP26008126000101207104110934,1,46.688268,26.488963
578021,DA26001771000912302904110934,2,46.77996099999999,24.737994
4309,DA26000088001702203004110934,2,47.782802,27.223635
16643,DC26011001000203224004110933,2,48.177639,26.622635
1958,DC26000141000008795104110933,2,44.404998,26.200783
4109,DA26005187000000522604110933,2,45.186896,26.84604
874514,AP26000829000304011904110933,1,47.458002,24.822002
2936,DA26000666000500241104110933,2,47.362596,26.238514999999996
885263,AP26000131000304992404110932,1,44.644367,25.755527
211,DA26006289000300800104110932,2,45.228367,24.662901
859358,AP26001794000100919804110932,1,45.219399,24.763730999999996
805096,AP26000307000202194404110931,1,47.487117,26.585386
5389,DA26002689000211096804110931,2,47.359758,22.075825
450509,DA26024988000508423904110931,2,46.553575,26.119594
871411,AP26001301000401732504110931,1,45.16618,28.333966
869294,AP26001413000306998004110931,1,46.374526,25.184611
22532,DC26000755000000014404110931,2,47.090928999999996,26.82429
6036,DC26002189000002172904110930,2,46.352693,25.286644
793433,AP26001795000002424204110930,1,44.914917,24.753553
877025,AP26029037000610035204110930,1,46.900883,22.756762999999996
875464,AP26004563001412647804110930,1,46.47843600000001,26.050772
269035,DA26020860000308122404110930,2,44.438943,23.782027
4309,DA26000088001202203004110930,2,47.782802,27.223635
884639,AP26000340000104056404110930,1,45.100082,25.444853
175061,DA26002651000300134504110930,2,46.60485,22.007167999999997
46153,DA26015502000105498004110929,2,46.72265000000001,27.748768
864494,AP26001221000101168104110929,1,44.745007,26.453614
330369,DA26025590000108584904110929,2,44.770796,28.545524
458586,DA26016776000211133904110929,2,45.15192100000001,26.371568999999997
884644,AP26034945000613036704110929,1,45.041908,24.823421
768161,AP26001795000202447304110929,1,44.851954,24.709499
6425,DC26010049000002575604110928,2,44.251773,27.580289
640897,DA26018486000106947604110928,2,47.717572999999994,23.34651
578021,DA26001771001312302904110928,2,46.77996099999999,24.737994
5424,DC26004796000004342904110928,2,45.145582,26.854531999999995
469043,DC26006564000310480604110928,2,47.194218,22.715023
737628,AP26001389000304791504110928,1,46.110396,25.815545
694273,DC26032395000211602604110928,2,44.18301499999999,28.597423000000003
881831,DA26035477000013398304110928,2,47.631853,26.593055000000003
520938,DA26029658000010237504110927,2,43.75573,24.899742
805096,AP26000307000102194404110927,1,47.487117,26.585386
5148,DC26007468000000988304110927,2,45.059032,26.24299
6208,DA26005022001010005104110926,2,47.097546,26.308563000000003
875464,AP26004563001412647804110926,1,46.47843600000001,26.050772
707683,DC26032463000311662104110925,2,47.684813,22.486386999999997
864494,AP26001221000101168104110925,1,44.745007,26.453614
864030,AP26034945000813036704110925,1,45.04354800000001,24.810728
209756,DC26013593000304911204110925,2,45.436869,22.227284
3931,DA26007182001200934204110925,2,45.944999,26.215017
881652,AP26009555000204631404110925,1,46.648970999999996,24.659855000000004
6208,DA26005022001010005104110925,2,47.097546,26.308563000000003
1099,DC26002750000001448204110925,2,45.7078,21.09771
4309,DA26000088000802203004110924,2,47.782802,27.223635
293881,DA26024556000813482204110924,2,46.608448,22.421775
815886,AP26000084000101687104110924,1,47.964413,26.288206
5149,DA26003300000200207304110924,2,47.72807,22.48906
865593,AP26032903000612065104110924,1,44.200343,27.590668000000004
883047,AP26001385000013258504110924,1,46.604228,24.947543
670982,DA26030723000110717804110923,2,46.044720000000005,20.871372
849525,DA26006913000213386104110923,2,45.484552,26.255167
419160,DA26002296000201183604110923,2,45.84021099999999,23.157081
779956,DA26014327000105148804110923,2,45.506334,21.125808000000003
6195,DA26001717000200653704110923,2,47.497961,23.242406
69308,DA26017455000106201004110922,2,44.799388,28.503751000000005
849916,AP26000808000206798104110922,1,47.18194400000001,24.869086999999997
740775,AP26028032000209686504110922,1,46.077047,26.841627
882015,AP26001523000101005704110922,1,47.553354,22.151918
36726,DC26014531000206319904110922,2,47.695665,22.438171
6208,DA26005022001510005104110922,2,47.097546,26.308563000000003
14321,DA26002843000500672204110921,2,47.671969,24.693244000000004
4523,DC26004579000200355504110921,2,46.677775,25.56771
586,DC26006925000100871904110921,2,46.536549,25.496284
889346,AP26000105000201639304110921,1,45.20252,25.407702
865593,AP26032903000612065104110920,1,44.200343,27.590668000000004
569655,DA26026452000213268204110920,2,46.198104,21.345685
833264,AP26000114000201051104110920,1,45.004177,25.348928
2006,DA26000141000008779704110920,2,44.409312,26.034023
883052,AP26004205000100224704110919,1,45.72289,22.099253
875600,AP26006634000400840404110919,1,44.636707,23.228501000000005
17952,DC26003966000000402504110919,2,45.305713,28.144248
842562,AP26001652000005733704110919,1,45.662074,24.714922
381630,DC26026552001208954104110919,2,46.437782,25.388463
578021,DA26001771000912302904110919,2,46.77996099999999,24.737994
1160,DA26008130000101475504110919,2,44.62370000000001,27.008400000000005
15434,DA26004105000200584704110919,2,47.03429,27.150546000000002
263125,DC26019719000007086604110918,2,47.225049,22.399226
36726,DC26014531000006319904110917,2,47.695665,22.438171
849028,AP26003197000902549504110917,1,46.36883,22.97702
598028,DA26028412000210113004110917,2,45.077619,21.852022
753956,DA26031227000211050204110916,2,47.037025,21.964945
783229,AP26001510000301662604110916,1,47.069009,22.455325
884639,AP26000340000104056404110916,1,45.100082,25.444853
7246,DA26003057000100216704110916,2,45.827261,21.957861999999995
578021,DA26001771001312302904110916,2,46.77996099999999,24.737994
865593,AP26032903000612065104110916,1,44.200343,27.590668000000004
6967,DA26008894000301551504110916,2,47.957631,23.700361
293970,DC26024659000213166504110916,2,45.48247800000001,26.585045000000004
293881,DA26024556000613482204110915,2,46.608448,22.421775
843301,AP26001355000200324404110915,1,46.398387,25.076824
836092,DA26034038000112555104110915,2,45.463996,27.960506
12673,DC26000188000003358504110915,2,46.468875,26.889264
4309,DA26000088000102203004110915,2,47.782802,27.223635
2472,DC26001009000002713604110915,2,47.942569,23.917228
882015,AP26001523000101005704110914,1,47.55335399999999,22.151918
443054,DA26009500000101813704110914,2,45.841089,22.17633
669778,DA26032103000411438904110913,2,44.206851,27.113533
885854,AP26033772001312461504110913,1,47.035332000000004,22.953466000000002
805096,AP26000307000102194404110913,1,47.487117,26.585386
762004,DC26013593000104911204110913,2,45.436529,22.227588
712487,DA26000703000312237004110913,2,47.949909,26.854715
886314,DC26035574000013475204110913,2,46.819531,21.670974
865593,AP26032903000612065104110912,1,44.200343,27.590668000000004
263125,DC26019719000007086604110912,2,47.225049,22.399226
771593,AP26000730000202110104110912,1,47.008387,27.495447
645134,DA26003850000308434304110911,2,45.41878,26.305670000000003
776670,AP26001652000105733704110911,1,45.669889,24.718196
23598,DA26004155000200199904110911,2,46.792846,21.679463
24688,DC26004167000109629104110910,2,46.32935,27.017058000000002
293881,DA26024556000513482204110910,2,46.608448,22.421775
868180,AP26000068000402438104110910,1,46.433514,27.368949
2478,DC26005616000000642404110910,2,47.223794,23.007365
880814,AP26001551000110452704110910,1,45.104177,24.27279
767338,AP26000829000603311504110909,1,47.32943699999999,24.962977
7882,DA26004646000112993904110909,2,46.431735,26.413858
636984,DC26031739000111330404110908,2,47.484317,22.086759
801014,DC26007985000112641304110908,2,46.262834,26.766901
875930,AP26001261000011261404110908,1,46.123894,27.283684
17854,DC26006373000001321304110908,2,46.536382,23.726475000000004
879470,AP26006527000200828404110908,1,45.555459,21.573334
737628,AP26001389000304791504110906,1,46.110396,25.815545
840551,AP26001385000612355504110906,1,46.541982,24.953882
783229,AP26001510000401662604110905,1,47.069009,22.455325
770697,DA26023206000707961604110905,2,46.967725,25.193921
3921,DA26004565000000348104110905,2,46.229033,27.667311
129645,DA26000601000200537604110905,2,45.32899,25.72333
868805,AP26002296001213246704110904,1,45.774210000000004,23.30288
389019,DC26026780000309028104110904,2,45.842037,25.798229000000003
386409,DA26003468000305401204110904,2,45.589966,25.990418000000002
843296,AP26001355000302226404110904,1,46.330675,25.195649
90048,DA26018043000106458304110904,2,45.774516,26.127147
1955,DC26000141000003202404110903,2,45.867459,22.923639
574298,DC26030681000210689704110903,2,47.743526,27.229912
2532,DC26009397000101752504110903,2,47.777121,22.859472
15958,DA26009243000603394404110903,2,46.487497,25.74797
888746,AP26000110000101070204110903,1,45.04757,25.543055
-1,LA26001284000300302004110903,10,46.522300720214844,25.14739990234375
881064,AP26000082000302278904110902,1,47.55212,26.778505
805096,AP26000307000202194404110902,1,47.487117,26.585386
806463,AP26031798000311311104110902,1,47.039073,23.359351
866277,AP26001357000201805704110901,1,46.66025299999999,27.342669
4437,DA26008068000802122304110901,2,45.18068300000001,23.777365
406468,DC26027439000009488304110901,2,45.85850200000001,27.915871
863302,AP26000355000101091904110901,1,44.793251,25.60078
603140,AP26001489000101151504110901,1,46.264968,27.81503
865509,AP26008482000301335704110901,1,46.805225,24.847595
862381,AP26002558000101496804110901,1,46.57126,21.633831
882739,AP26002776000412419904110900,1,45.881979,23.681787
16909,DA26005124000100511904110900,2,45.05671900000001,26.85778
864726,AP26015960000305672904110859,1,44.144993,26.123054
816339,DC26034115000212768904110859,2,46.237278,27.679393
177736,DA26019466000206969304110859,2,46.193896,25.897042
3827,DA26000705000000012504110859,2,47.202543,26.998848
882248,AP26034855000112979404110859,1,44.953076,25.330023
640905,DA26031782000111302204110858,2,47.024081,26.867888000000004
855581,AP26001217000102387904110858,1,43.87525,25.413971
612276,DC26031462000211171204110858,2,47.213961000000005,25.996658
868529,AP26002675000300530304110858,1,47.339634,22.996518999999996
62105,DC26015467000013259904110857,2,46.264108,24.977677
16548,DC26006129000903508904110857,2,47.89743000000001,23.081881999999997
806463,AP26031798000311311104110857,1,47.039073,23.359351
4785,DA26001419000100606804110857,2,47.742535,24.513928
311206,DA26002304001912984004110856,2,45.047212,24.363579
814871,DA26034330000012730504110856,2,46.202011,21.246188
872831,AP26008210001812035504110856,1,46.373547,25.900575
546402,DA26003275000201144604110856,2,44.65300299999999,23.651448
849305,DC26027202000010031904110856,2,47.559236,26.906263
875930,AP26001261000011261404110856,1,46.123894,27.283684
30008,DC26011520000003496904110856,2,45.658561999999996,25.277827
780814,AP26001323000206426704110855,1,45.796569,22.432168
771593,AP26000730000202110104110855,1,47.008387,27.495447
17318,DC26003287000100110704110855,2,46.925702,22.587209
16548,DC26006129000403067204110855,2,47.89743000000001,23.081881999999997
230786,DA26008848000003803404110854,2,45.742946,23.992743
189885,DA26016106000207277604110854,2,46.585836,25.084481999999998
814898,DA26034330000012732404110854,2,47.044324,21.905402
3959,DA26009110000202719804110853,2,46.55675,24.9997
11846,DA26008515000201346804110853,2,44.01774,24.81895
455544,DC26006420001202954404110853,2,47.21876699999999,22.887777
805971,AP26014614000305229804110853,1,46.365326,27.521677
293881,DA26024556000713482204110853,2,46.608448,22.421775
873116,AP26001285000001013704110853,1,45.926715,24.302628
3852,DC26006988000012198604110852,2,45.821238,24.149163
6036,DA26002189000302172904110852,2,46.352693,25.286644
7438,DC26003636000010488804110852,2,46.501849,25.356145
802473,AP26000353000102902104110852,1,44.98883,25.470904
2478,DC26005616000001817504110852,2,47.223794,23.007365000000004
886387,AP26002782001703586504110851,1,44.99063900000001,25.235079
763563,AP26001387000000141404110851,1,47.124598,22.442046
868457,DA26035118000213178704110851,2,45.289773,27.952029
10864,DA26007252000102974304110851,2,45.695489,21.879983999999997
5008,DA26002255000202263104110851,2,45.561022,25.769674
871303,AP26001200001101450704110850,1,46.920088,25.453789
883047,AP26001385000313258504110850,1,46.604228,24.947543
863466,AP26000960002002776904110850,1,47.547795,25.989576
3959,DA26009110000201612804110850,2,46.55675,24.9997
189885,DA26016106000405720604110850,2,46.585836,25.084481999999998
797771,AP26000110000101083804110850,1,45.104159,25.610863
407349,DA26008389000201302204110850,2,47.215493,25.992203
11648,DA26004498000400328404110850,2,45.73880599999999,23.989548
-1,LC26001205000211990104110850,10,45.89310073852539,26.181699752807617
196,DC26004190000001936704110849,2,47.20233,23.05537
2478,DC26005616000001817504110848,2,47.223794,23.007365000000004
36970,DA26006410000300811104110847,2,46.43017,24.663439999999998
1160,DC26008130000101475504110847,2,44.62370000000001,27.008400000000005
730467,AP26001888001202726004110846,1,44.962504,22.71387
867217,DA26012135000107616204110846,2,46.829631,27.263410000000004
7140,DA26003021000200102404110846,2,46.938939,22.017689
29419,DA26012345000103918504110846,2,44.232902,26.251743
815419,AP26002747000202844104110846,1,45.034702,25.65682
549572,DA26030075000010401704110845,2,44.599436,27.64261
257130,DA26023306000107990504110845,2,46.343905,25.765233
1265,DA26007165000101173204110844,2,45.80385,25.839216
879470,AP26006527000200828404110844,1,45.555459000000006,21.573334
788079,AP26001472000304500404110844,1,45.755049,26.083207
253221,DA26015407000205471004110843,2,45.153864,24.116913999999998
196,DC26004190000001936704110843,2,47.20233,23.05537
483038,DA26028036000310048904110843,2,46.95148799999999,22.777397000000004
293881,DA26024556000713482204110842,2,46.608448,22.421775
349013,DA26014848000105322304110842,2,45.319556,25.729263
889236,AP26002816000301779104110842,1,46.54061099999999,21.982713
121511,DC26018662000206683304110842,2,44.10041999999999,24.356607999999998
20756,DA26012102000203815504110842,2,45.17143000000001,23.802735
8067,DA26009014000601591004110842,2,46.273594,23.054556
25516,DC26005530000100602604110842,2,45.63394,26.732210999999996
134,DC26003721000200070204110842,2,46.124154,25.605765
836446,AP26003444000406570204110840,1,45.998333,22.300285
772122,DA26009779000302141604110840,2,45.326683,25.726817999999998
22100,DC26010709000202971604110839,2,46.521719,25.239651
881374,AP26000082000202287404110839,1,47.686732,26.86203
22922,DC26002115000010552404110839,2,46.289326,27.911423
381630,DC26026552002508954104110839,2,46.437782,25.388463
682390,DC26032269000611519204110838,2,45.290393,25.72754
14175,DC26001118000300597004110838,2,47.486893,24.06559
852,DA26008373000101619904110838,2,44.489992,26.015496
293881,DA26024556000613482204110837,2,46.608448,22.421775
450285,DC26028580000409880104110837,2,45.026101,25.774205
5056,DC26006382000007363104110837,2,46.58986000000001,24.620459999999998
578021,DA26001771000612302904110837,2,46.77996099999999,24.737994
880634,AP26009254000301670704110837,1,45.26557499999999,21.860265
11926,DA26010197000203038704110837,2,46.342025,25.810457
568306,DA26019752000307108504110837,2,46.370083,21.317961
3836,DA26006988000104941704110836,2,45.660705,25.548344
735168,AP26009823001201961804110836,1,45.45248899999999,22.60678
712759,AP26001551000201699204110835,1,45.075233,24.29532
2120,DC26009031000203388004110835,2,44.870082,26.194352
377238,DA26024913000208404004110835,2,46.591057,24.803065
788079,AP26001472000304500404110834,1,45.755049,26.083207
854887,AP26001795000002680904110834,1,44.97663,24.863395
7194,DA26009796000201943704110834,2,45.248636,22.297477
13966,DC26011036000003249304110834,2,46.291362,25.040218
810183,AP26000238000002493704110833,1,47.247697,26.304378
578021,DA26001771000812302904110833,2,46.77996099999999,24.737994
771576,DA26015916000905787904110833,2,45.989861,20.821694
1973,DC26000141000008814804110832,2,47.041279,21.899443
626354,DC26031591000011306104110832,2,47.513847,22.139838
175061,DA26002651000300134504110832,2,46.60485,22.007167999999997
46020,DA26011943000303708204110831,2,46.357588,25.962553
13116,DA26009963000106093704110831,2,45.200365,25.766286999999995
853771,DA26034851000112976304110831,2,45.23175,27.79122
850628,AP26001532000002662704110831,1,45.101805,24.177087
868529,AP26002675000300530304110830,1,47.339634,22.996518999999996
6036,DC26002189000002172904110830,2,46.352693,25.286644
788079,AP26001472000304500404110827,1,45.755049,26.083207
5652,DA26004116000313118504110827,2,45.560167,26.885049
1973,DC26000141000008814804110827,2,47.041279,21.899443
876023,AP26008386000903288104110826,1,47.795582,25.569373
293881,DA26024556000513482204110826,2,46.608448,22.421775
680295,DA26010383000202756404110826,2,44.424969,22.853956
5245,DA26005228000100556404110826,2,47.698568,22.650161
827163,AP26001491000603017604110825,1,46.322499,24.450453
70109,DA26017027000106027904110825,2,45.772304999999996,21.196796
845985,AP26001181000101685904110825,1,45.767192,27.512001
4476,DA26002380000300203104110824,2,45.737092,23.986208
861,DC26008373000001551104110824,2,47.14961,27.601790000000005
15527,DA26004272000300257504110824,2,46.613586,22.024296000000003
851321,AP26000203000302892404110823,1,47.140852,25.811276
712759,AP26001551000201699204110823,1,45.075233,24.29532
432244,DC26006872000207276204110823,2,45.781145,26.719523
859581,AP26002751001701575504110823,1,45.258552,23.483442
880596,DA26001186000000575504110822,2,46.027881,27.763628999999998
876350,AP26001309000302249504110822,1,45.149109,28.461659
3931,DA26007182001100934204110822,2,45.944999,26.215017
450366,DC26028454000409844804110822,2,46.43030100000001,24.824864
6523,DC26004379000202484104110821,2,46.837572,27.457838
2454,DA26009397001301752504110821,2,46.960495,24.904659999999996
766556,AP26002595000302356204110821,1,47.32918,22.472473999999995
1880,DC26003990000005061504110821,2,46.623462999999994,27.751804000000003
801014,DC26007985000112641304110820,2,46.262834,26.766901
5149,DA26003300000200207304110820,2,47.72807,22.48906
3445,DC26005847000100705804110820,2,47.678348,26.220520000000004
793252,AP26001467000202345504110819,1,46.953145,22.221212999999995
2454,DA26009397000901752504110819,2,46.960495,24.904659999999996
4383,DA26004982000302102604110819,2,45.90996,26.67412
842331,AP26001385000512355504110818,1,46.5263,25.005453
880423,AP26007239001502435004110818,1,46.153780000000005,25.569114
882919,AP26032393000212691304110817,1,46.16756999999999,25.529062999999997
568313,DA26030561000010670004110817,2,45.052054,26.761991
3489,DA26006643000203104404110817,2,46.65717,24.912387
640905,DA26031782000111302204110816,2,47.024081,26.867888000000004
578021,DA26001771000812302904110816,2,46.77996099999999,24.737994
9552,DA26005592000100630104110816,2,44.992338999999994,24.03962
6440,DC26001971000600230104110816,2,44.928258,25.479612
9123,DA26005193000202902204110816,2,45.205987,26.851769
14571,DA26009139000101616604110816,2,46.774868,24.936848
3429,DA26003180000200354504110815,2,47.698727,25.811614000000002
7066,DA26002926000102572704110814,2,46.659934,24.936513
443047,DA26028414000113315404110813,2,45.637387,27.799359
9555,DA26003717000002910204110812,2,45.412655,27.923242
7755,DC26000132000006677504110812,2,44.60596999999999,25.54895
22100,DC26010709000202971604110812,2,46.521719,25.239651
3487,DA26008489000001336404110811,2,44.731711999999995,27.301404
4132,DC26000696000201129004110811,2,47.127709,27.577005
886410,DA26035567000813470004110811,2,46.057761,20.64077
864277,AP26002558000201505504110811,1,46.595896,21.678351000000003
878544,AP26001373000208455204110811,1,45.837213,21.753444
6866,DC26010216000002621304110810,2,47.802721,22.982068
825354,AP26001818000312517304110809,1,45.127431,25.124939
882306,AP26019752000107108504110809,1,46.191719,21.767806
43576,DC26008162000201223804110809,2,47.213814,24.689629
851321,AP26000203000302892404110809,1,47.140852,25.811276
30788,DC26008435000101326704110808,2,47.76366,27.003552
877440,AP26007683001801021704110808,1,45.12712,24.434789
812226,AP26001231000100652704110807,1,45.556082,26.851228000000003
886410,DA26035567000813470004110806,2,46.057761,20.64077
852949,AP26001385000412355504110806,1,46.55257,24.967201
607945,DA26031403000311137404110805,2,46.332275,21.934473
867045,AP26001413000410749204110805,1,46.278357,25.457632
860014,DC26001295000309193304110805,2,47.030409999999996,21.992417
1265,DA26007165000001173204110805,2,45.80385,25.839216
3959,DA26009110000202719804110804,2,46.55675,24.9997
879849,AP26010043000102243304110804,1,44.925334,25.223975
881125,AP26002598000301558104110804,1,47.325864,22.659304000000002
2059,DA26005547000100611804110804,2,44.722725,21.636026
786749,AP26001441000208241904110803,1,45.644197,26.040578
393112,DA26019703000109205504110803,2,44.184467000000005,26.367086
865019,AP26001450000100418804110803,1,46.324907,27.474371
430433,DA26004323000103272704110802,2,45.563965,21.210798
6785,DA26005112000111506904110802,2,46.731795,26.572487
744250,AP26000235000802515704110802,1,46.79792,26.409758999999998
4687,DA26006879000401578104110802,2,46.32101500000001,25.953222999999998
10820,DC26007897000001103604110802,2,46.078983,25.576713
737628,AP26001389000304791504110802,1,46.110396,25.815545
21,DC26003270000001051704110801,2,47.353371,22.096829
3959,DA26009110000201612804110800,2,46.55675,24.9997
13392,DA26004789000000419504110800,2,45.11459399999999,28.62065
18595,DC26001269000200231904110800,2,45.769905,28.009346000000004
868819,AP26001284000302485004110759,1,46.499807,25.353341
578021,DA26001771000812302904110759,2,46.77996099999999,24.737994
707891,AP26032507000311690904110759,1,46.079896999999995,26.84784
852464,AP26007244000302360104110757,1,45.892036,26.235334000000005
9035,DC26009668000601883904110755,2,44.37007400000001,26.089745000000004
177736,DA26019466000206969304110755,2,46.193896,25.897042
430433,DA26004323000103272704110754,2,45.563965,21.210798
443047,DA26028414000113315404110754,2,45.637387,27.799359
12095,DA26003239000206520004110753,2,46.51453,25.15759
8434,DA26006860001700865504110752,2,46.955648,22.801485
852557,AP26000235000802515704110751,1,46.793182,26.411627999999997
847431,AP26002272000506566204110751,1,46.616649,22.106593
790386,AP26006433000201837804110751,1,46.723976,25.070455
198838,DA26016158000405743404110750,2,46.33614500000001,25.524418
864726,AP26015960000305672904110750,1,44.144993,26.123054
209600,DA26016177000305896004110750,2,45.93196600000001,26.680212
863937,AP26000060000002232304110749,1,46.391725,26.612569
450509,DA26024988000108423904110748,2,46.553575,26.119593999999996
7140,DA26003021000400102404110748,2,46.938939,22.017689
694401,DA26032393000311857404110747,2,46.12940699999999,25.609558000000003
2223,DC26009340000001723204110745,2,47.099558,26.444214
578021,DA26001771000812302904110744,2,46.77996099999999,24.737994
381809,DC26026530000108950704110743,2,46.400264,25.373149
758431,AP26001189000100634004110743,1,44.547122,25.889347
30008,DC26011520000203496904110741,2,45.658561999999996,25.277827
875096,AP26001529000203630204110740,1,44.713955,22.536814
109282,DA26011667000203550204110740,2,46.545093,25.344987
804937,AP26001791000105085104110739,1,45.03191,24.661545
8840,DC26004424000000304404110739,2,45.145564,26.854428
2835,DA26004395001401146204110739,2,45.96742700000001,25.566653
856897,AP26001059000001559904110738,1,47.068883,27.538516
393750,DC26027066000709191704110737,2,45.717398,27.168299
15958,DC26009243000103394404110737,2,46.487497,25.74797
6887,DA26003569001000822604110737,2,45.146666,23.805555
888871,AP26001800000100099904110737,1,44.887028,24.997487
12065,DA26004877000211816304110736,2,45.76926,27.01043
16952,DA26006716000900849304110736,2,46.638937,25.991762000000005
834472,AP26010495001602820004110736,1,46.699193,25.957202
883257,AP26000084000101701404110735,1,48.111458,26.354054
713680,AP26001450000100422904110735,1,46.433309,27.564443999999998
753956,DA26031227000311050204110734,2,47.037025,21.964945
4971,DA26003534000111519304110733,2,46.515229,25.156189
880943,AP26009803000810377504110733,1,46.815435,25.154220999999996
861537,AP26004134001400197504110733,1,46.233912,22.175958999999995
578021,DA26001771000612302904110733,2,46.77996099999999,24.737994
713680,AP26001450000200422904110732,1,46.433309,27.564444
790386,AP26006433000501837804110732,1,46.723976,25.070455
389019,DC26026780000409028104110730,2,45.842037,25.798228999999996
790386,AP26006433000601837804110730,1,46.723976,25.070455
578021,DA26001771000812302904110730,2,46.77996099999999,24.737994
820738,AP26032633000011898004110730,1,45.217685,26.574244
6005,DA26001137002102438404110727,2,46.839574,25.908952
868914,DA26001373000301772004110725,2,45.852833,21.747096
381809,DC26026530000208950704110723,2,46.400264,25.373149
490,DA26002209000601376104110722,2,46.125304,25.602831999999996
840079,AP26028114001509708404110721,1,47.193064,24.980328
580180,DA26030884000310837804110721,2,47.06432,27.80871
578021,DA26001771000612302904110721,2,46.77996099999999,24.737994
578021,DA26001771000812302904110717,2,46.77996099999999,24.737994
4647,DA26002045001900606304110715,2,47.727871,24.459198
694401,DA26032393000311857404110714,2,46.12940699999999,25.609558000000003
30883,DC26003504000102161304110713,2,45.46321,23.42028
767338,AP26000829000703311504110713,1,47.329437000000006,24.962977
4676,DA26007773000801048104110712,2,44.475156,25.717463999999996
5149,DA26003300000200207304110712,2,47.72807,22.48906
3836,DA26006988000104941704110710,2,45.660705,25.548344
878623,AP26001529000203200104110710,1,44.74577,22.551658
447208,DA26028520000109864404110707,2,47.014799,27.409142
13874,DA26008104000301196404110707,2,46.358689,25.546988
578021,DA26001771000612302904110705,2,46.77996099999999,24.737994
737852,DA26002422000300668804110705,2,47.461926,23.591400000000004
878623,AP26001529000203200104110703,1,44.74577,22.551658
578021,DA26001771000812302904110702,2,46.77996099999999,24.737994
3880,DC26006254000100796504110702,2,45.426778,25.248308
19863,DC26006094000300759204110700,2,46.577098,25.799822000000002
370631,DA26026287000208853904110700,2,46.65661600000001,24.903811
1117,DA26001936000101316304110659,2,46.66011,24.935600000000004
471050,DA26028946000310002204110659,2,46.80545999999999,21.639659999999996
16314,DA26008786000103460304110659,2,44.087319,26.242797
555415,DA26030088000110419004110658,2,47.222525,26.071701
3607,DA26004396000200292804110658,2,45.968653999999994,20.553526
877229,AP26028036001410048904110655,1,46.96952100000001,22.90504
12726,DC26006096000709920304110655,2,47.675052,22.479326
1117,DA26001936000201316304110655,2,46.66011,24.935600000000004
760,DA26006531001000824004110652,2,45.175221,23.265444
14260,DA26004895000203289004110649,2,45.085319,24.847101999999996
10870,DA26006488001300818804110649,2,46.76403200000001,25.002882
578021,DA26001771000612302904110649,2,46.77996100000001,24.737994
3607,DA26004396000700292804110649,2,45.968653999999994,20.553526
13467,DA26010469001403214604110648,2,46.709099,25.567888
786250,DC26000568000500141804110647,2,45.299595000000004,25.723486000000005
315674,DA26020051000207207704110646,2,46.99860900000001,26.838042
14260,DA26004895000203289004110646,2,45.085319,24.847102
199439,DA26019855000407150104110645,2,46.817183,21.638263
24385,DA26006290000102934404110642,2,44.90308100000001,25.08368
578021,DA26001771000912302904110642,2,46.77996099999999,24.737994
15633,DA26000824000100426604110641,2,47.31719999999999,25.139904
13467,DA26010469000803214604110638,2,46.709099,25.567888
2531,DA26005922000306655204110637,2,45.929532,27.132774
5107,DA26004055000300179004110635,2,45.797255,26.915232
694273,DA26032395000111602604110633,2,44.18301499999999,28.597423000000003
695209,AP26009866000201989404110633,1,45.446122,25.245498
65677,DC26017287000306119304110633,2,47.220944,24.694413
1672,DA26000548000201587304110632,2,45.324777000000005,25.727137
578021,DA26001771000712302904110631,2,46.77996099999999,24.737994
868468,DA26035131000113177804110629,2,45.38942699999999,25.170799
200190,DA26019752000307108504110629,2,46.36217,21.51616
578021,DA26001771000912302904110628,2,46.77996099999999,24.737994
868468,DA26035131000113177804110628,2,45.38942699999999,25.170799
868468,DA26035131000113177804110625,2,45.38942699999999,25.170799
13564,DC26006194000300786904110623,2,46.368369,26.507599
4349,DA26002290000100292104110623,2,46.812591,21.661858
5254,DA26004258000002592504110622,2,45.685112,22.069401
434709,DC26018302000106560804110620,2,46.40192199999999,26.731123
200190,DA26019752000307108504110619,2,46.36217,21.51616
4349,DA26002290000100292104110619,2,46.812591,21.661858
134,DA26003721000500120504110619,2,46.124154,25.605765
16362,DC26004057003900179704110615,2,45.978474,26.801748
578021,DA26001771000612302904110615,2,46.77996099999999,24.737994
584090,DA26025232001008496104110613,2,45.79917,20.89833
578021,DA26001771000912302904110611,2,46.77996099999999,24.737994
887669,AP26000150001408994404110607,1,45.262302,25.444766
200190,DA26019752000307108504110606,2,46.36217,21.51616
887669,AP26000150001508994404110604,1,45.262302,25.444766
18094,DC26010615000202890304110604,2,46.534026000000004,25.36704
849305,DC26027202000310031904110603,2,47.559236,26.906263
204801,DA26019247000207206404110558,2,46.771824,21.931061
16245,DC26005793000503475204110555,2,45.932239,26.680911999999996
21016,DA26006230000200794104110552,2,44.900533,25.080278000000003
26491,DC26013332000904621904110552,2,47.363002,24.96558
263,DC26007240001301145904110551,2,45.94502500000001,26.211688999999996
19818,DA26010534000409927404110542,2,46.357869,25.507287
6524,DA26004967000300471104110537,2,47.229958,26.086682
2720,DA26004256001512527304110537,2,46.270002,22.301918
422403,DA26002016000500080404110536,2,46.86840800000001,22.678749
38157,DA26013379000104642404110527,2,45.827214,22.315731
12302,DA26005587001400628104110526,2,45.096425,24.804759
2720,DA26004256001212527304110526,2,46.270002,22.301918
2072,DC26003134000600356504110526,2,47.526409,26.09276
215206,DA26020314000307288904110524,2,45.73553999999999,27.09211
10923,DA26004905000200455004110521,2,45.793656,26.916997999999996
2072,DC26003134000400356504110520,2,47.526409,26.09276
554218,DA26012968000411067204110520,2,45.912654,26.680084
12302,DA26005587001500628104110519,2,45.096425,24.804759
38157,DA26013379000204642404110514,2,45.827214,22.315731
541742,DA26012580000504076104110513,2,45.764722,26.924444000000005
554218,DA26012968000411067204110512,2,45.912654,26.680084
19818,DC26010534000509927404110511,2,46.357869,25.507287
557354,DA26018292000206558304110507,2,47.22754,26.120147
31210,DC26013940000304902904110507,2,47.198993,24.785025
1085,DA26000560003202913504110503,2,47.208731,24.864581
8611,DA26009680002202342704110502,2,45.09331,24.548992
421497,DA26027866000609633304110502,2,46.334196,22.115498
10265,DC26009550000101834704110455,2,46.764486,24.71901
6916,DA26005157000102535104110454,2,46.836353,26.399965999999996
12133,DC26010122000103084204110446,2,46.354999,25.511859
560580,DC26030225000210479304110446,2,44.85057700000001,23.661963
717406,DC26032684000211905804110444,2,47.924677,25.828645000000005
219704,DA26020674000207387804110444,2,47.505143,24.089347
503427,DC26011776001503609104110441,2,46.55704599999999,25.791688000000004
12133,DC26010122000403084204110440,2,46.354999,25.511859
14307,DA26004601001602846404110438,2,45.495844,26.434516
9700,DA26004406000900297304110438,2,45.847159,22.280912
12133,DC26010122000103084204110431,2,46.354999,25.511859
9700,DA26004406000400297304110428,2,45.847159,22.280912
12133,DC26010122000203084204110427,2,46.354999,25.511859
138026,DC26018967000706758204110423,2,45.712591,26.711347
12133,DC26010122000403084204110419,2,46.354999,25.511859
1190,DC26000921000700242004110415,2,47.500889,26.05902
15989,DC26007325000200960104110412,2,47.92053000000001,25.682086
15989,DC26007325000300960104110408,2,47.92053000000001,25.682086
18769,DC26009476001201799504110400,2,45.708577,26.720390999999996
771576,DA26015916000805662504110350,2,45.989861,20.821694
768176,DC26027202000410031904110321,2,47.94018400000001,25.638121
659621,DC26007431000100984404110309,2,46.769438,25.012552
1401,DC26005100000303189204110305,2,47.43775,25.979305999999998
4209,DC26005734004000684604110236,2,47.642756999999996,24.584153
5407,DA26009465001901791604110234,2,44.988707,22.333458
248033,DA26013300000304609704110230,2,45.771262,26.720406
305049,DC26024932000708426404110229,2,47.476438,26.156925
608968,DA26031415000311142104110106,2,46.110569,20.443623
3931,DC26007182005705886304102247,2,45.944999,26.215017
919,DA26000254002310310604102237,2,45.995606,23.554869
919,DA26000254002310123704102232,2,45.995606,23.554869
919,DA26000254002309502404102225,2,45.995606,23.554869
10825,DC26003495000100322804102215,2,47.939889,25.640367
606202,DA26020983007807463604102204,2,47.871015,26.000083
606202,DA26020983008207463604102202,2,47.871015,26.000083
606202,DA26020983009707463604102158,2,47.871015,26.000083
606202,DA26020983009307463604102156,2,47.871015,26.000083
578021,DA26001771001412303104102140,2,46.77996099999999,24.737994
578021,DA26001771000812303104102136,2,46.77996099999999,24.737994
684361,DA26006860001000865504102132,2,46.9556,22.799926
550274,DA26029993000310369004102131,2,45.312905,25.122755
578021,DA26001771001412303104102127,2,46.77996099999999,24.737994
578021,DA26001771000812303104102122,2,46.77996099999999,24.737994
10825,DC26003495000100322804102122,2,47.939889,25.640367
578021,DA26001771001412303104102115,2,46.77996099999999,24.737994
657868,AP26000823000201535204102114,1,44.548043,23.39476
578021,DA26001771000812303104102110,2,46.77996099999999,24.737994
514429,DA26005920001103033204102109,2,45.797186,26.619873
598610,DA26031263000411074804102107,2,45.862872,26.72678
1421,DC26007682000302968504102103,2,44.16783,28.643503
578021,DA26001771001412303104102102,2,46.77996100000001,24.737994
578021,DA26001771000812303104102058,2,46.77996099999999,24.737994
884902,AP26000816000210764304102057,1,47.379986,24.230343
786264,DA26034011000012546104102053,2,46.160328,22.754694
1421,DC26007682002102968504102053,2,44.16783,28.643503
578021,DA26001771001412303104102051,2,46.77996099999999,24.737994
864988,AP26000816000010764304102048,1,47.371701,24.241131
881000,AP26012414000204135804102044,1,46.619751,27.057977000000005
417446,DA26027417000209453504102044,2,45.315921,25.127034999999996
888428,AP26025563000908579204102041,1,44.891882,23.312144
886754,AP26005570001900619604102040,1,45.107773,24.744093000000003
3836,DC26006988000002049504102040,2,45.660705,25.548344
578021,DA26001771001412303104102038,2,46.77996099999999,24.737994
881000,AP26012414000204136704102036,1,46.619751,27.057977000000005
886754,AP26005570001800619604102034,1,45.107773,24.744093000000003
3827,DA26000705000100012504102032,2,47.202543,26.998848
578021,DA26001771000812303104102031,2,46.77996099999999,24.737994
10741,DA26006718000000849604102031,2,46.616709,25.957445
9960,DC26003108000400111104102030,2,46.764266,22.56403
416449,DA26027676000109565704102030,2,47.567407,23.161541
10654,DA26010677000002960904102024,2,44.624171,25.741732
875312,AP26020104000007224304102024,1,45.507805,27.160443
196745,DA26017732000406340304102022,2,45.756492,26.932073
578021,DA26001771001312303104102021,2,46.77996099999999,24.737994
419102,DA26025805000208642304102020,2,47.199558,25.986814
875312,AP26020104000507224304102019,1,45.507805,27.160443
578021,DA26001771000812303104102017,2,46.77996099999999,24.737994
762004,DC26013593000504911204102016,2,45.436529,22.227588
520003,DA26020136000313032004102015,2,45.906218,22.568564
551959,DC26030179000310459704102015,2,45.650928,25.695533
875312,AP26020104000607224304102015,1,45.507805,27.160443
866244,AP26006743000500852804102014,1,45.043197,22.742402
722191,AP26001795000002675304102011,1,44.992011,24.855683
578021,DA26001771001312303104102010,2,46.77996099999999,24.737994
786340,AP26002585000202709604102002,1,47.141787,23.21746
484265,DA26022524000507792204102002,2,47.42514400000001,26.206179000000002
578021,DA26001771000812303104102000,2,46.77996099999999,24.737994
5950,DA26004995003302446504101959,2,46.451796,25.767363
417446,DA26027417000209453504101959,2,45.315921,25.127034999999996
578021,DA26001771001312303104101959,2,46.77996099999999,24.737994
69308,DA26017455000106201004101959,2,44.799388,28.503751000000005
804151,AP26001623000208384504101958,1,44.779322,23.271036
857559,AP26004471000000325804101957,1,45.160525,25.065682999999996
879628,AP26001829000700272504101955,1,46.586352,27.681209
346582,DC26007529097002308104101954,2,44.168596,28.647783
22081,DA26012483001004128304101952,2,47.895192,25.605633
1746,DA26002998000313480304101951,2,47.443706,25.762987
866843,AP26009704000001900104101951,1,46.197343,25.565722
737817,DA26032062000211643604101951,2,45.774486,22.311619
18045,DC26004556004200345004101948,2,46.591208,26.048806000000003
860531,AP26001821000402059504101947,1,45.075153,25.167892
578021,DA26001771001312303104101946,2,46.77996099999999,24.737994
578021,DA26001771000812303104101944,2,46.77996099999999,24.737994
104552,DC26006648000000841604101944,2,47.073321,23.118157
783229,AP26001510000301662604101943,1,47.069009,22.455325
801412,AP26001788000104848104101943,1,44.966224,24.611128
809020,AP26001355000402210604101943,1,46.334444,24.982015
548182,AP26004066000400382604101942,1,45.215505,28.374555
2076,DA26003783000600270304101941,2,46.050504,26.259232
881141,AP26009366000201737504101940,1,46.11442,25.663235
18555,DC26008288000303737104101940,2,43.759728,24.870045
809020,AP26001355000402210604101938,1,46.334444,24.982015
12301,DA26007067000310087804101937,2,45.112981,28.487059
783229,AP26001510000401662604101936,1,47.069009,22.455325
5394,DA26002394000300852304101936,2,45.095808,23.035738
40457,DC26000141000008793604101936,2,45.870481,25.797451
886176,AP26003564004601503904101935,1,46.351029000000004,26.109032
2076,DA26003783000600270304101935,2,46.050504,26.259232
809020,AP26001355000402210604101935,1,46.334444,24.982015
249829,DC26022926000207885504101934,2,44.739653,23.231695
2301,DA26008096000803448704101933,2,46.360479,25.545481
578021,DA26001771001312303104101932,2,46.77996099999999,24.737994
809020,AP26001355000202210604101931,1,46.334444,24.982015
2301,DA26008096000203448704101931,2,46.360479,25.545481
1896,DC26000141000003215204101930,2,45.425022,28.00886
2076,DA26003783000400270304101929,2,46.050504,26.259232
754190,AP26009840000103003004101929,1,45.029118000000004,21.893829999999998
578021,DA26001771000812303104101927,2,46.77996099999999,24.737994
801412,AP26001788000104848104101925,1,44.966224,24.611128
860,DC26008373000001632404101924,2,46.50916,24.50896
2076,DA26003783000800270304101924,2,46.050504,26.259232
762004,DC26013593000504911204101920,2,45.436529,22.227588
2076,DA26003783001000270304101919,2,46.050504,26.259232
864952,AP26007895002301102304101918,1,46.095688,26.853227
867993,AP26009319000001712904101918,1,44.837804,23.802058
799544,AP26002045000700606304101917,1,47.710171,24.611015
859728,AP26010785001803076304101916,1,45.535446,26.289218
880541,AP26009319000001712904101916,1,44.840386,23.803928
801412,AP26001788000104848104101916,1,44.966224,24.611128
762004,DC26013593000504911204101915,2,45.436529,22.227588
15679,DA26010703000102969204101913,2,46.587609,25.781852
578021,DA26001771001312303104101913,2,46.77996100000001,24.737994
22948,DA26010645001302925504101913,2,46.49984,25.749647
40457,DA26000141000008793604101912,2,45.870481,25.797451
836977,AP26030939000111046504101912,1,46.25526,26.155623
737618,DA26011530000103498204101911,2,43.756306,24.357405
17374,DA26006764000303579604101911,2,45.022653,22.679185
1891,DC26000141000011977004101910,2,47.665221,26.272473
859728,AP26010785001403076304101910,1,45.535446,26.289218
871008,AP26001323000511394204101909,1,45.889509,22.321679
578021,DA26001771000812303104101909,2,46.77996100000001,24.737994
514429,DA26005920001100721104101909,2,45.797186,26.619873
838783,AP26002045000900606304101908,1,47.747801,24.607938
6026,DA26009670000202391604101905,2,45.171804,24.680580000000003
549191,DA26015416000005472504101905,2,45.088583,24.471275000000002
871883,AP26028678001009918504101905,1,47.80871,25.563071999999995
17854,DC26006373000201321304101905,2,46.536382,23.726475000000004
874592,AP26000083000401944404101904,1,48.201976,26.442738
807450,AP26024586000308398104101904,1,45.024431,23.925716000000005
6026,DA26009670001202391604101903,2,45.171804,24.680580000000003
862069,AP26006405000203807804101903,1,46.36639399999999,24.848620999999998
836977,AP26030939001211046504101902,1,46.25526,26.155623000000002
712975,DA26031415000811142104101901,2,46.064086,20.651947
346582,DC26007529096702308104101901,2,44.168596,28.647783
871984,AP26008535001401353804101900,1,47.12936299999999,23.985699999999998
741349,DA26006626000300837504101900,2,46.518059,24.623485
712975,DA26031415001711142104101900,2,46.064086,20.651947
27516,DA26013088000204486704101859,2,46.651163,25.563644999999998
720655,DA26006967000312071404101859,2,44.670055,23.119133
4282,DA26004619002102093704101857,2,45.07770300000001,26.647446
862392,AP26001413000301163304101857,1,46.19544,25.4627
883496,AP26006090001702671104101857,1,46.623428,25.479339
19640,DC26011245000703362804101855,2,44.468868,26.492605
508316,DA26009714000204621004101855,2,45.233586,24.663273
4282,DA26004619001902093704101854,2,45.07770300000001,26.647446
2318,DA26008862002401519104101854,2,46.956288,26.880744000000004
14178,DC26002421000505509404101853,2,45.91455,22.55926
885586,DA26005632001300646804101853,2,45.53076000000001,26.540754000000003
882214,AP26011610002403525904101853,1,46.760606,25.753884
578021,DA26001771001312303104101852,2,46.77996099999999,24.737994
12239,DA26003809000307177204101852,2,45.71293,26.712617000000005
863917,AP26030939000111046504101851,1,46.25031,26.146344
880788,AP26022410000107768504101849,1,44.989624,23.76675
882214,AP26011610001303525904101848,1,46.760606,25.753884
877406,AP26003564001801503904101845,1,46.347522,26.141799000000002
888914,AP26000367001502712504101844,1,44.911234,25.370422
19847,DA26002703000103464804101844,2,44.87462300000001,28.370238
12095,DA26003239000206520004101844,2,46.51453,25.15759
818342,AP26001785000402451904101843,1,44.772165,24.740012
514429,DA26005920001203033204101843,2,45.797186,26.619873
686721,DA26005023000300482104101842,2,46.829446,22.602063
578021,DA26001771000812303104101842,2,46.77996099999999,24.737994
871984,AP26008535000801353804101842,1,47.12936299999999,23.985699999999998
884750,AP26004813000100430804101842,1,46.56278,26.515830000000005
8067,DC26009014000101591004101841,2,46.273594,23.054556
9713,DC26010555000302856504101841,2,45.82072,26.750267999999995
578021,DA26001771001312303104101840,2,46.77996099999999,24.737994
4336,DA26003951000302964304101840,2,45.698565,26.677539
868897,AP26001623000308384504101839,1,44.770603,23.300714
872570,AP26005598000200632904101838,1,45.127444,24.416286
785460,AP26000051000302412204101837,1,46.355328,26.887591
3959,DA26009110000201612804101837,2,46.55675,24.9997
251870,DA26023011000510140304101836,2,46.580173,25.792683999999998
880788,AP26022410000707768504101836,1,44.989624,23.76675
802437,AP26002929000303256804101836,1,45.101258,23.462658
788276,DC26034044000012556904101836,2,45.68940899999999,27.17507
868049,AP26004374000200285904101835,1,45.410548,26.614678
877406,AP26003564001801503904101834,1,46.347522,26.141799000000002
888914,AP26000367001802712504101834,1,44.911234,25.370422
7051,DA26005682000200659404101833,2,45.142494,24.248179000000004
409237,DA26027562002309520604101832,2,46.483962,26.507706
864726,AP26015960000305672904101831,1,44.144993,26.123054
19144,DA26002385000301996504101831,2,46.91736,24.494721
720655,DA26006967000412071404101830,2,44.670055,23.119133
717406,DC26032684000411905804101830,2,47.924677,25.828645000000005
44777,DA26010840000203816404101830,2,47.213795,22.385111
554218,DA26012968000107847704101829,2,45.912654,26.680084000000004
858454,AP26006265000300797704101829,1,45.250102,24.57964
880751,AP26002570000700828204101828,1,45.052524,22.90452
889384,AP26001821000208227504101828,1,45.024264,25.134433
3836,DA26006988000102049504101828,2,45.660705,25.548344
327745,DC26010551000602849504101828,2,45.115640000000006,24.04989
806811,DC26034232000012670304101827,2,46.230058,26.499343
15564,DA26000531002302188704101827,2,47.218719,24.713156
4442,DA26000160000102129404101827,2,47.192220000000006,27.425520000000002
1840,DC26000141000009241704101827,2,45.074187,24.345081
818340,AP26001785000102451904101826,1,44.754642,24.734018
829877,AP26027736000309588604101825,1,45.424629,26.417537999999997
578021,DA26001771000812303104101824,2,46.77996099999999,24.737994
881412,AP26010535000205128604101824,1,46.334602,25.661349
797547,AP26000291000301207404101823,1,47.587233,25.489601
657868,AP26000823000201535204101823,1,44.548043,23.39476
740985,DA26001957001201817904101822,2,46.780067,24.73267
578021,DA26001771001312303104101822,2,46.77996099999999,24.737994
885584,AP26002751001701575504101820,1,45.26071099999999,23.487291
867122,AP26006897000302648704101819,1,46.434784,24.997535
15546,DA26002586000100373204101819,2,45.012381,24.018692
888778,AP26001708000905981004101819,1,44.876364,23.980686000000002
209756,DC26013593000404911204101819,2,45.436869,22.227284
881102,AP26006616000103541404101818,1,46.559696,24.598402000000004
886432,AP26004104001913496004101818,1,46.376398,27.174877
10453,DA26002909000202364304101818,2,44.921383,25.205744
889387,AP26001821000208227504101818,1,45.044734,25.138276
3110,DC26008495000301339604101817,2,47.372279,26.129251
732059,AP26002692001301975804101817,1,45.204463,23.221873
797547,AP26000291000401207404101816,1,47.587233,25.489601
853781,AP26001490000400944404101816,1,46.191974,26.127909
738668,AP26009254001501670704101815,1,45.262245,21.859315999999996
16147,DC26005918000004859704101815,2,45.921819,26.680742
16492,DC26006988000002051204101815,2,44.602541,26.069586
863176,AP26010145000102423304101814,1,46.90015,27.042255
864230,AP26034014000612546404101814,1,44.536046,28.020783999999995
876545,DA26035363000313408804101814,2,45.918228,22.882969
885584,AP26002751001710608204101813,1,45.26071099999999,23.487291
806811,DC26034232000112670304101813,2,46.23005800000001,26.499343
840543,AP26010840000203816404101813,1,47.160231,22.403707
864230,AP26034014000612546404101813,1,44.536046,28.020784000000003
817120,AP26000356000301068404101812,1,44.988903,25.211965
854026,AP26002904001803625504101812,1,45.683322,27.475784
738668,AP26009254001301670704101810,1,45.262245,21.859315999999996
6036,DC26002189000002172904101810,2,46.352693,25.286644
2301,DA26008096000503448704101810,2,46.360479,25.545481
814377,AP26001511000101483204101810,1,47.498998,23.804143999999997
429343,DA26028050000311131904101809,2,44.992245,24.084853999999996
878132,AP26006792000905851404101808,1,46.565127999999994,25.642205
4742,DC26006829001807460904101808,2,45.794577,26.617882999999996
874193,AP26001287000200293204101808,1,46.72852,27.99976
882813,AP26006626000300837504101807,1,46.511036,24.635566999999998
235857,DA26020409000307323804101806,2,47.015714,27.150896
854026,AP26002904000403625504101806,1,45.683322,27.475784
864250,AP26007792000305559604101806,1,45.212162,23.48795
864250,AP26007792000213517604101806,1,45.212162,23.48795
873882,AP26001558000012851904101805,1,46.06943900000001,25.429486
9604,DA26006492001500819204101805,2,47.410349,23.160337
9984,DA26005379000103100104101805,2,45.68646900000001,27.370012
888778,AP26001708000805981004101805,1,44.876364,23.980686
877406,AP26003564001801503904101804,1,46.347522,26.141799000000002
882813,AP26006626000300837504101803,1,46.511036,24.635566999999998
854026,AP26002904000603625504101803,1,45.683322,27.475784
873882,AP26001558000312851904101803,1,46.06943900000001,25.429486
876998,AP26005022000710005104101802,1,47.080973,26.124098
877886,AP26003531003902124904101802,1,46.172676,25.960419
4430,DA26003798000302126604101801,2,45.872401,26.18813
840302,AP26002682000400427504101801,1,44.927135,28.380501
9652,DA26001245000200231604101801,2,46.111266,27.773509
882919,AP26032393001111602104101801,1,46.16756999999999,25.529062999999997
877406,AP26003564001801503904101801,1,46.347522,26.141799000000002
882919,AP26032393001012691304101800,1,46.16756999999999,25.529062999999997
32807,DA26007875000601094904101800,2,44.477672000000005,27.903046
885110,AP26003726000700071204101800,1,46.559037,25.507817
854026,AP26002904000403625504101759,1,45.683322,27.475784
881065,AP26000082000302154204101759,1,47.55115,26.803326
873882,AP26001558000212851904101759,1,46.06943900000001,25.429486
878132,AP26006792001105856304101758,1,46.565127999999994,25.642205
881376,AP26000082000202322904101758,1,47.774717,26.460172
18217,DC26008019000406522604101757,2,45.311696000000005,25.016448
740985,DA26001957001201817904101757,2,46.780067,24.73267
750871,DA26006457000202573904101757,2,46.13858100000001,20.571861
819472,AP26000058000002462904101757,1,46.626648,26.729964
16222,DC26005886000212588904101757,2,45.811524999999996,26.778687
877068,AP26002134000500650704101756,1,47.653776,23.738187999999997
873882,AP26001558000212851904101756,1,46.069439,25.429486
740985,DA26001957001201817904101756,2,46.780067,24.73267
807650,DA26034248000212677004101756,2,43.959777,24.408099000000004
867981,AP26015416000305472504101755,1,45.209405,24.336262
795371,AP26013863000204858804101755,1,45.193458,28.353189
4971,DA26003534002400309204101755,2,46.515229,25.156189
854026,AP26002904000603625504101755,1,45.683322,27.475784
882919,AP26032393000211857404101754,1,46.16756999999999,25.529062999999997
865526,AP26003754001700075104101754,1,45.692438,26.37143
343379,DA26010205000102483704101754,2,46.272273000000006,25.926726
863176,AP26010145000302423304101753,1,46.90015,27.042255
788276,DC26034044000012556904101753,2,45.689409000000005,27.17507
878132,AP26006792001005857004101753,1,46.565127999999994,25.642205
858004,AP26003726000700071204101752,1,46.567252,25.505459
795371,AP26013863000204858804101752,1,45.193458,28.353189
801412,AP26001788000104848104101752,1,44.966224,24.611128
873882,AP26001558000212851904101752,1,46.069439,25.429486
865526,AP26003754001500075104101752,1,45.692438,26.37143
867981,AP26015416001605472504101750,1,45.209405,24.336262
854026,AP26002904000203625504101750,1,45.683322,27.475784
858730,AP26005305000500539504101749,1,45.114232,24.913186
862760,DA26007699000001489804101749,2,44.3868,28.6675
880257,AP26003955000210142004101748,1,47.057365,23.594234
663727,DA26013853000004890504101748,2,45.445862,25.553014
873882,AP26001558000212851904101748,1,46.069439,25.429486
867401,AP26000353000112674504101748,1,44.801579,25.384045
880751,AP26002570000800828204101747,1,45.052524,22.90452
6965,DA26002050000200054804101746,2,46.513962,25.155368
880775,AP26001261000300100204101746,1,46.050729,26.931967
854026,AP26002904000503625504101746,1,45.683322,27.475784
10898,DA26005476000201796004101745,2,45.466467,24.317875
27516,DA26013088000204486704101744,2,46.651163,25.563644999999998
36970,DA26006410000105334704101744,2,46.43017,24.663439999999998
880257,AP26003955000110142004101744,1,47.057365,23.594234
858730,AP26005305000500539504101743,1,45.114232,24.913186
15546,DA26002586000100373204101743,2,45.012381,24.018692
809020,AP26001355000602210604101742,1,46.334444,24.982015
4282,DA26004619000106866604101741,2,45.07770300000001,26.647446
817363,AP26001785000202451904101741,1,44.747243,24.750753
854026,AP26002904001803625504101740,1,45.683322,27.475784
870665,AP26023382001008012504101740,1,45.088806,22.875569
7022,DA26009714000204621004101739,2,45.286267,24.516561
855773,AP26004381000001655304101738,1,46.083954,26.076983
801412,AP26001788000104848104101738,1,44.966224,24.611128
3959,DA26009110000201612804101738,2,46.55675,24.9997
869086,AP26001175000402028404101737,1,46.633645,25.482992
881102,AP26006616000103541404101737,1,46.559696,24.598402000000004
885604,AP26005570000100619604101737,1,45.130596,24.679276
191,DC26003110005000058304101737,2,46.857105,25.430965
7209,DA26005440000600567404101737,2,46.26632800000001,25.269932999999998
883570,AP26001389000104795204101736,1,45.958891,25.956316
854026,AP26002904000403625504101736,1,45.683322,27.475784
16094,DC26006495000103451504101736,2,47.325725,23.614585
7051,DA26005682000200659404101736,2,45.142494,24.248179000000004
866295,AP26001357000206960004101736,1,46.64053,27.425061
871447,AP26030939000111047104101736,1,46.326142,26.055609
21755,DA26007708000001030804101735,2,44.42553899999999,27.64252
553870,DA26019165000210130604101735,2,45.026036,23.819876000000004
833627,AP26001785000002451904101734,1,44.75352,24.766287
640905,DA26031782000011302204101734,2,47.024081,26.867888000000004
866767,AP26004384001210532704101733,1,46.14595,24.747518
832440,AP26000084000201709704101733,1,48.132163,26.361573000000003
9382,DA26008049000301159504101733,2,46.375807,22.112661
869086,AP26001175000402028404101732,1,46.633645,25.482992
6274,DA26006225000100793604101732,2,47.225448,26.29288
836757,AP26001710000001925404101731,1,47.332904,26.869691
887279,AP26000182002100787904101731,1,46.537249,26.465062
30555,DC26013822000204837004101731,2,45.9436,26.2394
871287,AP26011943001403708204101730,1,46.357858,25.982687
819472,AP26000058000202462904101729,1,46.626648,26.729964
722121,AP26006581001500831804101729,1,45.507686,25.534234
12095,DA26003239000903053504101729,2,46.51453,25.15759
34107,DA26002259000100874704101728,2,45.081492,26.540533
886917,AP26016577000108390404101728,1,45.545086,26.264267
887279,AP26000182001600787904101728,1,46.537249,26.465062
15299,DA26004054002300432304101728,2,46.368041,26.505247
855773,AP26004381003907334504101728,1,46.083954,26.076983
550424,DA26002007002810710504101728,2,44.728929,23.069088000000004
874634,AP26009079000301609504101728,1,46.67099199999999,24.43271
885996,AP26003798001509951904101727,1,45.811792,26.200453999999997
875285,AP26008070000303506004101727,1,46.096685,26.266064
863790,AP26014795000405281704101727,1,44.323488,22.563948999999997
825378,AP26005107000700508504101726,1,45.092128,25.113284000000004
657946,AP26002187000100023404101726,1,46.133763,26.576464
3924,DA26007152003403097404101726,2,45.947354,26.200757
10404,DC26007860000801081104101726,2,46.047948,26.319296999999995
879019,AP26002482000301970104101725,1,47.027309,27.188261999999998
19823,DC26011869000203653904101725,2,46.541268,25.499601
21771,DC26010696000004698504101725,2,45.708543999999996,27.169043
854750,AP26004381001003154604101725,1,45.90686300000001,25.922804
578021,DA26001771000812303104101725,2,46.77996099999999,24.737994
834437,AP26001491000103014004101725,1,46.27774,24.416817
866767,AP26004384001110532704101725,1,46.14595,24.747518
833642,AP26016577000608390404101725,1,45.519057,26.241705
883062,AP26004668000300388904101724,1,46.8063,22.688875
864858,AP26006897001003075304101724,1,46.459184,24.976970000000005
6733,DA26002947000900854904101724,2,45.17157,23.792267
16294,DC26004346000500280604101723,2,46.292778,25.850838999999997
472154,DC26002315001200653904101723,2,47.941718,23.902537
872256,AP26001201000101224604101723,1,44.483531,25.652402
818349,AP26001785000102451904101723,1,44.75094,24.76014
578021,DA26001771001212303104101723,2,46.77996099999999,24.737994
722121,AP26006581001200831804101723,1,45.507686,25.534234
326,DA26003740000000111604101723,2,46.948351,25.33517
657946,AP26002187000300023404101722,1,46.13376300000001,26.576464
62105,DA26015467000313259804101721,2,46.264108,24.977677
881355,AP26004414000200299804101721,1,46.746643,25.278387
876322,AP26001284000302417204101721,1,46.436528,24.98251
864858,AP26006897000803075304101721,1,46.459184,24.976970000000005
5393,DC26003441000607143204101720,2,45.136775,23.453317
829877,AP26027736000209588604101720,1,45.424629,26.417537999999997
885810,AP26005936001605708804101720,1,45.82457,26.586192
872256,AP26001201000201224604101720,1,44.483531,25.652402
874972,AP26034804000512960104101719,1,45.044452,24.420474
969,DA26007116001713187104101719,2,45.93785599999999,26.257246
343379,DA26010205001303352204101719,2,46.272273000000006,25.926726
869450,AP26005193001402902204101718,1,45.26137400000001,26.480613
4463,DC26007733000201035604101718,2,45.928407,26.273373000000003
801819,AP26003197000002863404101718,1,46.36034,22.815103
863659,AP26006818001003071504101718,1,46.571256,25.235786
823332,AP26009335000702588904101718,1,44.95936,24.03743
1438,DA26001970000307103404101718,2,46.95030599999999,23.894362
6733,DA26002947000400854904101718,2,45.17157,23.792267
801412,AP26001788000104848104101718,1,44.966224,24.611128
866460,AP26001314000600569504101718,1,44.912107,27.881694
854750,AP26004381001003154604101718,1,45.90686300000001,25.922804
861675,AP26001490000500944404101717,1,46.171499000000004,26.090497
-1,LA26001223001201792504101717,10,45.89440155029297,26.6564998626709
887369,AP26001284000402425904101717,1,46.612301,25.288986000000005
700610,DA26020410000107324104101717,2,45.290368,26.748412
882464,AP26001170000201311804101716,1,47.574314,26.709646
377924,DA26003567000013490704101716,2,45.26697,26.68796
881216,AP26005418001600561304101716,1,46.454419,27.392838
969,DA26007116000913187104101716,2,45.93785599999999,26.257246
880350,AP26004159000100357904101716,1,46.526768,26.314085
2771,DC26008101000101199904101716,2,44.562697,27.890213
832203,AP26001373000309801404101715,1,45.876418,21.754954
239867,DA26000464001900237404101715,2,47.818666,25.836217
883263,AP26003827001302516604101715,1,44.121592,23.489957
869450,AP26005193001502902204101715,1,45.26137400000001,26.480613
876998,AP26005022001210005104101714,1,47.080973,26.124098
888532,AP26001821000108227504101713,1,45.023644,25.137601
570239,AP26000051000103133504101712,1,46.533367,26.908722
858454,AP26006265000300797704101712,1,45.250102,24.57964
578021,DA26001771000812303104101712,2,46.77996099999999,24.737994
886874,AP26001501001003091704101712,1,46.611968,25.524759
2108,DC26004305000207452504101711,2,46.03779599999999,26.058978
876998,AP26005022000810005104101711,1,47.080973,26.124098
870967,AP26001454000002436504101711,1,47.890125,22.942505
4282,DA26004619000000370504101711,2,45.07770300000001,26.647446
5305,DA26008100001302349604101711,2,46.36521,25.547944
578021,DA26001771001212303104101711,2,46.77996099999999,24.737994
14326,DC26002843000303494804101710,2,47.774533,26.594022
883263,AP26003827001202516604101710,1,44.121592,23.489957
1966,DC26000141000008806304101710,2,47.78512,22.84004
864761,AP26001284000302417204101709,1,46.437488,24.971991
880706,AP26010703000202969204101708,1,46.642394,25.429855
818345,AP26001785000302451904101708,1,44.749623,24.755622
865750,AP26001558000300579204101708,1,45.93571200000001,25.472894999999998
4687,DA26006879000401578104101708,2,46.32101500000001,25.953222999999998
726944,AP26002043000202665804101708,1,46.56952900000001,25.199549
857273,AP26009145000201617304101708,1,46.483996,24.806459
870223,AP26001261000412448104101708,1,46.081899,27.064926
7189,DC26007128000100921104101708,2,45.775299999999994,25.8963
858219,DA26034875000112992704101707,2,45.02961,26.508889999999997
876418,AP26005964000300732804101707,1,45.944156,25.684062
15035,DC26011196000303357904101707,2,46.359724,25.176689
6346,DA26005619000000642904101707,2,45.528627,28.003621999999996
722899,AP26003683000100064504101706,1,47.036222,27.233898999999997
849718,AP26000100000201024204101706,1,47.769731,26.210241
66166,DC26017029000106028204101706,2,47.27779999999999,26.8141
7066,DA26002926000202571104101706,2,46.659934,24.936513
20037,DA26003342000100198904101705,2,45.752874,28.050331
856,DC26008373000011856204101705,2,45.70376,21.18262
876353,AP26001413000601157104101704,1,46.47682699999999,25.387172000000003
856571,AP26006710002003155004101704,1,46.37257300000001,26.064632
888533,AP26001821000108227504101704,1,45.029806,25.133063
9406,DA26008752000003441504101704,2,44.062439000000005,27.704741
881207,AP26021289000210199904101703,1,44.91944999999999,24.396908999999997
36157,DA26007879000605296504101703,2,44.341727,27.764439999999997
24239,DC26005534000113315304101703,2,45.622633,27.794537000000002
5060,DA26004108000400756304101703,2,46.69884199999999,26.655132999999996
663168,AP26004067000200380904101703,1,45.12910200000001,28.527214
5060,DA26004108001011181104101702,2,46.69884199999999,26.655132999999996
721714,DA26020341000207300904101702,2,46.512465999999996,26.6555
16492,DC26006988000002051204101702,2,44.602541,26.069586
2453,DA26009363000101773504101701,2,46.820333,25.535691
863323,AP26001797000200568804101700,1,45.349743,24.541439
51577,DA26016508000105860004101700,2,47.62186499999999,25.83613
16114,DA26000186000003417604101659,2,44.682019,25.579519
854096,AP26001630000112212504101659,1,46.56497,24.448824
578021,DA26001771001212303104101659,2,46.77996099999999,24.737994
1602,DC26006841000200863204101659,2,47.600883,24.032253
7157,DC26006126000000766104101659,2,45.28475,26.554301
871548,AP26006231001200794304101659,1,45.351689,25.015520999999996
6916,DA26005157000202535104101658,2,46.836353,26.399965999999996
16492,DC26006988000002051204101658,2,44.602541,26.069586
851563,AP26033044000012132504101658,1,44.280866,24.808752
805032,AP26006566000009010704101658,1,47.140468,23.170127999999995
811027,AP26005485001100582504101657,1,45.583969,26.546138
853781,AP26001490000100944404101657,1,46.191974,26.127909
36157,DA26007879000605296504101657,2,44.341727,27.764439999999997
865165,AP26001558000112851904101657,1,46.035616,25.450422
64504,DA26007175000400933304101657,2,46.0923,26.198829
738202,AP26007223001602523904101657,1,46.150399,25.775363
884295,AP26001299000203119104101657,1,45.882549,25.732835
827678,DA26001762001900158304101657,2,46.959319,25.219418
879628,AP26001829000300272504101657,1,46.586352,27.681209
711496,DA26001979000100230204101657,2,45.74224999999999,25.75774
865061,AP26030738001210728804101656,1,44.947788,22.931710999999996
831610,AP26001800000301064304101656,1,44.95365,25.104074
4256,DC26004619000209808104101656,2,45.080819,26.641502
888206,AP26007220001202386604101656,1,47.27821600000001,25.174907
380662,DC26026440000008917104101656,2,44.787323,24.230701
7654,DA26006858000301470704101656,2,46.578768,25.995158
863066,AP26014179000205086704101656,1,46.228791,26.596109
884295,AP26001299000203119104101656,1,45.882549,25.732835
10854,DA26007231000402780704101656,2,45.056728,24.376503
882813,AP26006626000300837504101656,1,46.511036,24.635566999999998
873025,AP26000353000412674504101655,1,44.823393,25.365795
4971,DA26003534000211519304101655,2,46.515229,25.156189
578021,DA26001771000812303104101655,2,46.77996099999999,24.737994
772766,AP26000130001500963404101655,1,47.61656,25.861983
852916,AP26001385000312355504101655,1,46.553689,24.967754
876353,AP26001413000201157104101654,1,46.47682699999999,25.387172000000003
856721,AP26000086000410991404101654,1,47.709071,26.603432
865165,AP26001558000112851904101654,1,46.035616,25.450422
19159,DC26011151000003302304101654,2,46.59226,26.982254
881065,AP26000082000302154204101653,1,47.55115,26.803326
863176,AP26010145000302423304101653,1,46.90015,27.042255
848642,AP26001413000201163304101652,1,46.191328,25.467923
866263,AP26006156000200772404101652,1,46.660857,26.227617
882206,AP26034667001213344504101651,1,46.646422,25.995343000000002
888197,AP26033131000312164104101651,1,44.575701,27.913826
7027,DA26007895000101102304101651,2,46.10075,26.841333000000002
876353,AP26001413000601157104101650,1,46.47682699999999,25.387172000000003
865165,AP26001558000312851904101650,1,46.035616,25.450422
663727,DA26013853000004890504101650,2,45.445862,25.553014
888197,AP26033131000312164104101650,1,44.575701,27.913826
869087,AP26001348000200493404101649,1,44.77607,28.482907
12239,DA26003809000807177204101649,2,45.71293,26.712617000000005
856721,AP26000086000410991404101649,1,47.709071,26.603432
12960,DA26004307000203166404101648,2,45.210041,26.759348
722121,AP26006581000200831804101648,1,45.507686,25.534234
7148,DA26004691000000397204101648,2,46.89381,26.122602
879657,AP26006492001600819204101648,1,47.404149999999994,23.066693
28344,DC26012917000010977004101648,2,44.368787,24.795719
36970,DA26006410000100811104101647,2,46.43017,24.663439999999998
870979,AP26010668001512415804101647,1,46.626096000000004,25.44476
865443,AP26001818000112517304101646,1,45.16305,25.107866
12239,DA26003809000200087704101646,2,45.71293,26.712617000000005
19698,DC26003715000410335604101645,2,46.114554,27.756176999999997
416261,DC26027720000009581104101645,2,47.76924,27.009293
823255,AP26006492001300819204101645,1,47.403308,23.066547
797692,AP26002589000200375804101645,1,44.95147599999999,23.958254
5394,DA26002394000300852304101644,2,45.095808,23.035738
605,DC26000141000008818104101644,2,47.735896,26.634688
802993,AP26001794000400919804101644,1,45.218414,24.734086
856721,AP26000086000410991404101644,1,47.709071,26.603432
888874,AP26003636004110488804101644,1,46.53851699999999,25.265771
877208,AP26021019002613308504101643,1,45.548932,26.483909
748231,DA26012583000012662104101643,2,45.07942599999999,27.879342999999995
31355,DA26013376000312739204101643,2,46.558255,25.130687000000005
30788,DC26008435000101326704101643,2,47.76366,27.003552
868211,AP26000056000405294504101643,1,46.574334,26.348799
889156,AP26006771002102554504101643,1,46.451524,25.246157999999998
842331,AP26001385000412355504101643,1,46.5263,25.005453
862760,DA26007699000001489804101643,2,44.3868,28.6675
881239,AP26030939001911048604101643,1,46.214605,26.135952
870042,AP26008224000101248904101642,1,46.389492,26.567762
578021,DA26001771001212303104101642,2,46.77996099999999,24.737994
872522,AP26031717000511280304101642,1,45.598535,26.716144
867356,AP26006221000302484004101642,1,44.65455599999999,24.399866
865848,AP26005305000303335804101642,1,45.017716,24.929545
16548,DC26006129000303067204101642,2,47.89743000000001,23.081881999999997
866370,AP26001059000201211904101642,1,47.034189,27.696011
257,DA26006927001012814204101642,2,46.710001,25.506284
728301,AP26006585000703308204101642,1,46.22433,25.694102
863323,AP26001797001500568804101641,1,45.349743,24.541439
886197,AP26000150001208994404101641,1,45.257306,25.454573
864073,AP26003783001800270304101641,1,46.10873999999999,26.328211
860806,AP26002585000202669004101641,1,47.206822,23.071422
182800,DA26001450000600420904101641,2,46.221533,27.696214
15875,DC26005969000212395804101641,2,46.307261000000004,25.837425
374203,DA26007207000400936704101641,2,45.979942,26.259546
831829,AP26006710001903155004101640,1,46.335996,26.032862999999995
472154,DC26002315001400653904101640,2,47.941718,23.902537
578021,DA26001771000812303104101639,2,46.77996099999999,24.737994
230644,DA26007987000209843904101639,2,45.29121899999999,25.725199
23118,DC26007493000000993104101639,2,43.848751,24.646183
856721,AP26000086000410991404101638,1,47.709071,26.603432
788276,DC26034044000012556904101638,2,45.68940899999999,27.17507
18474,DC26010274000403523804101638,2,45.89988,26.673867
549559,DC26030010000110376204101638,2,45.091631,23.606621
873332,AP26001196000002264504101637,1,44.503513,26.377844
877208,AP26021019001813308504101637,1,45.548932,26.483909
877194,AP26001522000101019204101637,1,47.566858,23.123625
15,DA26002165002501129904101637,2,46.42689099999999,25.387269
638,DC26000141000008801104101637,2,44.87979,24.841384
869409,AP26001287000200293204101637,1,46.721397,27.994384
6036,DC26002189000302172904101637,2,46.35269300000001,25.286644
6674,DA26002343000000399504101636,2,45.03436200000001,21.685575
848080,AP26001119000109306404101636,1,44.770961,25.32012
14148,DA26010998000405606204101636,2,46.30947,25.023800000000005
2555,DA26002307000200161904101636,2,45.885904000000004,27.421211
7006,DA26006414000300811604101636,2,46.656241,24.928511
62105,DA26015467000213259804101636,2,46.264108,24.977677
34107,DA26002259000100874704101636,2,45.081492,26.540533
270222,DA26003585000412547904101635,2,46.370591,25.770251
837544,AP26001455000102753504101635,1,47.619566,23.156656
9561,DC26006461000000816204101635,2,46.42934399999999,24.835093
4866,DA26002344000000198404101635,2,45.668059,28.071884
878043,DA26035203000313259704101635,2,47.945251000000006,23.087464
578,DA26002985000900442104101635,2,47.925439000000004,25.830282
12257,DA26003018000204891304101634,2,46.096633,27.266375
2564,DC26003820000100092004101634,2,45.34392499999999,26.216626
198838,DA26016158000905743404101634,2,46.33614500000001,25.524418
859736,AP26015954000305671604101634,1,44.903741,28.488277
748232,DA26033423000312313204101633,2,44.213413,28.590567000000004
284296,DA26024078000108190704101633,2,46.428256,28.206709
6887,DA26003569001600822604101633,2,45.146666,23.805555
864073,AP26003783001800270304101633,1,46.10873999999999,26.328211
869080,AP26002238000200379604101633,1,47.893854,25.412027
881243,AP26030939000511048604101633,1,46.230432,26.139517
15539,DA26002288000503392804101633,2,46.164094,26.729946
1736,DC26002218000000408504101633,2,45.193633,21.854483
10854,DA26007231000402780704101632,2,45.056728,24.376503
873332,AP26001196000102264504101632,1,44.503513,26.377844
865670,AP26007733002602135004101632,1,45.903349,26.340602
887006,AP26005632001000646804101632,1,45.582,26.544804
868034,AP26000087001901217104101632,1,47.81694100000001,25.736420999999996
8960,DA26006843002503609704101632,2,46.73994,25.528499999999998
875994,AP26001957001211301104101632,1,46.706231,25.075495
15,DA26002165002101129904101632,2,46.42689099999999,25.387269
854123,AP26007186001400934604101632,1,45.820665,26.208077
765394,AP26000105000201639104101632,1,45.248922,25.334852
467476,DC26007303000100954304101631,2,46.821322,25.536748
586599,DC26031012000310939804101631,2,47.540743,23.300944
858882,AP26011943000603708204101631,1,46.38962999999999,25.945793
755445,AP26027640000709551304101631,1,46.434576,25.494643
11047,DC26008372000112404704101631,2,45.926528,25.798387
868211,AP26000056001405294504101630,1,46.574334,26.348799
578021,DA26001771001212303104101630,2,46.77996099999999,24.737994
4208,DC26005454000409755604101630,2,45.424603,23.971981
6965,DA26002050000200054804101629,2,46.513962,25.155368
829547,AP26001183000001007904101629,1,45.963303,27.932719
4971,DA26003534000406534204101629,2,46.515229,25.156189
867993,AP26009319000101712904101629,1,44.837804,23.802058
848080,AP26001119000109306404101629,1,44.770961,25.32012
12646,DC26006016000000743704101628,2,44.613581,23.935738
133897,DA26018624000006654404101628,2,44.89616900000001,28.574902999999996
857022,AP26002238000300379604101628,1,47.894163,25.410299
859736,AP26015954000905671604101628,1,44.903741,28.488277
3740,DC26003755000100075404101628,2,45.251831,26.339325
865168,AP26010167001611521204101628,1,46.688337,25.680904
19665,DC26004464000100324704101628,2,45.109375,24.931151
448445,DC26026595000508965004101628,2,44.389152,27.843026999999996
880541,AP26009319000001712904101627,1,44.840386,23.803928
12813,DC26000151000100783504101627,2,46.494379,26.374675
408931,DC26027472000009487504101627,2,44.083267,27.954663999999998
6687,DA26007193000102922004101627,2,45.980663,26.254852
586599,DC26031012000310939804101627,2,47.540743,23.300944
881242,AP26030939000511048604101626,1,46.214279,26.135968000000002
4198,DA26006571000302096404101626,2,46.045911,26.043962000000004
867751,AP26014403000705169104101626,1,44.14858999999999,27.096561999999995
837544,AP26001455000402753504101626,1,47.619566,23.156656
25770,DC26002806000010499504101625,2,46.387571,27.551164
863006,AP26000307000102223704101625,1,47.433702,26.475769
578021,DA26001771000812303104101624,2,46.77996099999999,24.737994
429343,DA26028050000411131904101624,2,44.992245,24.084853999999996
-1,LA26030939000111047604101623,10,46.23149871826172,26.101499557495117
640905,DA26031782000211302204101622,2,47.024081,26.867888000000004
801412,AP26001788000104848104101622,1,44.966224,24.611128
816207,AP26003861001409580304101622,1,45.220445000000005,26.493576
810919,AP26004305001612766404101622,1,46.129708,26.030469999999998
821222,AP26006298001200801004101622,1,44.945041,24.645144
875994,AP26001957001111301104101622,1,46.706231,25.075495
888573,AP26026888001309093704101622,1,46.70021599999999,26.473976000000004
790126,AP26001708000204309704101621,1,45.471013,24.333821
37840,DC26010655000009671904101621,2,47.157436,22.509579
11047,DC26008372000112404704101621,2,45.926528,25.798387
693435,DA26006891000400869104101620,2,46.44085900000001,25.750965999999995
872220,AP26001640000103620904101620,1,46.992241,27.824141
135158,DA26018892001112676604101619,2,45.150132000000006,23.647180000000002
879804,AP26001797001609342004101619,1,45.413682,24.541684
865670,AP26007733001702135004101619,1,45.903349,26.340602
514429,DA26005920001100721104101619,2,45.797186,26.619873
810919,AP26004305001701727004101618,1,46.129708,26.030469999999998
865750,AP26001558000300579204101618,1,45.93571200000001,25.472894999999998
430433,DA26004323000103272704101618,2,45.563965,21.210798
816207,AP26003861001409580304101618,1,45.220445000000005,26.493576
794927,DA26007836000301064904101617,2,46.125099,25.603881
12069,DC26010460000403191604101617,2,46.34841599999999,25.525674
7076,DC26008579000402564304101617,2,45.166388000000005,23.964469999999995
204294,DC26019985000007192704101617,2,45.197812,26.969874
875620,AP26019527000207005004101617,1,46.921806,27.085489
865545,AP26008372001608996704101617,1,46.013073,25.785798
869325,AP26008207000401241704101617,1,46.258345999999996,25.621944
448445,DC26026595000508965004101617,2,44.389152,27.843026999999996
578021,DA26001771001212303104101617,2,46.77996099999999,24.737994
13874,DA26008104000612637304101616,2,46.358689,25.546988
3827,DA26000705000200012504101616,2,47.202543,26.998848
711496,DA26001979000000230204101616,2,45.74224999999999,25.75774
882813,AP26006626000300837504101616,1,46.511036,24.635566999999998
189885,DA26016106000107277604101616,2,46.585836,25.084481999999998
24239,DC26005534000000606404101616,2,45.622633,27.794537000000002
765394,AP26000105000101639104101616,1,45.248922,25.334852
388100,DA26020292001107279004101616,2,47.578666,24.420423
862069,AP26006405000203807804101615,1,46.36639399999999,24.848620999999998
888428,AP26025563001808579204101615,1,44.891882,23.312144
883814,AP26001723000602815504101614,1,44.873391,28.487617
829007,DA26008901000201530304101614,2,46.595111,23.462264
879019,AP26002482000301970104101613,1,47.027309,27.188261999999998
884564,AP26002598000201426104101613,1,47.13696,22.930123
863838,AP26010620000810112404101613,1,46.607553,25.92389
13853,DC26005600000100634304101613,2,45.251271,24.652018
878641,AP26001261000100106904101612,1,46.107829,27.300069
774365,AP26024695000208355804101612,1,47.055273,27.732523
865750,AP26001558000300579204101612,1,45.935712,25.472895
6983,DC26006583000000832204101612,2,45.639918,25.420572
5082,DC26002656000109682404101612,2,46.210146,26.659076
837265,AP26004789000800419504101612,1,45.154411,28.530780000000004
8615,DA26007281000000948604101612,2,44.064534,28.220642
825378,AP26005107000900508504101611,1,45.092128,25.113284000000004
870118,AP26003239000310481604101611,1,46.644081,25.249739
858133,AP26001043001206549704101611,1,46.767609,26.73857
4463,DA26007733000101035604101610,2,45.928407,26.273373000000003
810,DA26006564000310480604101610,2,47.158208,22.726786
828272,AP26003239001003053504101610,1,46.601623999999994,25.170062
9908,DA26007670000001018704101610,2,43.876535,25.933456000000003
858448,AP26008579000913274604101610,1,45.211163,23.942588
3401,DA26002104002701960804101610,2,46.616994,25.808225000000004
191,DC26003110005000058304101609,2,46.857105,25.430965
866294,AP26001357000001804404101609,1,46.606818,27.491903
869595,AP26001439000701108004101609,1,46.518011,25.442065
25720,DA26012511001004209004101609,2,46.307544,25.944878
19137,DC26011990000005787004101609,2,45.8717,25.801371
12185,DC26010640000102923904101609,2,46.497861,25.750666
873956,AP26010500001703976904101609,1,46.26019,25.986453
801412,AP26001788000104848104101608,1,44.966224,24.611128
883496,AP26006090000202628004101608,1,46.623428,25.479339
4430,DA26003798000202126604101608,2,45.872401,26.18813
17580,DA26001147000300555404101608,2,47.437439,24.411558
874789,DA26023452000408026404101608,2,44.635648,22.605685000000005
821618,AP26001497000003132404101608,1,46.769315,27.39499
848977,AP26009680001402342704101608,1,45.10601499999999,24.592324
873765,DA26035264000113286604101608,2,47.61115900000001,23.056726
799602,AP26001630000100360404101608,1,46.51394,24.890738
11047,DA26008372000112404804101607,2,45.926528,25.798387
865526,AP26003754002400075104101607,1,45.692438,26.37143
885973,AP26005882000100712004101607,1,47.461425999999996,26.691715
858133,AP26001043001406549704101607,1,46.767609,26.73857
810065,AP26033172000312445504101607,1,45.125836,24.966752
6687,DA26007193000402923404101607,2,45.980663,26.254852
888556,AP26002650001202576004101606,1,46.330706,26.388837
821618,AP26001497000403132404101606,1,46.769315,27.39499
879300,DA26029768000410280704101606,2,45.977343,26.554877
854,DC26008373000003687204101605,2,44.39694,26.12373
878853,AP26004176000303971204101605,1,47.353987,22.975906999999996
887105,AP26000287000307065704101605,1,47.301137000000004,26.143818999999997
868214,AP26000142000106881104101605,1,44.743137,25.374845
865526,AP26003754002100075104101605,1,45.692438,26.37143
448445,DC26026595000508965004101605,2,44.389152,27.843026999999996
870381,AP26008070000603506004101604,1,46.092423,25.989685999999995
511152,DA26029465000210542904101604,2,46.753005,23.847456000000005
885613,DA26035482000113404904101604,2,47.00903,26.89036
603035,DC26031324000011102104101604,2,46.771395000000005,27.789381000000002
856,DC26008373000011856204101604,2,45.70376,21.18262
864250,AP26007792000213517604101604,1,45.212162,23.48795
578021,DA26001771000812303104101604,2,46.77996099999999,24.737994
858133,AP26001043000706549704101604,1,46.767609,26.73857
2590,DC26007084000000908504101604,2,46.320368,26.547882
879380,AP26001176000400592804101604,1,45.611686,27.49616
12095,DA26003239000105144304101603,2,46.51453,25.15759
869900,AP26010069000102527804101603,1,44.433577,25.514452
866988,AP26004877000200449704101603,1,45.789512,27.004679999999997
78444,DC26017742000606344604101603,2,45.903421,26.860752
829547,AP26001183000101007904101603,1,45.963303,27.932719
852573,AP26002639001906092704101603,1,46.151581,27.060262000000005
829196,AP26001147000406474204101603,1,47.49503000000001,24.485955
578021,DA26001771000612303104101602,2,46.77996099999999,24.737994
882204,AP26006099000708753604101602,1,46.660549,25.72308
788276,DC26034044000312556904101602,2,45.68940899999999,27.17507
858879,AP26011943002103708204101601,1,46.397331,25.979883
4623,DA26005908000301151604101601,2,45.85969,26.777445
875600,AP26006634000400840404101601,1,44.636707,23.228501000000005
868897,AP26001623000308384504101601,1,44.770603,23.300714
9325,DC26010120000002386104101601,2,46.380838,25.74305
873956,AP26010500001703976904101601,1,46.26019,25.986453
472154,DC26002315001400653904101601,2,47.941718,23.902537
9525,DA26008235000302814404101601,2,45.829656,26.12333
6440,DC26001971001000230104101600,2,44.928258,25.479612
579279,DC26000141000003214704101600,2,46.175145,21.373896
820832,AP26004740000600408304101600,1,45.225478,26.340582
793771,AP26030939000411048604101600,1,46.210281,26.138207000000005
862892,AP26008602000405301404101600,1,44.660233,26.438753000000002
848977,AP26009680001402342704101559,1,45.10601499999999,24.592324
887037,AP26001809000400118704101559,1,45.360336,25.104623
852573,AP26002639001706092704101559,1,46.151581,27.060262000000005
814885,DA26034330000012723204101559,2,44.439274,26.184081
832329,AP26001413000113330404101559,1,46.337035,25.157417
740985,DA26001957000801817904101559,2,46.780067,24.73267
881594,AP26001394002800164404101558,1,46.600986,25.659049999999997
845252,AP26001630000100360404101558,1,46.502892,24.90023
15546,DA26002586000100373204101558,2,45.012381,24.018692
770532,AP26003224000201998904101558,1,46.69866,23.234289
837265,AP26004789000300419504101558,1,45.154411,28.53078
1093,DA26004409000700298504101558,2,46.67272599999999,25.561666
811858,AP26000067000102603504101558,1,46.6219,27.067168
469043,DC26006564000312601504101557,2,47.194218,22.715023
833264,AP26000114000101051104101557,1,45.004177,25.348928
1087,DA26003173000510322904101557,2,46.262498,25.880343999999997
859969,AP26000084000201642804101557,1,47.863127,26.400845
843504,AP26005725000300681004101557,1,45.075269,25.048517
833505,AP26001253000007017404101557,1,46.435188,27.620487
5330,DA26000123000111363004101557,2,45.17676600000001,25.949542999999995
885973,AP26005882002000712004101556,1,47.461425999999996,26.691715
7595,DC26008221002401247004101556,2,45.139318,23.983085
16392,DC26005203000400525304101556,2,45.861169,26.781166
733914,DA26007181000400934104101556,2,45.822488,25.872801999999997
871883,AP26028678000209918504101556,1,47.80871,25.563071999999995
886272,AP26000356000201127404101555,1,44.80807,25.246409
448445,DC26026595000508965004101555,2,44.389152,27.843026999999996
801412,AP26001788000104848104101555,1,44.966224,24.611128
842947,AP26002239000000769204101554,1,45.608294,26.575318999999997
880449,DA26015035000305351004101554,2,47.545170000000006,25.829799999999995
812539,DC26002884000005559704101554,2,47.65755,23.671489
427828,DC26023540000208044804101554,2,45.237112,26.872753
3924,DA26007152000303097404101553,2,45.947354,26.200757
865545,AP26008372001703354504101553,1,46.013073,25.785798
38218,DA26000871000900321804101553,2,47.552411,25.677258
216572,DA26020575000107362704101552,2,44.153481,24.42456
888556,AP26002650001102576004101552,1,46.330706,26.388837
866294,AP26001357000001804404101552,1,46.606818,27.491903
881594,AP26001394001800164404101551,1,46.600986,25.659049999999997
875688,AP26003974000407165404101551,1,45.232492,28.314879
7058,DA26000148000100786204101551,2,46.15394899999999,26.726232999999997
6448,DC26008388000112429604101551,2,44.114067,25.003146
1891,DA26000141000011977004101551,2,47.665221,26.272473
885973,AP26005882001600712004101550,1,47.461425999999996,26.691715
883814,AP26001723000602815704101550,1,44.873391,28.487617
6341,DA26003562001909704804101550,2,45.75393,27.064304000000003
873584,AP26002640002212649104101550,1,46.582447,26.315466
887466,AP26000353000200552304101550,1,44.931138,25.353531
916,DA26004384000112630604101550,2,46.351458,25.129271
832557,AP26001821000003616004101550,1,44.960046,24.677545
887706,AP26002239000300769204101550,1,45.613533,26.559105
578021,DA26001771000712303104101550,2,46.77996099999999,24.737994
2108,DA26004305000401712804101549,2,46.03779599999999,26.058978
865648,AP26001791000205230704101549,1,45.103757,24.682655
864726,AP26015960000305672904101548,1,44.144993,26.123054
1955,DC26000141000008813204101548,2,45.867459,22.923639
820130,AP26000353000100556904101548,1,44.954189,25.373678
66724,DA26009269000101680304101547,2,47.31380099999999,22.179533000000003
869595,AP26001439000801108004101547,1,46.518011,25.442065
869115,DA26035151000213272404101547,2,45.984488,26.781404999999996
883880,AP26000083000111229404101547,1,48.168477,26.412534000000004
889378,AP26001424000402720904101547,1,46.357351,25.591285
9676,DC26000230000500427204101547,2,47.414712,25.911953999999998
6341,DA26003562001809704804101547,2,45.75393,27.064304000000003
1892,DC26000141000008829204101547,2,45.767216,21.236519
191,DC26003110005500058304101547,2,46.857105,25.430965
359356,DC26007216000000938204101546,2,45.947876,26.219088
881092,AP26006616000300836404101546,1,46.566723,24.656046
17165,DA26006455000200815604101546,2,45.65734,21.003757
832661,AP26004487000100326504101546,1,46.220777,26.551712999999996
866932,AP26002050001302561304101546,1,46.560847,25.202313
772766,AP26000130001500963404101545,1,47.61656,25.861983
875766,AP26001333000301149604101545,1,47.562695,24.442624
873954,AP26010205001302483704101545,1,46.32477,26.123537
771593,AP26000730000202110104101545,1,47.008387,27.495447
888206,AP26007220001302386604101544,1,47.27821600000001,25.174907
866333,AP26001183000301008304101544,1,45.962131,27.99806
801412,AP26001788000004848104101544,1,44.966224,24.611128
879529,AP26007046001105296204101544,1,46.441653,24.742547
881092,AP26006616000503541404101544,1,46.566723,24.656046
867323,AP26002929000003691004101544,1,44.940076,23.126382
871515,AP26000067000110054104101544,1,46.726973,27.073915
549559,DC26030010000210376204101544,2,45.091631,23.606621
780383,AP26001821000312512604101544,1,45.023968,25.085242
885067,AP26001800000101075504101544,1,44.888281,24.970645
748090,DC26003585000201119704101544,2,46.300676,25.283705
700610,DC26020410000007324104101543,2,45.290368,26.748412
11926,DA26010197000203038704101543,2,46.342025,25.810457
827678,DA26001762002100158304101542,2,46.959319,25.219418
44916,DC26008373000007433904101542,2,44.922224,25.430704
19905,DC26006668000104148904101542,2,46.37825,25.359153000000003
859969,AP26000084000101642804101542,1,47.863127,26.400845
257,DA26006927001012814204101542,2,46.710001,25.506284000000004
889378,AP26001424000502720904101542,1,46.357351,25.591285
798961,AP26001497000203132404101541,1,46.776591,27.377634
728301,AP26006585000403308204101541,1,46.22433,25.694102
867,DC26008373000005763104101541,2,44.963583,25.967882
866544,AP26010998001707394204101541,1,46.380727,24.882859
864584,AP26006081002013322604101541,1,47.37211,25.933775
4971,DA26003534000006534204101541,2,46.515229,25.156189
578021,DA26001771000812303104101541,2,46.77996099999999,24.737994
839719,DA26017322000412908204101541,2,46.412994,21.983031
3682,DC26005392000100551304101540,2,45.15913700000001,25.767831
7175,DC26006694000500847004101540,2,46.534263,25.118856000000005
161051,DA26019243000312435504101540,2,44.381159,25.009340999999996
865988,AP26000103000201421704101540,1,45.112282,26.129799000000002
872737,AP26003534001106537904101540,1,46.57092500000001,25.231859
1838,DC26000141000008812404101540,2,44.29029,23.84829
638583,DA26031624000111251704101539,2,45.126696,23.793702
868718,AP26005069001710854804101539,1,44.924941,24.929655
1880,DC26003990000505061504101539,2,46.623462999999994,27.751804000000003
879273,AP26019061000206800104101539,1,47.654587,23.763565
820738,AP26032633000211898004101539,1,45.217684999999996,26.574244000000004
870118,AP26003239002610481604101539,1,46.644081,25.249739
884564,AP26002598000101426104101539,1,47.13696,22.930123
877817,AP26001742000812346204101539,1,44.499722999999996,22.791361
823550,AP26001439001501091804101539,1,46.579298,25.382493999999998
873153,AP26004995002302446504101539,1,46.460562,25.6738
865289,AP26007244000202360104101538,1,45.89362,26.2127
873382,AP26002255001111233304101538,1,45.513389999999994,25.770652
578021,DA26001771001312303104101538,2,46.77996099999999,24.737994
21771,DC26010696000304698504101538,2,45.708543999999996,27.169043
3401,DC26002104003901960804101538,2,46.616994,25.808225000000004
884637,AP26016106001306063104101538,1,46.358912,24.863028
39354,DC26012199000106967004101537,2,44.710314000000004,27.105608
879306,AP26006078001000755104101537,1,46.473417000000005,25.644302
12357,DC26010526000102833904101537,2,46.29350300000001,25.036543000000005
858219,DA26034875000212992704101537,2,45.02961,26.508890000000005
262,DA26000702000107572004101537,2,46.988363,27.469647
14294,DC26004714000210414604101537,2,44.998008,23.874748
889378,AP26001424000602720904101537,1,46.357351,25.591285
448445,DC26026595000508965004101537,2,44.389152,27.843026999999996
6440,DC26001971000800230104101537,2,44.928258,25.479612
322040,DA26003861000000112004101537,2,45.384793,27.066886
884637,AP26016106000806063104101536,1,46.358912,24.863028
30447,DC26013698000804924104101536,2,46.8785,26.663
837265,AP26004789000300419504101536,1,45.154411,28.53078
388494,DC26009241000101662704101536,2,44.264492999999995,24.526116
578021,DA26001771002605792704101536,2,46.77996099999999,24.737994
16492,DC26006988000002051204101536,2,44.602541,26.069586
870333,AP26000067000002607104101535,1,46.61791,27.062971
868214,AP26000142000306881104101535,1,44.743137,25.374845000000004
760002,AP26000065000108326004101534,1,46.298082,26.927947
735477,AP26001450000209981604101534,1,46.51948000000001,27.539778
864861,AP26006897000403075304101534,1,46.461713,24.986717
873954,AP26010205001402483704101534,1,46.32477,26.123537
251870,DA26023011000310140304101533,2,46.580173,25.792683999999998
19296,DC26004506001300331204101533,2,44.517355,25.232098
880979,AP26004995000702446504101533,1,46.4723,25.702885
872737,AP26003534001506537904101533,1,46.57092500000001,25.231859
9619,DA26004598000500366004101532,2,46.79802,21.68664
868718,AP26005069001710854804101532,1,44.924941,24.929655
862419,AP26001497000102431304101532,1,46.725019,27.272808
844451,AP26001389000404798404101532,1,46.007802,25.929698
1997,DA26000141000003177004101531,2,47.197022,23.060713
1859,DC26000141000006771204101531,2,46.081894,23.573742
866362,AP26000231000407591304101531,1,46.95842100000001,27.098277
863459,AP26001621001200211104101531,1,46.11547199999999,25.424021999999997
865,DC26008373000001566004101531,2,44.383981,26.001914
882919,AP26032393001511602104101531,1,46.16756999999999,25.529062999999997
11817,DC26005775000000695304101531,2,44.577185,27.387979
4393,DC26009220000201654204101531,2,44.782593,23.294945
885411,AP26001220000201273904101531,1,44.208031,24.940119
807450,AP26024586000008398104101530,1,45.024431,23.925716
862562,AP26000167000401514004101530,1,46.147056,26.550712
842966,AP26001532000111912504101530,1,45.018186,24.199254
771593,AP26000730000102110104101529,1,47.008387,27.495447
398115,DC26027197000411522604101529,2,46.23711,27.681186
889378,AP26001424000502720904101529,1,46.357351,25.591285
-1,LA26001299000703180804101529,10,45.93629837036133,25.763399124145508
-1,LA26001219000204084304101529,10,45.78030014038086,26.721399307250977
726944,AP26002043000202665804101529,1,46.56952900000001,25.199549
883264,AP26000130000100961604101529,1,47.666068,25.746473
806811,DC26034232000212670304101529,2,46.23005800000001,26.499343
881356,AP26004414001708946504101528,1,46.743764,25.294208
6036,DC26002189000102172904101528,2,46.352692999999995,25.286644
25471,DC26002712000000258404101528,2,47.415848,22.919519
542659,DA26029972001310362804101528,2,44.183093,26.368144
19863,DC26006094000500759204101528,2,46.577098,25.799822000000002
14148,DA26010998000405606204101528,2,46.30947,25.023800000000005
472154,DC26002315001200653904101528,2,47.941718,23.902537
861255,AP26005518000402993604101528,1,44.459505,24.170948
862589,AP26001413000313330404101528,1,46.326636,25.158085
888914,AP26000367000502712504101528,1,44.911234,25.370422
12095,DA26003239000106520004101528,2,46.51453,25.15759
859736,AP26015954000305671604101527,1,44.903741,28.488277
844451,AP26001389000404798404101527,1,46.007802,25.929698
15633,DA26000824000100426604101527,2,47.31719999999999,25.139904
745455,DA26016106000207277604101527,2,46.42505,24.866686
126304,DC26018358000509034704101527,2,47.939618,25.639607
15035,DA26011196000903357904101527,2,46.359724,25.176689
804937,AP26001791000205085104101527,1,45.03191,24.661545
19866,DC26011954000003717104101527,2,44.620957,23.195719
1438,DA26001970000302849804101526,2,46.95030599999999,23.894362
578021,DA26001771001312303104101526,2,46.77996099999999,24.737994
5123,DC26001862000002416404101526,2,44.352993,24.099048
8615,DA26007281000100948604101526,2,44.064534,28.220642
883014,AP26001439000301104704101526,1,46.469846999999994,25.521069
882813,AP26006626000400837504101526,1,46.511036,24.635566999999998
4771,DA26001091000702170304101526,2,46.908877999999994,27.354794
578021,DA26001771000812303104101525,2,46.77996099999999,24.737994
3017,DA26006846000300863604101525,2,46.302527,25.841449
882714,AP26000103000101416104101525,1,45.234752,26.150138
827834,AP26000568000700141804101525,1,45.160221,25.753925
878162,AP26002639000000655604101525,1,46.186113,26.894275
774314,DC26006988000012727704101524,2,45.723973,21.282091
8067,DA26009014000601591004101524,2,46.273594,23.054556
640905,DA26031782000111302204101524,2,47.024081,26.867888000000004
1087,DA26003173000110322904101524,2,46.262498,25.880343999999997
469768,DC26028915000109993204101524,2,47.359012,26.202279
844451,AP26001389000204798404101524,1,46.007802,25.929698
810,DA26006564000110480604101523,2,47.158208,22.726786
551478,DC26030161000210452004101523,2,43.888979,23.199724
884295,AP26001299000203119104101523,1,45.882549,25.732835
416261,DC26027720000009581104101523,2,47.76924,27.009293
860,DC26008373000001633604101523,2,46.50916,24.50896
12095,DC26003239000000024604101523,2,46.51453,25.15759
842907,DA26008685000501432304101523,2,46.430541,24.661731
6965,DA26002050000200054804101523,2,46.513962,25.155368
888830,AP26033133000212164404101523,1,44.807873,25.175776
5223,DC26007198000400935804101522,2,45.96415,26.03506
5000,DC26002090000500781204101522,2,46.707944,23.332992
519972,DC26000286000102217404101522,2,46.974123,26.926757
7260,DC26008281000406332604101522,2,47.549004,25.887908999999997
880058,AP26008650000201417604101522,1,44.774425,27.856193
114653,DC26018232000106536404101522,2,44.807080000000006,23.293604
12257,DC26003018000104891304101521,2,46.096633,27.266375
803178,AP26001176000300637704101521,1,45.72626399999999,27.026899
874602,AP26001435000313113404101521,1,47.277151,22.164464999999996
848642,AP26001413000901163304101521,1,46.191328,25.467923
888830,AP26033133000212164404101521,1,44.807873,25.175776
251727,DA26007943000206612604101521,2,44.398745,28.661484
1966,DC26000141000008806304101520,2,47.78512,22.84004
733508,AP26001478000111230804101520,1,47.899493,23.571319
7031,DC26000782000301577004101520,2,47.29173599999999,26.666809
9525,DA26008235000302814404101520,2,45.829656,26.12333
1182,DC26008636000201571504101520,2,44.137357,25.318994
827834,AP26000568000500141804101520,1,45.160221,25.753925
409237,DA26027562002109520604101520,2,46.483962,26.507706
1838,DC26000141000008812404101519,2,44.29029,23.84829
864623,AP26001413000513330404101519,1,46.349453,25.191744
865750,AP26001558000300579204101519,1,45.935712,25.472895000000005
888799,AP26004738001701296804101519,1,47.283448,25.83542
866348,AP26001439003901108004101519,1,46.543453,25.454015
14420,DA26007068000300902404101519,2,46.741944,25.54599
437263,DA26004619000013099904101519,2,45.078837,27.285626
863066,AP26014179000205086704101519,1,46.228791,26.596109
571782,DA26004151000100303704101519,2,45.833949999999994,23.034427000000004
5856,DA26009601000202566504101519,2,44.688985,22.697964
2108,DA26004305000411951104101519,2,46.03779599999999,26.058978
868775,AP26004104000713496004101519,1,46.37212300000001,27.176895
380662,DA26026440000008917104101518,2,44.787323,24.230701
15546,DA26002586000100373204101518,2,45.012381,24.018692
877817,AP26001742001001042604101518,1,44.499722999999996,22.791361
712487,DA26000703000412237004101518,2,47.949909,26.854715
814877,DC26034330000012730104101518,2,45.630683,25.640183
770697,DA26023206002607961604101518,2,46.967725,25.193921
791589,AP26001308000200468604101518,1,44.879764,27.477945
869763,AP26027703000009576604101518,1,46.531029,27.940066
867049,AP26000935002601949704101517,1,47.145652000000005,26.172167
885281,AP26001821000508014204101517,1,44.998836000000004,25.107963
3735,DC26008282000302812804101517,2,46.371366,26.501388000000002
6829,DC26004645000000380204101517,2,46.236867,27.680816000000004
22220,DC26004755000100410904101517,2,44.784972,24.899912
9067,DA26007192001706755904101517,2,45.865852,25.815569
11438,DA26004323000103272704101517,2,45.564662,21.209195
30447,DA26013698001204924104101517,2,46.8785,26.663
856,DC26008373000011856204101517,2,45.70376,21.18262
693435,DA26006891000200869104101517,2,46.44085900000001,25.750965999999995
885626,AP26001562000301203204101517,1,45.052057,24.431249999999995
2564,DC26003820000300092004101516,2,45.34392499999999,26.216626
804937,AP26001791000205085104101516,1,45.03191,24.661545
871394,AP26000356000101111404101516,1,44.862836,25.367767
837606,AP26003025000902668604101516,1,46.68162,25.763903
3110,DC26008495000301339604101515,2,47.372279,26.129251
886922,AP26001795000102680904101515,1,44.961345,24.874258
591849,DA26006674000000844304101515,2,45.870676,25.347838
858454,AP26006265000400797704101515,1,45.250102,24.57964
737855,AP26003677000300063704101515,1,45.718536,26.797837
31351,DC26004730000000534204101515,2,45.039628,24.9763
878543,AP26002305001511335004101514,1,46.125314,26.430075
888799,AP26004738001101296804101514,1,47.283448,25.83542
578021,DA26001771001312303104101514,2,46.77996099999999,24.737994
807450,AP26024586000308398104101514,1,45.024431,23.925716000000005
4012,DC26009201000103836504101514,2,46.073432,27.084144999999996
869763,AP26027703000009576604101514,1,46.531029,27.940066
14440,DC26004534000000335604101513,2,45.239617,24.773955
889346,AP26000105000201639304101513,1,45.20252,25.407702
12302,DA26005587000100628104101513,2,45.096425,24.804759
492398,DA26029186000010078704101513,2,43.955657,24.172167
7033,DC26010089000102331804101513,2,45.188714,25.666403
864990,AP26001439002501091104101513,1,46.479083,25.357812
857535,AP26000130000000961604101513,1,47.679165,25.749726
4256,DC26004619000509808104101513,2,45.080819,26.641502
490,DC26002209000001237604101513,2,46.125304,25.602832
595,DA26007044000400890904101512,2,46.445528,25.846111
581726,DC26030895000010849304101512,2,44.974312,24.960573
11430,DC26000111000503011504101512,2,44.895735,25.50659
2505,DC26003731003500071804101512,2,45.553987,26.919412000000005
874442,AP26025766000208631204101512,1,46.020172,27.000667000000004
863171,AP26001069000001069804101512,1,46.788157,27.251493
34107,DA26002259000200874704101512,2,45.081492,26.540533
7349,DC26002870000102637704101512,2,47.799290000000006,22.971919
1117,DA26001936000101316304101511,2,46.66011,24.9356
867229,AP26001303000705256504101511,1,44.882895,27.929622
851985,AP26001460000311161004101510,1,46.69119,24.770172
878159,AP26008194001701237304101510,1,46.179518,25.482149000000003
16489,DC26006988000002049004101510,2,44.435343,25.959586
869763,AP26027703000209576604101510,1,46.531029,27.940066
22870,DC26012543000004037504101510,2,45.29235400000001,25.1199
5241,DC26006267000100797804101510,2,44.521502,25.239862
578021,DA26001771000812303104101510,2,46.77996099999999,24.737994
867049,AP26000935001701949704101510,1,47.145652000000005,26.172167
875806,AP26001357000009571004101510,1,46.581462,27.576901
12185,DC26010640003602923904101510,2,46.497861,25.750666
707321,AP26002640001712649104101509,1,46.618958,26.233111999999995
22014,DC26008667000409837604101509,2,44.36991,26.08914
9370,DC26006090000202628004101509,2,46.59751,25.800292
852,DC26008373000001620004101509,2,44.489992,26.015496
19159,DC26011151000011741204101509,2,46.59226,26.982254
864990,AP26001439002101091104101509,1,46.479083,25.357812
862560,AP26000167000201514004101508,1,46.148348,26.531138
870153,AP26000083000101944404101508,1,48.195613,26.493044
490,DC26002209000001237604101508,2,46.125304,25.602832
4198,DA26006571000302096404101508,2,46.045911,26.043962000000004
887017,AP26025766001008631204101508,1,46.017133,26.998908
878159,AP26008194001501237304101507,1,46.179518,25.482149000000003
2532,DC26009397000101752504101507,2,47.777121,22.859472
3754,DA26008780000701472804101507,2,46.97613900000001,25.71303
865071,AP26000173000701816104101507,1,46.096846,26.746632
872994,AP26000287000209963304101507,1,47.375174,26.20232
809085,AP26002722000100570704101507,1,46.46772,22.589974
4085,DA26006848000100864304101507,2,45.850692,27.750939
5130,DA26003454000000271104101507,2,45.384505,23.327968
865481,AP26006845000105358704101507,1,45.661532,27.012379999999997
863176,AP26010145000302423304101507,1,46.90015,27.042255
197760,DC26019775000107120004101507,2,45.925072,27.439172
868071,AP26000086000001273704101506,1,47.578971,26.676468
2555,DC26002307000100161904101506,2,45.885904000000004,27.421211
7108,DC26000206000203007904101506,2,45.193198,25.442276000000003
15855,DC26009494000103807404101506,2,44.332778,26.078904
816710,AP26003705000400439004101506,1,44.916748000000005,22.757391
519732,DA26000201004500234104101506,2,47.552359,25.940927
4866,DA26002344000000198404101505,2,45.668059,28.071884
868827,AP26001175000102208704101505,1,46.639194,25.43345
203168,DA26006884000002846304101505,2,45.86603,27.239384
1117,DA26001936000201316304101505,2,46.66011,24.935599999999997
876728,AP26031967001811378204101505,1,47.09303,27.589505
274,DC26007967000410342004101505,2,47.96831,26.355951
551478,DC26030161000110452004101505,2,43.888979,23.199724
703960,DA26004967000300471104101504,2,47.236763,26.077194000000002
845170,AP26001208000201427204101504,1,44.119353,26.028901
19818,DC26010534000609927404101504,2,46.357869,25.507287
12846,DA26010785000203036204101504,2,45.418629,26.307503
6195,DA26001717000309894404101504,2,47.497961,23.242406
707891,AP26032507000311690904101504,1,46.079896999999995,26.84784
222139,DC26020807000007421904101504,2,46.504795,24.621981
858454,AP26006265000400797704101503,1,45.250102,24.57964
770697,DA26023206002007961604101503,2,46.967725,25.193921
887017,AP26025766000308631204101503,1,46.017133,26.998908
1071,DA26003542002712967404101502,2,46.815292,25.509992
543816,DA26029582000010206704101502,2,46.451868,26.644018
270222,DA26003585000412547904101502,2,46.370591,25.770251
669771,AP26001190000403404304101502,1,45.457719,27.701466
679622,DA26003725000402149704101502,2,45.440618,26.312109000000003
876860,AP26003731001201806204101501,1,45.580132,26.81456
888875,AP26003636003910488804101501,1,46.543215,25.264928
578021,DA26001771001812303104101501,2,46.77996099999999,24.737994
871957,AP26035151000213272404101501,1,46.037634,26.897024
7066,DA26002926000202571104101501,2,46.659934,24.936513
759013,AP26030939000111048804101500,1,46.283453,26.026567
8248,DA26001196000002279804101500,2,44.492382,26.354644
1984,DA26000141000008799604101500,2,46.563729,23.787289
6036,DC26002189000002172904101500,2,46.352693,25.286644
2076,DA26003783000100268704101500,2,46.050504,26.259232
2535,DA26000173000001816104101500,2,46.163702,26.726702
25720,DA26012511001304209004101500,2,46.307544,25.944878
4760,DA26006100000102164804101500,2,47.609652000000004,22.354922
722386,DC26032887000112058304101500,2,46.28539,25.28947
693435,DC26006891000200869104101458,2,46.44085900000001,25.750965999999995
869703,AP26003567001209537704101458,1,45.15802399999999,26.540239
851985,AP26001460000411161004101458,1,46.69119,24.770172
810919,AP26004305001701727004101458,1,46.129708,26.030469999999998
882248,AP26034855000212979404101458,1,44.953076,25.330023
859016,AP26008767000401467904101458,1,47.376298,23.12271
876728,AP26031967002011378204101458,1,47.09303,27.589505
879442,AP26007987001413426404101458,1,45.446812,25.711254
6195,DA26001717000209894404101458,2,47.497961,23.242406
39354,DA26012199000006967004101458,2,44.710314000000004,27.105608
878043,DA26035203000313259704101457,2,47.945251000000006,23.087464
182800,DA26001450000600420904101457,2,46.221533,27.696214
878543,AP26002305001711335004101457,1,46.125314,26.430075
881747,AP26016577001208390404101457,1,45.476427,26.227102
880267,AP26001255000103362004101457,1,45.198927,21.821497
869666,AP26003924000200296104101457,1,45.957545,23.039504000000004
12257,DC26003018000004891304101457,2,46.096633,27.266375
6687,DA26007193000202923404101457,2,45.980663,26.254852
12640,DC26004177000300204904101456,2,45.283655,26.582095
746541,DA26000096000100923604101456,2,45.161959,25.749846
8248,DA26001196000502279804101456,2,44.492382,26.354644
882206,AP26034667000813344504101456,1,46.646422,25.995343000000002
732059,AP26002692001201975804101456,1,45.204463,23.221873
748090,DC26003585000101119704101456,2,46.300676,25.283705
173,DC26003585000009643804101456,2,46.359445,25.516825
-1,LA26001591001700279304101455,10,45.386199951171875,24.29829978942871
5186,DA26006397000107394704101455,2,46.784461,24.790082
886153,AP26008210001512035504101455,1,46.487042,25.78961
373500,DA26008201000201240304101455,2,43.904528,25.454188
854128,AP26001357000101812804101455,1,46.727732,27.866546
20893,DA26002782000103586504101454,2,44.987376000000005,25.269448999999998
667464,DC26032090000311432904101454,2,46.214238,26.644201
863100,AP26000928000501106904101454,1,47.551614,25.625571999999995
36970,DA26006410000105334704101454,2,46.43017,24.663440000000005
817118,AP26000356000101126604101454,1,44.857998,25.306252
869703,AP26003567001009537704101454,1,45.15802399999999,26.540239
879442,AP26007987001413426404101454,1,45.446812,25.711254
652573,DC26003562000412409304101454,2,45.525676,27.150253000000003
578021,DA26001771000812303104101454,2,46.77996099999999,24.737994
882782,AP26006221000202484004101453,1,44.851779,24.403188
11394,DC26006941000403014804101453,2,45.713123,26.713284
4312,DC26001267002400826004101453,2,45.104733,23.608457
427828,DC26023540000108528304101453,2,45.237112,26.872753
884564,AP26002598000201426104101453,1,47.13696,22.930123
4848,DA26000374000201805204101453,2,47.529739,26.951016
881139,AP26001490000607766304101452,1,46.339133,25.703704
9028,DC26007242000202802304101452,2,45.105065,24.120526
863158,AP26000088000202274204101452,1,47.791036,27.070811
712968,DC26032700000311927604101452,2,44.18978,28.31997
2532,DC26009397000101752504101452,2,47.777121,22.859472
885613,DA26035482000213404904101452,2,47.00903,26.89036
80742,DA26002686001202861604101452,2,46.203314,26.661997
747237,AP26001821000107910904101452,1,44.969229000000006,24.690806999999996
874442,AP26025766001108631204101452,1,46.020172,27.000667000000004
818537,AP26001284000202449504101451,1,46.490314,25.047374
851985,AP26001460000411161004101451,1,46.69119,24.770172
21054,DA26005016000300481204101451,2,46.664393999999994,28.108961000000004
211475,DA26020314000307288904101451,2,45.452276000000005,27.531238
692864,DA26032373000111575004101451,2,44.689594,25.894812
717101,AP26000090000200381304101451,1,45.046818,25.934414
879924,AP26001623000102253104101451,1,44.87142500000001,23.436553
876621,AP26027105000109210104101451,1,45.904214,25.931731
11278,DA26002910000212351904101451,2,47.563641,27.205555
566,DA26008093000107325604101450,2,44.21745000000001,27.319158
851,DC26008373000001638704101450,2,47.043596,21.909012
889237,AP26004601001202846404101450,1,45.54333,26.501030000000007
849050,AP26001176000000593404101450,1,45.73485,26.921261
856786,AP26000066000401489304101450,1,46.316518,26.617469
866294,AP26001357000001804404101450,1,46.606818,27.491903
493524,DC26005808000401049404101450,2,46.52908,24.472304999999995
554218,DA26012968000311067204101450,2,45.912654,26.680084
885259,AP26001355000205628804101450,1,46.345628,25.103803
433678,DC26028194000009749204101449,2,46.139406,27.22154
1560,DC26008053000110259504101449,2,44.647307,27.63736
874789,DA26023452000208026404101449,2,44.635648,22.605685000000005
731569,AP26017899002706408404101449,1,45.585066000000005,26.331585
25770,DC26002806000010499504101449,2,46.387571,27.551164
4393,DC26009220000012826004101449,2,44.782593,23.294945
886153,AP26008210001312035504101449,1,46.487042,25.78961
21670,DC26006844000100863504101449,2,46.679566,25.574226999999997
20820,DC26001831000003958604101449,2,46.632766,27.592645
865753,AP26001183000100965704101449,1,45.785901,27.889626000000003
846862,AP26000100000101024204101449,1,47.761112,26.212851
652573,DC26003562000311367104101448,2,45.525676,27.150253000000003
8900,DA26010436000002951704101448,2,46.866419,25.442942
880480,AP26018848000306723404101448,1,44.474205000000005,23.991184
884228,AP26000051000302460504101448,1,46.37999,26.900566
785569,AP26001470000104355804101448,1,46.866629,25.00425
9561,DC26006461000002849604101448,2,46.429344,24.835093
879923,AP26001623000102253104101448,1,44.869519,23.422835000000003
882813,AP26006626000300837504101448,1,46.511036,24.635566999999998
881139,AP26001490000407766304101448,1,46.339133,25.703704
10820,DC26007897000001103604101447,2,46.078983,25.576713
36726,DC26014531000006319904101447,2,47.695665,22.438171
854128,AP26001357000001812804101447,1,46.727732,27.866546
888044,AP26003562003310948404101447,1,45.378272,28.018428
728921,AP26000103000201416104101447,1,45.22979,26.167393
810919,AP26004305001312766404101447,1,46.129708,26.030469999999998
7066,DA26002926000202571104101446,2,46.659934,24.936513
4494,DC26002211000502122404101446,2,45.322309999999995,26.35515
849050,AP26001176000100593404101446,1,45.73485,26.921261
231648,DC26017950000206426604101446,2,46.599759,26.100811000000004
881815,AP26000374001013403904101446,1,47.618432000000006,26.811137
881376,AP26000082000202322904101446,1,47.774717,26.460172
293970,DC26024659000213166504101446,2,45.482478,26.585045
764127,AP26001287000000299904101446,1,46.55211,27.92332
3411,DC26007107005300914704101446,2,47.326637,27.502025
252047,DC26003010000310800504101445,2,47.044839,23.916929
887884,AP26006369001306075604101445,1,45.146407,22.793251
4971,DA26003534000002229104101445,2,46.515229,25.156189
785569,AP26001470000604355804101444,1,46.866629,25.00425
578021,DA26001771001812303104101444,2,46.77996099999999,24.737994
869073,AP26024197000208222604101444,1,46.27589700000001,26.382586
8764,DC26008070000103506004101444,2,46.036975,26.051396
730531,DC26033098000512152504101444,2,47.669758,26.438896
9561,DC26006461000000816204101444,2,46.42934399999999,24.835093
856786,AP26000066000301489304101444,1,46.316518,26.617469
865473,DA26011117000412658104101444,2,46.555319,25.770037
249829,DC26022926000507885504101444,2,44.739653,23.231695
7755,DC26000132000209878004101444,2,44.60596999999999,25.54895
7085,DC26006771000402554504101443,2,46.38433799999999,25.217595
845170,AP26001208000201427204101443,1,44.119353,26.028901
16596,DC26001796000006105204101443,2,44.677099,23.377045
888696,AP26002595000202308304101443,1,47.263011,23.359742
3924,DA26007152000303097404101443,2,45.947354,26.200757
885217,AP26012069001403796604101443,1,46.947037,25.805193
863100,AP26000928000901106904101443,1,47.551614,25.625571999999995
857804,AP26004305000212766404101443,1,46.078734,26.018446
562733,DA26009802000305572804101442,2,46.689855,24.666857000000004
428,DA26007191000305789104101442,2,46.073822,25.571952999999997
869958,AP26033047000412133204101442,1,45.178018,23.001052
884654,AP26001664000300391704101442,1,46.934174000000006,27.062260999999996
886153,AP26008210003502300404101442,1,46.487042,25.78961
865289,AP26007244000202360104101442,1,45.89362,26.2127
849050,AP26001176000200593404101442,1,45.73485,26.921261
869971,AP26001299001703159904101442,1,45.90458,25.732727
855773,AP26004381003902228804101441,1,46.083954,26.076983
864250,AP26007792000213517604101441,1,45.212162,23.48795
32807,DA26007875000601094904101441,2,44.477672000000005,27.903046
885996,AP26003798001709951904101441,1,45.811792,26.200453999999997
112037,DA26006583000300832204101441,2,45.62776499999999,25.419285
875693,AP26000307000102326804101441,1,47.39498,26.49118
3060,DA26008297000201271804101441,2,47.911987,25.638320000000004
882919,AP26032393000712691304101441,1,46.16756999999999,25.529062999999997
10825,DC26003495000200322804101440,2,47.939889,25.640367
377924,DA26003567000302385804101440,2,45.26696999999999,26.68796
8615,DA26007281000100948604101440,2,44.064534,28.220642
13966,DC26011036000003249304101440,2,46.291362,25.040218
15,DA26002165000201129904101439,2,46.426891,25.387269
854128,AP26001357000001812804101439,1,46.727732,27.866546
879628,AP26001829000300272504101439,1,46.586352,27.681209
3059,DA26002541000100782704101439,2,46.545404,23.761434
3953,DC26008373000011513504101439,2,46.78071,23.63829
731569,AP26017899001906408404101439,1,45.585066000000005,26.331585
190272,DA26009710000302241304101439,2,44.682423,26.030137
869203,AP26005682002009878604101439,1,45.302147,24.147504
794927,DA26007836000301064904101439,2,46.125099,25.603881
865848,AP26005305000803335804101439,1,45.017716,24.929545
882489,AP26004395001501146204101439,1,45.894803,25.668940000000003
578021,DA26001771000812303104101439,2,46.77996099999999,24.737994
514429,DA26005920001100721104101438,2,45.797186,26.619873
863572,AP26000084000201700204101438,1,48.130451,26.35643
377924,DA26003567002102385804101438,2,45.26696999999999,26.68796
472154,DC26002315001500653904101438,2,47.941718,23.902537
848916,AP26001355000100324404101438,1,46.419281,25.106629
534566,DA26029826002112422604101438,2,46.377906,26.492828
1750,DC26000279003501144204101438,2,46.831036000000005,26.492811
766350,AP26001284001402424904101438,1,46.627964,25.286756
849050,AP26001176000100593404101438,1,45.73485,26.921261
4866,DA26002344000000198404101437,2,45.668059,28.071884
869971,AP26001299001503159904101437,1,45.90458,25.732727
93966,DA26018117000106493904101437,2,43.99265499999999,25.027942
884228,AP26000051000202460504101437,1,46.37999,26.900566
875815,AP26000068002302446904101437,1,46.482533,27.341384
801643,AP26000087001301193104101437,1,47.71102,25.687564
12616,DC26006692000411494204101436,2,46.514498,25.157496
885604,AP26005570002200619604101436,1,45.130596,24.679276
850696,AP26001228000105040204101436,1,44.386561,25.137224
1265,DA26007165000101173204101436,2,45.80384999999999,25.839216000000004
5563,DC26008983000001571704101436,2,46.886862,27.130342
863459,AP26001621000300211104101436,1,46.11547199999999,25.424021999999997
681875,DA26032265000211516204101436,2,45.668502,27.264627
1769,DA26000327000201608604101436,2,45.223726,25.906807
881514,AP26005682001909878604101435,1,45.285187,24.192506999999996
1736,DC26002218000100408504101435,2,45.193633,21.854483
377924,DA26003567002002385804101435,2,45.26696999999999,26.68796
868965,AP26032360002111571004101435,1,46.41549799999999,27.408891999999998
882489,AP26004395001301146204101434,1,45.894803,25.668940000000003
15539,DA26002288001103392804101434,2,46.164094,26.729946
6686,DC26004952000002525804101434,2,45.075551,24.34551
2011,DA26000141000003222504101434,2,44.191044,27.359591000000005
803963,AP26001285000600317304101434,1,45.904046,24.41967
853840,AP26001316000100751804101433,1,44.880799,28.582642000000003
766350,AP26001284001502424904101433,1,46.627964,25.286756
11681,DC26007222000012877104101433,2,44.622732000000006,23.941791
314249,DA26006090000102628004101433,2,46.669526,25.797463000000004
837829,AP26000240000304874404101433,1,47.02666,25.854525
871957,AP26035151000713191004101433,1,46.037634,26.897024
875312,AP26020104000907224304101432,1,45.507805,27.160443
774314,DC26006988000012727704101432,2,45.723973,21.282091
939,DC26007223000102689004101432,2,46.076991,25.691531
3489,DA26006643000203104404101432,2,46.65717,24.912387
26842,DC26013106000104672204101432,2,46.292050999999994,25.847326
824049,AP26033282000012242604101432,1,46.431777,27.530317
888746,AP26000110000301070204101432,1,45.04757,25.543055
523991,DA26027447000210324204101432,2,45.75393499999999,25.177818
6523,DC26004379000002484104101431,2,46.837572,27.457838
578021,DA26001771001212303104101431,2,46.77996099999999,24.737994
807267,AP26017894000008933404101431,1,45.885068,26.946840999999996
883345,AP26001683000004898204101431,1,44.187217,23.528367
850696,AP26001228000105040204101430,1,44.386561,25.137224
2527,DC26006632000502022804101430,2,43.804703,28.520418
25061,DC26007172000000932704101430,2,45.970093999999996,26.23832
872993,AP26000287000301114604101430,1,47.333858,26.107533
875312,AP26020104000907224304101429,1,45.507805,27.160443
446000,DA26018640000312876804101429,2,45.739427,23.992479
427828,DA26023540000008528304101429,2,45.237112,26.872753
39354,DC26012199000106967004101429,2,44.710314000000004,27.105608
852341,AP26002598000101423504101429,1,47.262741,22.913259
434709,DC26018302000006560804101429,2,46.401922,26.731123
878757,AP26000356000210265604101429,1,44.783912,25.299685
13874,DA26008104000612637304101429,2,46.358689,25.546988
865750,AP26001558000300579204101429,1,45.935712,25.472895000000005
858,DC26008373000007401804101428,2,46.746367,23.590752
723011,AP26000087000301193104101428,1,47.710558,25.685015000000003
851985,AP26001460000411161004101428,1,46.69119,24.770172
733124,DA26033177000012185304101428,2,44.670302,25.451667
12095,DA26003239000206520004101428,2,46.51453,25.15759
15,DA26002165003901129904101428,2,46.42689099999999,25.387269
883345,AP26001683000104898204101428,1,44.187217,23.528367
386664,DA26021363002907555404101428,2,46.984187,25.827484
723679,DA26032939000112082704101428,2,44.120977,26.580631
886895,AP26006829001407460904101428,1,45.782807,26.608402
3580,DC26000910000201989304101428,2,43.850476,25.425151
876463,AP26001501001801072304101428,1,46.630964,25.508815
871518,AP26000067000002607104101427,1,46.612052,27.047918
878543,AP26002305002913091704101427,1,46.125314,26.430075
1840,DC26000141000009241704101427,2,45.074187,24.345081
867241,AP26010103003003489804101427,1,46.415811999999995,25.662555
217358,DA26001065000008634604101427,2,47.113613,27.074024
21040,DA26006134000103795304101427,2,46.080143,27.058271
872994,AP26000287000509963304101427,1,47.375173999999994,26.20232
606631,AP26001557000101678604101427,1,45.237692,24.074744
820603,AP26000356000201111704101427,1,44.796434,25.305005
566589,DA26008592001203190404101426,2,44.928678,24.270287
862733,AP26004591000200363004101426,1,46.647266,26.440947000000005
887105,AP26000287000307065704101426,1,47.301137000000004,26.143818999999997
16492,DC26006988000002051204101426,2,44.602541,26.069586
878160,AP26001242000000099304101426,1,45.507098,27.159432
10,DC26006193000301046604101425,2,46.47665,26.240349999999996
884400,AP26029768001510280704101425,1,46.020023,26.474460000000004
700756,DC26032490000211682704101425,2,46.27563899999999,23.058409
31355,DA26013376000312739204101425,2,46.558255,25.130687000000005
867492,AP26001424000202720904101425,1,46.354021,25.582813
6274,DA26006225000100793604101425,2,47.225448,26.29288
391104,DC26001258000001259204101425,2,45.68121299999999,27.519486
4970,DA26007613000101005904101424,2,44.244596,26.042062
47716,DA26015528000006915404101424,2,44.709067,26.671851
12646,DC26006016000000743704101424,2,44.613581,23.935738
884068,AP26001439000501096104101424,1,46.548975000000006,25.383596999999998
712487,DA26000703000312237004101423,2,47.949909,26.854715
864338,AP26018953004906767804101423,1,44.246976,23.146858999999996
28113,DA26010253000102545004101423,2,44.986314,24.241873
3836,DC26006988000002049504101423,2,45.660705,25.548344
8960,DA26006843002503609704101423,2,46.73994,25.528499999999998
5056,DC26006382000007363104101423,2,46.58986000000001,24.620459999999998
578021,DA26001771000812303104101422,2,46.77996099999999,24.737994
805530,AP26016919000211180304101422,1,46.131474,26.875356999999997
51148,DC26001879000000824904101422,2,44.079659,24.528407
821095,AP26001144000200268204101422,1,44.848187,23.612946000000004
1438,DA26001970000207103404101422,2,46.95030599999999,23.894362
6987,DA26004423000405886504101422,2,45.812724,26.67577
693435,DC26006891000300869104101422,2,46.44085900000001,25.750965999999995
801183,DC26034191000112646804101422,2,45.03894,25.82894
757778,AP26005045000100488904101422,1,46.754728,26.374684
722386,DC26032887000012058304101421,2,46.28539,25.28947
41282,DA26015049000305354704101421,2,44.56205,27.508535
398115,DC26027197000411522604101421,2,46.23711,27.681186
808147,AP26000356000101111704101421,1,44.771245,25.302398
19443,DA26004200001000217904101421,2,46.420938,25.396872
24371,DA26010646000202928204101421,2,46.235426,25.454975
36970,DA26006410000205333704101420,2,46.43017,24.663439999999998
55710,DA26000651000100483504101420,2,44.96854,26.459417
2099,DC26008613000402956004101420,2,44.879931,24.136216
863790,AP26014795000105281704101420,1,44.323488,22.563948999999997
884400,AP26029768001810280704101420,1,46.020023,26.474460000000004
879009,AP26002689000204735304101420,1,47.376662,22.299436
1560,DC26008053000210259504101420,2,44.64730699999999,27.63736
